"INMATEID","ADMITTED_DT","DISCHARGED_DT","CUSTODY_LEVEL","BRADH","RACE","GENDER","AGE","INMATE_STATUS_CODE","SEALED","SRG_FLG","TOP_CHARGE","INFRACTION"
"166848","06/29/2026 11:19:50 AM",,"MIN","N","O","M","48","SSR","N","N",,"N"
"69092","07/07/2026 02:56:00 PM",,"MED","N","B","M","47","DE","N","N","110-125.25","N"
"20241669","11/18/2025 11:55:17 AM",,"MIN","N","W","M","48","CS","N","N",,"N"
"84253","04/15/2026 11:29:12 PM",,"MIN","N","B","M","50","DE","N","N","FOA 900.00","N"
"20039650","04/27/2026 11:59:49 PM",,"MAX","Y","B","M","33","CS","N","Y","120.60","N"
"20227443","01/14/2026 05:57:02 PM",,"MAX","N","B","M","30","DE","N","Y","265.03","Y"
"20179493","08/03/2023 05:05:18 PM",,"MED","Y","O","M","28","DE","N","N","125.25","Y"
"20248070","01/01/2026 05:01:26 PM",,"MIN","N","I","M","29","DE","N","N","265.03","N"
"20229798","07/13/2025 08:02:52 PM",,"MED","Y","B","M","29","DE","N","N","110-125.25","Y"
"20169071","08/10/2023 12:39:14 AM",,"MAX","Y","B","M","27","DE","N","Y","110-125.25","Y"
"20232432","07/05/2024 11:57:31 AM",,"MIN","Y","O","M","48","DE","N","N","120.10","N"
"20225436","06/24/2023 07:30:00 PM",,"MAX","N","B","M","24","DE","N","N","125.25","Y"
"20000681","05/03/2026 01:33:07 AM",,"MED","N","B","M","44","DE","N","N","FOA 900.00","Y"
"20200534","06/26/2025 08:34:52 PM",,"MAX","Y","B","M","29","DE","N","Y","125.25","Y"
"20200255","10/20/2025 08:26:47 PM",,"MIN","N","B","M","53","DE","N","N","155.30","N"
"20227751","09/13/2025 01:05:52 AM",,"MED","Y","B","M","33","DE","N","N","121.12","Y"
"20249166","03/18/2026 04:22:26 PM",,"MED","N","B","M","19","DE","N","Y","265.03","Y"
"20223524","04/30/2026 03:58:50 PM",,"MED","Y","B","M","24","DE","N","Y","105.17","Y"
"20165495","06/02/2026 01:40:24 AM",,"MIN","Y","O","M","31","DE","N","N","130.52","N"
"64318","02/19/2026 11:14:45 AM",,"MAX","Y","B","M","40","DE","N","Y","110-125.25","Y"
"20006345","06/01/2026 09:53:02 AM",,"MED","Y","B","M","48","DE","N","N","245.00","N"
"20120985","06/16/2026 09:17:51 PM",,"MED","N","B","M","30","DE","N","Y","265.03","N"
"80843","03/18/2026 09:01:52 PM",,"MIN","Y","B","M","64","CS","N","N",,"Y"
"20251444","06/26/2026 01:11:17 PM",,"MIN","Y","B","F","59","DE","N","N","140.30","N"
"20225764","02/13/2026 07:10:22 PM",,"MIN","N","O","M","24","CS","N","N","215.55","N"
"20226838","09/08/2023 05:23:50 PM",,"MED","N","B","M","49","DE","N","N","125.25","Y"
"20212044","04/08/2025 04:51:40 PM",,"MAX","N","B","M","27","DE","N","N","265.03","Y"
"19581","02/16/2026 05:36:55 PM",,"MED","N","B","M","38","DE","N","N","140.20","Y"
"20229928","07/15/2026 07:35:08 PM",,,"N","B","F","62","DE","N","N","120.00","N"
"62541","06/18/2026 05:31:00 PM",,"MIN","Y","B","F","53","DE","N","N","140.20","N"
"20201188","06/28/2025 03:38:20 PM",,"MAX","Y","B","M","26","DE","N","Y","125.25","Y"
"20201277","01/14/2026 12:48:41 AM",,"MED","Y","O","M","49","DE","N","N","140.20","N"
"20232359","07/01/2024 03:55:53 PM",,"MED","Y","W","F","43","DE","N","N","125.25","N"
"20233058","04/17/2026 11:22:26 AM",,"MAX","N","B","M","24","DE","N","Y","265.03","Y"
"20230424","06/12/2026 11:28:29 AM",,"MAX","Y","B","M","27","DE","N","N","160.15","Y"
"167800","04/15/2026 04:54:34 PM",,"MED","Y","O","M","46","CS","N","N","220.39","Y"
"20160229","04/25/2025 01:22:36 PM",,"MIN","N","O","M","50","DE","N","N","120.10","N"
"20251808","07/15/2026 11:59:58 PM",,,"N","A","M","40","DE","N","N","130.20","N"
"20057194","01/21/2026 04:15:26 PM",,"MED","Y","B","F","37","CS","N","N","120.00","Y"
"20007408","07/30/2025 12:43:00 PM",,"MIN","Y","O","M","53","DNS","N","N",,"N"
"135239","07/14/2026 05:13:03 PM",,"MAX","N","B","M","35","DEP","N","Y","VOP","N"
"20167884","11/25/2025 03:29:00 PM",,"MAX","Y","B","M","28","DEP","N","Y","110-120.08","Y"
"20225755","02/20/2025 04:50:15 PM",,"MED","Y","B","M","27","DE","N","N","215.50","Y"
"20245453","08/20/2025 03:28:19 AM",,"MIN","Y","B","M","56","DE","N","N","110-125.25","Y"
"20251298","06/19/2026 12:59:17 AM",,"MED","Y","W","F","35","DE","N","N","220.16","N"
"20232219","01/08/2026 12:32:24 PM",,"MIN","Y","B","M","21","CS","N","Y",,"Y"
"20228399","04/15/2026 02:00:26 PM",,"MED","N","B","M","32","CS","N","N",,"Y"
"20230285","09/16/2024 08:30:51 PM",,"MED","N","B","M","28","DE","N","N","140.25","Y"
"10001172","03/16/2024 01:03:30 PM",,"MED","N","O","M","48","DE","N","N","220.21","Y"
"20231942","06/12/2024 04:46:36 PM",,"MED","N","B","M","42","DPV","N","N",,"Y"
"20251703","07/10/2026 04:09:09 PM",,"MED","N","B","M","18","DE","N","Y","110-125.25","N"
"80811","06/23/2023 09:09:51 PM",,"MED","N","B","M","36","DE","N","Y","125.25","Y"
"89627","05/06/2026 05:19:38 PM",,"MIN","Y","B","M","37","CS","N","N","120.00","N"
"20011310","06/14/2026 04:07:00 PM",,"MAX","Y","B","M","37","DE","N","N","120.05","N"
"20251432","07/10/2026 09:34:24 AM",,"MED","N","W","M","57","DE","N","N","155.35","N"
"20227477","02/03/2026 12:03:29 AM",,"MIN","Y","O","M","38","DE","N","N","140.20","N"
"20084545","09/05/2025 11:50:01 AM",,"MIN","N","O","M","35","DE","N","N","155.40","N"
"20247968","12/24/2025 12:06:43 PM",,"MAX","Y","O","M","19","DE","N","Y","160.15","Y"
"10015979","06/19/2026 11:51:06 PM",,"MIN","Y","B","M","39","DPV","N","N","155.35","N"
"20220045","07/23/2025 05:02:07 PM",,"MIN","Y","O","M","31","DE","N","N","130.52","N"
"20163603","02/19/2026 12:42:10 PM",,"MIN","Y","B","F","37","DE","N","N","140.30","N"
"20251341","06/29/2026 09:12:45 AM",,"MIN","Y","O","M","25","DE","N","N","120.05","N"
"20221527","09/26/2024 11:05:00 PM",,"MIN","N","B","M","38","DE","N","Y","265.03","N"
"20095550","05/27/2026 03:41:30 PM",,"MED","N","B","M","34","CSP","N","Y","VOP","N"
"20232566","07/12/2024 12:35:12 AM",,"MIN","Y","O","M","58","DE","N","N","110-125.25","N"
"69217","05/08/2026 04:27:04 PM",,"MED","Y","O","M","63","DE","N","N","140.20","N"
"20170303","11/19/2025 07:39:00 PM",,"MAX","Y","O","M","28","DE","N","N","125.20","Y"
"10001396","07/19/2025 11:52:37 AM",,"MIN","N","B","M","35","DE","N","N","110-125.25","Y"
"20192406","06/23/2026 07:11:00 PM",,"MIN","Y","H","M","54","DE","N","N","120.05","N"
"94919","09/11/2024 05:40:40 PM",,"MED","N","B","M","35","DE","N","Y","125.25","Y"
"113141","03/31/2026 04:58:32 PM",,"MIN","N","W","M","63","DE","N","N","140.25","N"
"20157258","05/16/2026 04:41:23 AM",,"MIN","Y","W","F","50","DE","N","N","155.25","N"
"127188","07/10/2026 05:27:50 PM",,"MED","Y","W","M","38","DE","N","N","140.25","N"
"20136457","02/06/2026 09:12:00 PM",,"MAX","Y","O","M","28","DE","N","N","155.30","Y"
"20094730","04/15/2026 04:53:01 PM",,"MAX","N","B","M","31","DE","N","Y","140.25","N"
"20131717","04/23/2026 07:29:32 PM",,"MIN","Y","B","M","36","DE","N","N","160.15","Y"
"35623","06/25/2026 12:36:04 AM",,"MED","Y","B","M","41","DE","N","Y","160.05","N"
"20228351","02/20/2026 06:42:51 PM",,"MIN","N","B","M","20","DE","N","Y","110-160.15","Y"
"20225111","06/08/2023 03:30:29 PM",,"MED","N","B","M","22","DE","N","Y","125.25","Y"
"20239362","09/01/2025 09:03:43 PM",,"MIN","Y","B","M","63","DE","N","N","110-160.15H","N"
"14150","09/19/2025 04:33:43 PM",,"MIN","Y","O","M","47","DE","N","N","120.05","Y"
"20249730","04/04/2026 11:50:49 AM",,"MIN","N","A","M","32","DE","N","N","160.15","Y"
"20220570","08/23/2025 12:00:42 AM",,"MAX","Y","B","M","40","DE","N","N","120.05","Y"
"20075602","04/05/2026 01:21:54 PM",,"MAX","Y","B","M","34","DE","N","N","160.15","Y"
"20231858","06/03/2026 05:29:52 PM",,"MED","N","O","M","21","DE","N","Y","110-125.25","N"
"20177980","05/20/2026 11:41:52 AM",,"MED","N","O","M","47","DE","N","N","220.43","N"
"20225099","05/18/2026 11:20:15 AM",,"MED","Y","B","M","63","DE","N","N","130.96","N"
"20215437","06/25/2026 12:37:30 AM",,"MAX","N","O","M","27","DE","N","Y","265.03","N"
"121717","05/26/2026 04:41:47 PM",,"MED","N","B","M","35","CS","N","N","120.05","N"
"20231652","05/29/2024 04:50:00 PM",,"MED","N","B","M","25","DE","N","Y","125.25","Y"
"20242757","07/12/2026 08:59:29 PM",,"MIN","N","B","M","57","DE","N","N","VOP","N"
"20239997","11/18/2024 05:00:02 PM",,"MED","Y","W","M","26","DE","N","N","125.25","N"
"20212485","02/24/2026 03:03:51 PM",,"MED","N","O","M","28","DE","N","N","160.10","Y"
"52513","03/25/2026 12:35:20 PM",,"MIN","Y","B","M","57","DE","N","N","265.03","N"
"133911","02/20/2025 05:28:48 PM",,"MED","Y","B","M","64","DE","N","N","125.25","N"
"20137344","10/02/2025 12:55:14 PM",,"MIN","Y","B","M","36","DE","N","N","121.12","N"
"20002010","05/22/2026 05:23:15 PM",,"MAX","N","B","M","35","DE","N","N","130.35","N"
"10009771","06/13/2026 02:29:06 PM",,"MED","Y","O","M","41","DE","N","N","220.16","N"
"154921","05/08/2026 05:34:28 PM",,"MAX","N","B","M","41","DE","N","Y","110-125.25","N"
"20247210","06/01/2026 06:55:00 PM",,"MED","N","W","F","38","DE","N","N","120.00","N"
"20192277","03/15/2025 01:22:08 PM",,"MIN","N","O","M","39","SSR","N","N",,"N"
"20061744","06/22/2024 01:02:00 PM",,"MIN","Y","O","M","36","DE","N","N","110-120.10","Y"
"20090109","02/19/2026 12:29:34 PM",,"MIN","Y","B","M","49","DE","N","N","140.30","N"
"12933","02/01/2026 12:45:00 PM",,"MIN","Y","B","M","45","DNS","N","N",,"N"
"20233096","07/21/2025 08:26:11 PM",,"MIN","Y","O","M","36","DE","N","Y","265.03","N"
"20165128","03/29/2023 11:10:58 PM",,"MED","Y","O","M","30","DE","N","N","125.25","Y"
"20224146","04/18/2023 03:25:59 PM",,"MED","N","B","M","29","DE","N","N","125.25","Y"
"64694","04/06/2025 11:12:52 AM",,"MIN","Y","W","M","62","DE","N","N","220.03","Y"
"20040079","03/21/2025 12:38:35 PM",,"MIN","N","O","M","52","DE","N","N","220.43","Y"
"134600","07/11/2026 01:30:13 PM",,"MED","Y","B","M","37","DE","N","N","160.10","N"
"51981","12/26/2022 04:04:50 PM",,"MAX","Y","B","M","39","DE","N","Y","125.25","Y"
"20241661","05/19/2026 09:08:11 PM",,"MIN","Y","O","M","37","DE","N","N","140.20","Y"
"20247891","07/13/2026 01:07:12 PM",,"MAX","N","O","M","21","DE","N","N","105.10","N"
"20244006","06/10/2025 03:20:42 PM",,"MED","Y","O","M","53","DE","N","N","130.96","N"
"10006834","05/03/2026 05:40:39 PM",,"MAX","Y","B","M","34","DEP","N","N","110-125.25","N"
"20167282","10/05/2025 04:21:31 PM",,"MED","Y","B","M","42","DE","N","N","140.20","Y"
"20250817","05/26/2026 05:13:23 PM",,"MIN","N","B","M","32","DE","N","N","265.03","N"
"20250067","04/19/2026 12:48:09 AM",,"MIN","N","O","M","33","CS","N","N","120.10","Y"
"20189465","11/28/2025 08:18:22 PM",,"MAX","Y","B","M","29","DE","N","N","140.30","Y"
"20222824","01/20/2026 01:44:55 PM",,"MAX","Y","B","M","35","SSR","N","N","125.25","N"
"20246465","10/06/2025 02:47:49 PM",,"MED","Y","B","M","20","DE","N","N","110-125.25","Y"
"20199821","11/06/2025 02:26:07 PM",,"MAX","Y","B","M","27","DE","N","Y","220.16","Y"
"69578","03/01/2025 01:23:39 PM",,"MED","N","O","M","42","DE","N","N","125.25","N"
"20249846","04/09/2026 05:20:13 PM",,"MIN","N","H","M","38","DE","N","N","220.21","N"
"10015456","01/22/2026 03:33:28 PM",,"MAX","Y","B","M","33","DE","N","N","215.52","Y"
"20067840","06/23/2026 12:44:34 PM",,"MIN","Y","B","M","37","CS","N","N","145.00","Y"
"20036516","06/08/2026 02:57:49 PM",,"MIN","N","B","M","47","SSR","N","N",,"Y"
"20173977","02/04/2026 07:30:10 PM",,"MIN","N","B","M","58","CS","N","N",,"N"
"120799","01/23/2024 07:26:49 PM",,"MED","N","B","M","42","DE","N","Y","125.25","Y"
"25944","04/11/2026 02:27:20 AM",,"MIN","N","B","M","43","CS","N","Y",,"N"
"20171908","08/07/2024 04:04:11 PM",,"MAX","Y","O","M","29","DE","N","Y","125.25","Y"
"20904","03/01/2026 05:38:00 PM",,"MIN","N","W","M","58","DE","N","N","165.45","N"
"20248622","02/02/2026 01:33:05 PM",,"MED","N","B","M","22","DE","N","N","160.10","N"
"20215269","06/07/2026 08:58:25 PM",,"MAX","Y","O","M","24","DEP","N","Y","265.03","Y"
"20251000","06/03/2026 11:48:32 PM",,"MED","Y","O","F","30","DE","N","N","160.10","Y"
"20243480","05/15/2025 09:51:06 PM",,"MAX","Y","O","M","23","DE","N","Y","110-125.25","Y"
"20204413","12/12/2024 03:23:23 PM",,"MAX","Y","B","M","24","DE","N","Y","110-120.10","Y"
"20215819","09/12/2025 04:13:09 PM",,"MAX","Y","B","M","23","DE","N","Y","125.25","Y"
"20243577","05/20/2025 12:08:35 PM",,"MAX","Y","O","M","22","DE","N","N","110-125.25","Y"
"20151502","01/14/2026 12:59:13 AM",,"MAX","Y","B","M","29","DE","N","Y","160.15","Y"
"15739","08/26/2025 01:04:18 PM",,"MIN","Y","W","M","41","DE","N","N","120.05","N"
"20104739","12/13/2025 08:46:25 PM",,"MIN","Y","O","M","44","DE","N","N","140.20","Y"
"20238659","04/05/2025 12:29:16 AM",,"MAX","Y","B","F","39","DE","N","N","120.05","Y"
"20043510","11/29/2022 08:40:00 PM",,"MED","N","B","M","50","DE","N","N","125.25","Y"
"20195252","05/22/2026 10:02:53 AM",,"MAX","Y","B","M","24","DE","N","Y","105.17","N"
"20250380","05/05/2026 04:45:56 PM",,"MAX","Y","B","M","18","DE","N","N","160.15","Y"
"20246700","10/17/2025 03:10:52 PM",,"MED","N","O","M","24","DNS","N","N",,"N"
"20205507","04/09/2026 12:50:52 PM",,"MAX","Y","B","M","28","DNS","N","N",,"Y"
"20139484","01/09/2026 08:17:00 PM",,"MAX","Y","B","M","42","DEP","N","N","160.10","Y"
"20179976","05/23/2026 04:35:30 PM",,"MED","Y","B","M","26","DE","N","N","120.05","N"
"141931","10/31/2024 11:45:24 AM",,"MED","Y","B","M","41","DE","N","N","130.53","N"
"104513","02/07/2025 02:14:23 AM",,"MAX","Y","O","M","36","DE","N","N","125.25","Y"
"20250734","05/20/2026 09:04:02 PM",,"MIN","N","O","M","26","DE","N","N","220.21","N"
"20143785","05/11/2024 06:40:19 PM",,"MAX","Y","O","M","35","DNS","N","N",,"Y"
"136017","11/28/2025 11:33:07 AM",,"MAX","Y","B","M","35","DEP","N","N","121.12","Y"
"20248636","07/15/2026 11:39:00 AM",,,"N","A","M","35","DNS","N","N",,"N"
"118048","05/13/2026 11:05:35 AM",,"MIN","Y","B","M","42","DE","N","N","140.20","N"
"87944","04/22/2026 07:09:00 PM",,"MIN","Y","O","M","46","DE","N","Y","140.20","N"
"10005163","05/14/2026 11:54:03 AM",,"MAX","N","B","M","35","DE","N","N","140.30","N"
"20240622","12/19/2024 04:29:15 PM",,"MED","N","O","M","20","DE","N","N","125.25","Y"
"20247341","11/19/2025 05:02:30 PM",,"MAX","N","A","M","19","DE","N","Y","105.15","Y"
"20076171","06/11/2026 11:11:53 PM",,"MIN","Y","B","M","32","DE","N","N","120.05","Y"
"20250656","05/17/2026 01:18:50 AM",,"MIN","N","B","M","44","DE","N","N","265.03","N"
"20250023","04/17/2026 01:33:57 AM",,"MAX","Y","O","F","37","DE","N","N","160.15","Y"
"20244004","06/10/2025 12:16:00 PM",,"MIN","Y","B","M","55","DE","N","N","150.15","Y"
"20163258","12/01/2025 06:12:59 PM",,"MIN","Y","O","M","42","DE","N","N","120.05","N"
"20243612","06/18/2026 12:07:57 AM",,"MED","N","O","M","37","DE","N","N","140.25","N"
"94753","05/21/2026 05:23:00 PM",,"MAX","Y","B","M","37","DEP","N","N","140.25","N"
"20167869","04/03/2026 04:13:41 PM",,"MED","N","B","M","32","CS","N","N",,"N"
"162189","12/23/2021 06:01:06 PM",,"MED","Y","A","M","45","DE","N","N","125.25","Y"
"20231193","07/15/2026 05:33:00 PM",,,"N","O","M","26","DE","N","N","120.05","N"
"20015676","05/19/2026 04:38:43 PM",,"MAX","N","B","M","33","DE","N","Y","140.20","Y"
"20251291","06/18/2026 04:58:35 PM",,"MED","Y","B","M","21","DE","N","N","FOA 900.00","N"
"43382","05/20/2026 01:27:00 AM",,"MIN","Y","B","M","59","DE","N","N","160.05","N"
"20110404","02/24/2026 12:17:22 PM",,"MAX","Y","I","M","35","DE","N","N","140.30","N"
"20161318","04/22/2025 04:47:49 PM",,"MED","Y","O","M","31","DE","N","N","120.10","Y"
"20250991","06/03/2026 05:11:04 PM",,"MIN","N","W","M","40","DE","N","N","105.10","N"
"20058354","05/23/2025 11:11:02 PM",,"MED","Y","O","M","31","DE","N","N","110-125.25","Y"
"20224015","04/09/2023 11:20:00 PM",,"MED","Y","B","M","26","DE","N","N","130.35","N"
"20191630","06/14/2026 11:20:25 PM",,"MAX","Y","O","M","37","DE","N","N","120.05","N"
"20226247","06/04/2026 11:47:57 PM",,"MED","N","B","F","37","DE","N","N","265.01","N"
"20233187","08/11/2024 11:29:25 AM",,"MED","Y","B","M","40","DE","N","N","130.35","N"
"20210382","12/17/2025 06:38:00 PM",,"MAX","Y","O","F","38","DE","N","N","160.10","Y"
"12761","06/16/2026 11:22:32 PM",,"MED","Y","B","M","59","DE","N","N","155.30","N"
"20109513","02/18/2026 11:49:17 PM",,"MIN","Y","O","M","52","DE","N","N","110-125.25","N"
"20239043","09/30/2024 05:50:00 PM",,"MED","Y","B","M","41","DE","N","N","230.34","Y"
"20216360","11/11/2021 11:13:00 PM",,"MAX","Y","B","M","24","DE","N","N","130.95","Y"
"20117184","02/08/2026 12:37:00 PM",,"MED","N","O","M","46","CS","N","N","155.25","N"
"20214284","06/30/2026 02:21:58 PM",,"MED","N","B","M","45","DNS","N","Y","110-265.03","N"
"149039","08/24/2025 01:16:57 AM",,"MED","N","B","M","36","DE","N","Y","105.15","Y"
"111459","04/26/2026 12:03:00 PM",,"MIN","Y","O","M","64","DE","N","N","140.20","N"
"20249615","03/28/2026 12:15:36 AM",,"MED","N","B","M","20","DE","N","Y","110-125.25","Y"
"20198004","01/31/2025 02:20:54 PM",,"MAX","Y","O","M","25","DE","N","N","130.96","Y"
"20251516","06/30/2026 08:11:15 PM",,"MED","N","O","M","24","DE","N","N","160.15","N"
"20214000","05/09/2021 10:05:50 PM",,"MED","Y","A","M","39","DE","N","N","125.25","Y"
"20011958","04/07/2026 05:05:15 PM",,"MIN","Y","B","M","38","DE","N","N","121.12","Y"
"20244139","06/17/2025 11:47:04 AM",,"MED","Y","O","M","21","DE","N","N","125.25","N"
"20240023","02/10/2026 05:08:28 PM",,"MIN","N","O","M","25","CS","N","N","160.10","Y"
"20172620","05/20/2025 11:44:08 PM",,"MAX","Y","B","M","38","DE","N","N","110-125.25","Y"
"20095625","07/03/2023 08:42:00 PM",,"MED","Y","B","M","42","DE","N","N","125.25","Y"
"20227193","09/28/2023 05:32:40 PM",,"MAX","Y","O","M","26","DE","N","Y","125.25","Y"
"20096201","02/07/2026 08:53:06 PM",,"MIN","Y","B","M","30","DE","N","N","160.15","N"
"20247115","11/08/2025 04:39:47 PM",,"MAX","N","O","M","24","DE","N","Y","110-125.25","Y"
"20250031","04/17/2026 04:41:19 PM",,"MED","Y","B","M","20","DE","N","Y","110-125.25","Y"
"46052","11/21/2025 04:30:34 PM",,"MIN","N","B","M","52","DE","N","N","110-125.25","N"
"4955","07/13/2026 12:56:17 AM",,"MIN","Y","B","M","51","DE","N","N","120.00","N"
"20088227","02/19/2026 12:05:37 AM",,"MED","Y","O","M","31","DEP","N","Y","265.03","Y"
"20108477","11/05/2020 10:58:00 PM",,"MAX","Y","B","M","30","DNS","N","Y",,"Y"
"20104352","06/29/2026 11:20:26 AM",,"MED","N","B","M","34","DE","N","N","220.16","N"
"20041573","05/23/2026 01:52:54 AM",,"MAX","Y","O","M","35","DE","N","N","215.52","Y"
"20249590","03/26/2026 04:22:24 PM",,"MIN","N","O","M","36","DE","N","N","220.43","Y"
"75763","07/11/2026 11:23:38 AM",,"MIN","N","B","M","38","DE","N","N","110-125.25","N"
"20200207","07/25/2025 06:46:24 PM",,"MAX","N","O","M","27","DE","N","Y","265.03","Y"
"20225820","03/14/2026 01:36:07 AM",,"MED","Y","B","M","33","DE","N","N","140.20","Y"
"20125872","02/08/2026 05:02:41 PM",,"MED","N","B","M","32","DE","N","N","220.16","Y"
"20249373","03/15/2026 12:56:25 PM",,"MIN","N","O","M","21","CS","N","N","155.35","Y"
"20242602","04/04/2025 07:48:29 PM",,"MED","N","O","M","32","DE","N","N","220.21","Y"
"20151644","03/27/2026 04:20:07 PM",,"MED","Y","B","M","54","CS","N","N",,"Y"
"20115676","07/15/2026 09:22:53 PM",,,"N","W","F","43","DE","N","N","120.00","N"
"10000614","01/19/2022 11:18:00 PM",,"MED","Y","B","M","45","DE","N","N","125.25","Y"
"20248962","02/22/2026 12:35:55 PM",,"MIN","Y","O","F","34","DE","N","N","110-120.10","N"
"20248767","02/11/2026 05:10:54 PM",,"MED","N","B","M","31","DE","N","N","130.80","N"
"20218699","05/10/2026 01:29:50 AM",,"MED","Y","B","M","24","DE","N","Y","220.16","N"
"20087246","05/27/2026 01:51:55 AM",,"MED","Y","B","M","48","DE","N","Y","155.25","N"
"20012628","07/15/2026 01:38:31 PM",,"MED","N","O","M","43","DPV","N","N",,"N"
"20249261","03/10/2026 08:37:39 PM",,"MAX","Y","B","M","18","DE","N","Y","110-125.25","Y"
"20251407","06/24/2026 11:40:02 PM",,"MIN","Y","O","M","34","DE","N","N","120.00","N"
"20243317","05/19/2026 01:05:53 PM",,"MIN","Y","O","M","34","CS","N","N",,"N"
"155288","10/16/2025 12:29:46 PM",,"MED","Y","B","F","42","DE","N","N","215.51","Y"
"43466","04/12/2026 12:43:39 AM",,"MIN","N","O","M","55","CS","N","N","140.20","N"
"20243072","04/28/2025 03:32:24 PM",,"MED","N","B","M","45","DE","N","N","125.25","N"
"20248287","01/14/2026 05:27:42 PM",,"MIN","N","O","M","65","DE","N","N","105.10","Y"
"20250405","05/06/2026 06:22:26 PM",,"MED","Y","B","M","19","DE","N","Y","105.15","N"
"20202201","06/16/2026 01:52:27 PM",,"MAX","Y","O","F","27","DE","N","N","110-120.10","N"
"20240515","12/13/2024 09:40:53 PM",,"MED","Y","W","M","44","DE","N","N","125.25","N"
"69788","04/18/2026 03:53:00 PM",,"MIN","Y","A","F","39","DE","N","N","140.25","Y"
"20231816","06/06/2024 07:46:00 PM",,"MIN","N","B","M","53","DE","N","N","110-125.25","N"
"20248991","02/25/2026 10:59:00 AM",,"MED","N","B","M","21","DE","N","N","265.03","Y"
"20155162","05/25/2025 12:57:20 PM",,"MIN","Y","O","M","30","DE","N","N","110-125.25","N"
"50066","02/19/2026 03:31:10 PM",,"MAX","Y","O","M","44","DE","N","N","125.25","N"
"99744","06/22/2026 06:06:21 PM",,"MIN","N","B","M","39","CS","N","N",,"N"
"20251784","07/15/2026 12:37:42 AM",,"MIN","N","B","M","23","DE","N","N","110-120.07","N"
"20246979","06/11/2026 07:56:25 PM",,"MIN","Y","O","M","41","DE","N","N","140.25","N"
"137966","02/12/2023 09:43:21 PM",,"MED","Y","B","M","55","DE","N","Y","125.27","Y"
"20251681","07/09/2026 03:05:48 PM",,"MED","Y","B","M","20","DE","N","N","125.25","N"
"20250236","04/28/2026 01:18:15 PM",,"MIN","Y","M","M","33","DE","N","N","155.35","N"
"138232","11/23/2025 08:30:00 PM",,"MAX","Y","B","F","39","DE","N","N","160.15","Y"
"47969","04/09/2026 03:52:47 PM",,"MIN","N","A","M","57","DE","N","N","160.15","Y"
"20195990","07/12/2026 08:30:40 PM",,"MAX","N","O","M","27","DE","N","N","110-215.40","N"
"20223698","04/24/2026 03:07:27 PM",,"MAX","Y","B","M","23","DE","N","Y","120.05","Y"
"137723","02/22/2025 07:44:34 PM",,"MED","N","B","M","38","DE","N","N","120.05","Y"
"20217658","07/15/2026 03:37:00 PM",,"MIN","N","B","M","22","DE","N","N","215.50","N"
"20251016","06/04/2026 01:26:23 PM",,"MED","N","B","M","22","DE","N","Y","140.25","N"
"20221275","10/02/2025 12:48:26 AM",,"MAX","Y","B","M","36","DE","N","N","155.42","Y"
"20216739","07/07/2026 03:05:00 PM",,"MAX","Y","B","F","24","DE","N","N","140.25","N"
"45312","08/27/2025 02:49:22 PM",,"MAX","Y","B","M","49","DE","N","N","120.05","Y"
"20248813","02/13/2026 09:51:13 PM",,"MAX","Y","B","M","27","DE","N","N","140.30","Y"
"20232436","07/05/2024 01:00:19 PM",,"MED","N","B","M","35","DE","N","N","125.25","Y"
"20249858","04/10/2026 12:36:41 AM",,"MIN","N","O","M","49","DE","N","N","220.21","N"
"20224732","05/18/2023 12:40:00 AM",,"MED","Y","B","M","37","DE","N","N","125.25","Y"
"20135633","05/12/2026 09:09:02 PM",,"MED","Y","B","M","50","DE","N","N","120.00","N"
"20113220","07/06/2026 11:56:11 PM",,"MIN","N","W","F","45","DE","N","N","140.20","N"
"162572","05/18/2026 08:36:22 PM",,"MAX","Y","W","M","35","DE","N","N","160.10","N"
"20212347","06/25/2024 09:29:26 PM",,"MAX","Y","B","M","26","DE","N","N","125.25","Y"
"20248365","01/18/2026 01:27:16 AM",,"MIN","Y","O","M","26","DE","N","N","110-120.10","N"
"20247970","12/24/2025 12:27:35 PM",,"MED","Y","B","M","38","DE","N","N","130.35","N"
"20211018","04/26/2024 06:33:14 PM",,"MAX","Y","B","M","29","DE","N","Y","125.25","Y"
"20244630","07/10/2025 07:08:27 PM",,"MED","N","U","M","24","DE","N","N","230.34","Y"
"99356","02/25/2026 02:02:24 PM",,"MIN","N","B","M","61","DE","N","N","120.10","N"
"20217535","07/09/2023 12:26:23 PM",,"MAX","Y","O","M","23","DE","N","N","160.15","Y"
"158595","02/22/2026 07:25:36 PM",,"MIN","N","B","M","37","CS","N","N",,"N"
"20244254","06/22/2025 05:33:28 PM",,"MAX","Y","O","M","26","DE","N","N","110-125.25","Y"
"20247398","06/30/2026 03:20:01 PM",,"MED","Y","B","M","20","DE","N","Y","110-125.27","N"
"114312","11/04/2025 01:19:50 AM",,"MIN","N","O","M","41","DE","N","N","160.15","N"
"20233060","02/06/2025 01:08:35 AM",,"MED","Y","A","M","37","DE","N","N","140.25","Y"
"20228873","11/14/2025 01:58:26 PM",,"MIN","Y","O","M","43","DNS","N","N",,"Y"
"20013804","01/06/2026 11:19:07 PM",,"MED","Y","B","M","36","DEP","N","N","220.39","N"
"20231192","11/23/2025 02:19:44 PM",,"MED","Y","O","M","54","DNS","N","N",,"N"
"20231961","06/17/2026 11:27:09 AM",,"MIN","N","B","M","32","CS","N","N","265.01B","N"
"20052880","07/15/2026 09:09:15 PM",,,"N","B","F","37","DE","N","N","120.05","N"
"20173455","03/14/2024 09:23:41 PM",,"MIN","N","O","M","45","DE","N","N","220.21","N"
"20247956","12/23/2025 03:43:39 PM",,"MIN","Y","B","M","35","CS","N","N","120.00","N"
"20003224","04/17/2026 09:27:44 PM",,"MED","Y","B","M","37","DEP","N","N","VOP","N"
"96460","12/01/2025 12:26:58 PM",,"MED","N","B","M","37","DE","N","N","121.12","N"
"20242498","03/10/2026 11:08:17 AM",,"MED","Y","O","M","41","DE","N","N","120.05","Y"
"20229843","03/30/2026 05:14:25 PM",,"MIN","N","A","M","32","CS","N","N",,"N"
"20167745","03/27/2026 01:32:04 AM",,"MAX","Y","W","M","38","DE","N","N","160.15","Y"
"20242473","03/26/2026 05:15:43 PM",,"MIN","N","O","M","24","CS","N","N","110-265.03","N"
"20132752","04/21/2026 12:40:51 PM",,"MAX","Y","B","M","34","DE","N","N","160.15","N"
"20240765","05/12/2026 05:20:51 PM",,"MED","N","A","M","41","DE","N","N","110-120.10","Y"
"20033874","08/28/2025 06:06:57 PM",,"MIN","N","B","M","42","DE","N","N","110-125.25","N"
"15689","08/14/2025 12:36:27 PM",,"MAX","Y","O","M","42","DE","N","N","160.15","N"
"36477","06/01/2026 02:03:23 PM",,"MIN","Y","B","F","51","DE","N","N","140.25","N"
"20224053","08/08/2025 04:35:43 PM",,"MIN","Y","B","M","37","CS","N","N",,"N"
"20249028","02/26/2026 08:58:00 PM",,"MAX","Y","B","M","38","DE","N","N","120.18","Y"
"20217796","03/12/2022 12:34:21 AM",,"MAX","Y","B","M","32","DE","N","N","125.25","Y"
"20215353","02/18/2026 10:22:22 AM",,"MIN","N","A","M","40","DE","N","N","265.03","N"
"20095302","10/12/2025 07:41:05 PM",,"MAX","Y","B","M","34","DE","N","N","160.05","Y"
"20207623","05/04/2026 03:18:14 PM",,"MIN","Y","W","F","37","DE","N","N","155.35","N"
"20056248","03/06/2025 12:24:49 AM",,"MAX","Y","B","M","31","SSR","N","Y",,"Y"
"20212306","08/21/2023 05:27:42 PM",,"MAX","Y","B","M","24","DE","N","Y","125.25","Y"
"146829","07/13/2026 01:08:49 AM",,"MED","N","B","M","63","DE","N","N","110-125.25","N"
"100729","04/21/2026 06:41:52 PM",,"MAX","Y","B","M","64","DE","N","N","160.15","N"
"26126","06/18/2026 06:20:39 PM",,"MAX","Y","B","M","42","DE","N","N","140.20","N"
"142668","05/01/2026 12:02:05 AM",,"MIN","N","B","M","55","DE","N","N","140.30","N"
"20216801","12/23/2025 11:00:51 AM",,"MED","Y","B","M","38","DE","N","N","110-130.25","Y"
"20152785","02/11/2025 05:52:16 PM",,"MED","Y","O","M","38","DE","N","N","130.35","Y"
"10009127","07/12/2026 05:05:00 PM",,"MIN","N","B","M","46","DE","N","N","110-125.25","N"
"20250030","04/17/2026 04:07:57 PM",,"MIN","N","O","M","32","DE","N","N","110-125.25","N"
"20231572","10/05/2024 01:12:49 AM",,"MED","Y","O","M","32","DE","N","N","160.10","Y"
"20249725","05/09/2026 04:08:44 PM",,"MIN","Y","A","M","48","DE","N","N","120.10","N"
"141752","01/27/2026 12:11:07 PM",,"MIN","N","W","M","38","DE","N","N","160.05","N"
"20240774","06/26/2026 11:15:09 PM",,"MAX","Y","B","M","22","DE","N","Y","120.07","N"
"10010649","08/05/2024 04:47:00 PM",,"MIN","N","B","M","58","DE","N","N","140.30","N"
"99655","11/09/2025 08:56:10 PM",,"MIN","N","B","M","58","DE","N","N","265.03","N"
"43076","06/02/2026 12:02:04 PM",,"MED","Y","B","M","67","DE","N","N","160.10","N"
"20245673","08/29/2025 12:41:12 AM",,"MIN","Y","B","M","41","DE","N","N","215.56","N"
"20251638","07/06/2026 11:30:46 PM",,"MED","N","B","F","27","DE","N","N","125.25","N"
"41571","07/22/2025 10:02:47 AM",,"MAX","Y","W","M","40","DE","N","N","110-120.10","Y"
"20238950","04/29/2026 12:42:07 PM",,"MIN","N","O","M","20","DE","N","N","120.10","N"
"20248938","02/21/2026 12:23:43 PM",,"MIN","Y","B","M","36","DE","N","N","265.03","N"
"20210012","02/04/2025 12:23:53 AM",,"MIN","Y","B","M","71","DEP","N","N","265.03","Y"
"39842","04/17/2026 12:11:51 PM",,"MIN","Y","O","M","38","CS","N","N","140.20","Y"
"20075282","06/05/2026 11:57:00 PM",,"MED","N","B","M","44","DE","N","N","120.05","N"
"10009834","03/17/2026 12:20:02 AM",,"MED","Y","B","M","36","DE","N","Y","155.30","Y"
"20204388","04/17/2026 07:19:08 PM",,"MAX","Y","B","M","28","DE","N","Y","120.05","Y"
"20214140","01/21/2025 04:09:12 PM",,"MED","Y","B","M","25","DE","N","N","130.75","Y"
"10003260","09/10/2021 08:45:30 AM",,"MED","N","A","M","43","DNS","N","Y",,"Y"
"24437","02/26/2026 11:40:57 AM",,"MED","Y","O","F","42","DE","N","N","110-160.15","N"
"20251304","06/19/2026 01:42:56 PM",,"MED","Y","W","M","21","DE","N","Y","110-125.25","N"
"20251577","07/03/2026 09:42:03 PM",,"MED","N",,,"27","DE","N","N","110-125.25","N"
"20243274","05/08/2025 01:14:47 AM",,"MAX","Y","B","M","23","DE","N","Y","110-125.25","Y"
"20086060","02/24/2026 10:26:42 PM",,"MED","Y","B","F","34","DE","N","N","140.25","N"
"20223425","03/07/2023 03:34:53 PM",,"MED","Y","B","M","28","DE","N","N","125.25","Y"
"20031764","12/09/2025 09:26:05 PM",,"MAX","Y","B","F","49","DE","N","N","110-120.10","N"
"20151278","04/25/2026 12:50:41 PM",,"MED","Y","B","M","32","DE","N","N","125.25","N"
"20228796","10/07/2025 11:46:40 AM",,"MAX","Y","B","M","27","DE","N","N","110-125.25","Y"
"20221523","04/12/2026 02:22:00 PM",,"MIN","Y","W","M","35","DE","N","N","120.10","N"
"20222081","10/07/2025 01:24:54 PM",,"MED","Y","B","M","25","DE","N","N","125.27","N"
"20098231","02/03/2026 12:09:51 PM",,"MAX","Y","B","M","29","DE","N","Y","110-120.07","Y"
"20221046","04/30/2026 07:16:11 PM",,"MED","Y","O","M","30","DE","N","N","110-120.10","N"
"20181122","03/14/2025 06:50:00 PM",,"MAX","N","B","M","25","DE","N","Y","140.30","Y"
"20233262","08/14/2024 05:00:38 PM",,"MAX","Y","B","M","23","DE","N","Y","125.25","Y"
"20230275","03/20/2024 03:30:42 PM",,"MAX","Y","B","M","27","DE","N","Y","125.21","Y"
"133224","09/06/2023 04:13:00 PM",,"MED","Y","B","M","42","DE","N","N","125.25","Y"
"11239","04/26/2026 04:52:58 PM",,"MED","Y","O","M","44","DE","N","N","110-125.25","N"
"20240181","11/27/2024 11:55:03 AM",,"MED","Y","W","F","44","DE","N","N","125.27","Y"
"159602","01/20/2026 01:33:05 PM",,"MED","Y","O","M","58","DE","N","N","140.25","N"
"20221818","10/16/2024 07:56:53 PM",,"MAX","Y","B","M","22","DE","N","Y","160.15","Y"
"20104395","02/18/2025 12:41:10 AM",,"MED","Y","O","M","49","DE","N","N","120.05","Y"
"20068827","04/19/2026 05:02:07 PM",,"MIN","N","W","M","34","CS","N","N","155.25","N"
"20243521","05/17/2025 12:38:09 PM",,"MED","Y","O","M","24","DE","N","Y","160.15","Y"
"20247780","12/12/2025 08:39:33 PM",,"MED","N","B","M","19","DE","N","Y","160.15","Y"
"20251752","07/12/2026 08:01:33 PM",,"MIN","Y","B","M","36","DE","N","N","140.25","N"
"20249094","03/02/2026 01:55:41 AM",,"MIN","N","B","M","29","DE","N","N","110-160.10","Y"
"20238216","07/06/2026 02:00:36 AM",,"MED","Y","B","M","21","DE","N","N","160.10","N"
"20250886","06/26/2026 12:32:33 PM",,"MAX","Y","B","M","19","DE","N","Y","110-125.25","N"
"20149073","05/24/2026 08:57:01 PM",,"MAX","Y","O","M","31","DE","N","Y","120.05","Y"
"20022409","05/04/2026 02:44:04 PM",,"MIN","Y","O","M","49","DE","N","N","240.75","N"
"20201598","06/14/2025 12:55:04 AM",,"MED","N","B","M","38","DE","N","N","265.03","Y"
"20251211","06/13/2026 07:39:40 PM",,"MIN","Y","O","M","33","DE","N","N","120.05","N"
"20247231","07/01/2026 12:26:37 PM",,"MIN","Y","W","F","40","DE","N","N","140.20","N"
"20139853","05/21/2026 03:47:03 PM",,"MED","Y","O","M","35","SSR","N","N",,"N"
"20251641","07/07/2026 12:50:50 PM",,"MED","Y","B","M","29","DE","N","N","130.25","N"
"20222816","06/05/2025 02:26:11 PM",,"MED","Y","B","M","21","CS","N","Y","110-125.25","Y"
"10000772","06/16/2026 05:04:08 PM",,"MED","N","B","M","38","DE","N","N","120.05","N"
"20246730","10/19/2025 12:34:00 AM",,"MED","Y","O","M","26","DE","N","N","130.65","Y"
"20218723","03/02/2026 12:00:54 PM",,"MIN","Y","B","M","55","DE","N","N","160.15","N"
"20218779","08/25/2025 01:10:41 PM",,"MAX","Y","B","M","22","DE","N","Y","265.03","Y"
"136644","06/03/2026 04:48:26 PM",,"MIN","Y","O","M","46","DE","N","N","140.20","N"
"20024579","06/12/2026 03:44:00 PM",,"MED","N","W","M","40","DE","N","N","155.30","N"
"20087817","06/01/2025 06:48:16 PM",,"MAX","Y","O","M","31","SSR","N","Y","160.05","Y"
"20217649","06/11/2026 04:27:45 PM",,"MED","Y","A","M","49","DE","N","N","265.04","N"
"20251795","07/15/2026 02:53:18 PM",,,"N","O","F","62","DE","N","N","155.25","N"
"26068","01/08/2026 02:57:00 PM",,"MIN","Y","B","M","38","CS","N","N","265.01B","Y"
"20244321","06/25/2025 09:03:48 PM",,"MIN","Y","O","M","47","DE","N","N","220.21","Y"
"20250267","04/29/2026 08:40:00 PM",,"MIN","Y","B","M","48","DE","N","N","160.10","Y"
"20216833","09/12/2025 12:27:21 PM",,"MAX","Y","B","M","27","DE","N","N","160.10","Y"
"20248134","07/04/2026 12:55:50 AM",,"MED","N","O","M","22","DE","N","N","140.25","N"
"20250258","04/29/2026 06:43:14 PM",,"MIN","N","B","M","25","DE","N","N","110-125.25","N"
"20227821","11/03/2023 01:32:08 PM",,"MIN","Y","B","M","30","DE","N","N","265.13","N"
"20239951","11/16/2024 12:17:00 AM",,"MAX","Y","O","M","20","DE","N","Y","160.15","Y"
"20233239","08/13/2024 11:16:20 PM",,"MAX","N","B","M","21","DE","N","Y","125.25","Y"
"20224866","03/14/2026 08:25:49 PM",,"MAX","N","B","M","31","DE","N","N","220.41","Y"
"20246893","10/27/2025 08:14:18 PM",,"MAX","N","U","M","20","DE","N","Y","125.25","Y"
"20209155","07/06/2026 03:00:59 AM",,"MIN","Y","B","M","39","DE","N","N","215.55","N"
"20115276","08/02/2025 04:42:32 PM",,"MAX","Y","O","M","32","DE","N","Y","160.10","Y"
"20202159","01/23/2026 01:26:54 AM",,"MAX","N","B","M","32","DE","N","N","110-120.10","N"
"10000105","05/16/2026 12:45:31 AM",,"MED","Y","W","M","47","DE","N","N","140.25","N"
"20249274","03/11/2026 02:54:37 PM",,"MIN","Y","A","M","35","DE","N","N","110-125.25","Y"
"20247390","01/22/2026 12:28:46 AM",,"MIN","N","B","M","20","DE","N","N","160.15","N"
"20070336","05/15/2026 03:47:58 PM",,"MAX","Y","O","M","39","DE","N","N","110-125.25","N"
"77124","02/20/2026 02:38:00 PM",,"MED","Y","B","M","56","DE","N","N","110-125.25","N"
"10007166","05/14/2025 04:54:46 PM",,"MED","Y","B","M","37","DE","N","N","125.25","Y"
"20241849","07/01/2026 11:16:42 AM",,"MIN","Y","O","M","29","DE","N","N","125.15","N"
"20015128","09/13/2025 10:53:44 AM",,"MED","Y","B","F","38","DE","N","N","160.10","N"
"20206550","01/15/2025 02:52:45 PM",,"MAX","Y","B","M","25","DE","N","Y","265.03","Y"
"20251499","06/29/2026 11:24:59 PM",,"MIN","Y","W","M","35","DE","N","N","FOA 900.00","N"
"20239360","05/26/2026 11:12:59 AM",,"MED","N","O","M","46","DE","N","N","155.25","N"
"20208438","03/16/2026 11:30:02 AM",,"MIN","Y","W","M","50","DE","N","N","140.25","N"
"20045427","05/24/2026 08:00:57 PM",,"MIN","Y","B","M","35","DE","N","N","265.03","N"
"20230037","03/07/2024 09:51:51 PM",,"MED","Y","B","M","43","DE","N","N","125.25","Y"
"29059","07/16/2026 12:56:41 AM",,,"N","B","M","44","DE","N","N","160.10","N"
"20199434","06/21/2026 05:02:50 PM",,"MAX","N","B","M","25","DE","N","Y","130.35","N"
"20120370","02/25/2026 12:10:44 PM",,"MAX","Y","B","M","29","DE","N","Y","125.25","Y"
"20184480","05/20/2026 12:18:51 PM",,"MIN","N","O","M","51","DE","N","N","110-265.02","N"
"20242793","04/15/2025 04:40:19 PM",,"MED","N","O","M","23","DE","N","N","125.25","Y"
"20017920","07/16/2026 12:09:26 AM",,"MIN","N","O","M","38","DE","N","N","220.21","N"
"159530","08/16/2024 09:41:39 PM",,"MAX","Y","B","M","48","DE","N","N","265.03","Y"
"105712","07/15/2026 01:04:00 AM",,"MED","N","O","M","44","DE","N","N","130.30","N"
"113756","05/11/2026 02:32:43 PM",,"MED","Y","B","M","35","DE","N","N","110-130.35","N"
"20232217","06/24/2024 03:36:30 PM",,"MED","Y","O","F","55","DE","N","N","125.25","Y"
"19756","03/02/2026 08:49:17 PM",,"MED","Y","O","M","38","DE","N","N","155.30","Y"
"10012703","08/18/2022 12:01:45 PM",,"MAX","N","B","M","44","DE","N","Y","125.25","Y"
"20244817","07/12/2026 04:18:46 PM",,"MED","N","O","M","30","DE","N","N","121.12","N"
"20249338","03/13/2026 06:28:37 PM",,"MED","Y","O","M","20","DE","N","N","125.27","Y"
"46447","06/29/2026 04:00:45 PM",,"MIN","Y","B","M","42","DE","N","N","140.25","N"
"20093517","11/21/2025 08:25:35 PM",,"MED","Y","O","M","51","DE","N","N","120.05","Y"
"20240125","04/28/2026 09:03:52 PM",,"MED","Y","B","M","20","DE","N","Y","160.10","Y"
"154219","06/10/2026 05:56:53 PM",,"MIN","N","O","M","62","DE","N","N","220.43","N"
"20243348","08/21/2025 06:03:51 PM",,"MAX","N","B","M","20","DE","N","Y","265.03","Y"
"20239498","12/20/2025 07:35:59 PM",,"MAX","Y","B","M","23","DE","N","N","265.03","Y"
"20096705","02/11/2026 01:02:50 PM",,"MED","Y","B","M","45","DE","N","N","110-125.25","N"
"20000926","02/15/2026 10:52:00 PM",,"MED","Y","B","M","42","DEP","N","N","120.05","Y"
"36086","10/16/2025 05:26:43 PM",,"MED","Y","B","M","40","DE","N","N","160.10","Y"
"2887","05/19/2026 12:05:49 PM",,"MED","Y","B","M","63","DE","N","N","165.45","N"
"20231480","03/22/2026 12:39:01 PM",,"MIN","N","B","M","38","DE","N","N","110-160.15","N"
"20231471","05/19/2024 10:59:00 PM",,"MAX","Y","B","M","20","DE","N","Y","105.15","Y"
"20086619","07/15/2026 08:55:49 PM",,,"N","W","M","36","DE","N","N","140.25","N"
"20210372","04/09/2024 04:15:47 PM",,"MAX","Y","B","M","32","DE","N","Y","125.25","Y"
"20249412","04/21/2026 12:28:16 PM",,"MIN","N","B","M","45","DE","N","N","160.15","N"
"27139","08/01/2025 08:55:52 PM",,"MIN","Y","B","M","69","DE","N","N","121.12","Y"
"20172746","06/16/2026 11:15:35 AM",,"MIN","Y","A","M","30","DE","N","N","160.05","Y"
"20001248","03/12/2026 12:44:00 PM",,"MAX","Y","B","M","33","DE","N","Y","160.10","Y"
"20076953","03/28/2026 07:38:03 PM",,"MIN","Y","W","M","42","DE","N","N","215.51","N"
"92023","03/17/2026 05:45:52 PM",,"MED","Y","B","M","42","DEP","N","N","VOP","N"
"20249866","04/10/2026 12:29:01 PM",,"MED","N","O","M","22","DE","N","N","130.75","N"
"20239338","06/12/2026 11:17:00 PM",,"MAX","Y","B","M","26","DE","N","N","140.20","N"
"75760","06/19/2026 01:08:00 PM",,"MED","Y","O","M","48","DE","N","N","130.96","N"
"3540","05/09/2026 12:10:25 PM",,"MIN","N","B","M","61","DE","N","N","120.05","N"
"20231321","07/08/2026 12:37:08 PM",,"MIN","N","O","M","53","DE","N","N","155.30","N"
"53344","07/02/2026 09:52:34 PM",,"MIN","N","B","M","63","DE","N","N","140.20","N"
"20244083","06/13/2025 05:36:32 PM",,"MAX","Y","B","M","20","DE","N","Y","105.15","Y"
"3369","04/22/2026 01:11:16 AM",,"MED","Y","B","F","58","DE","N","N","125.25","Y"
"20170186","02/13/2026 03:37:45 PM",,"MIN","Y","B","M","37","DE","N","N","140.20","N"
"20246772","10/21/2025 03:45:35 PM",,"MAX","Y","B","M","32","DE","N","N","125.25","Y"
"20068120","10/30/2022 12:49:00 AM",,"MAX","Y","B","M","34","DE","N","Y","125.25","Y"
"10003593","07/10/2026 01:12:40 AM",,"MAX","Y","B","M","34","DE","N","Y","215.51","N"
"20206746","12/06/2024 06:13:25 PM",,"MAX","Y","B","M","28","DE","N","Y","110-125.25","Y"
"20141291","11/06/2025 12:40:32 PM",,"MED","Y","B","M","28","DE","N","N","110-125.25","Y"
"85629","05/26/2024 04:28:02 PM",,"MED","Y","B","F","62","DE","N","N","125.25","Y"
"20172933","01/31/2026 01:43:09 AM",,"MIN","Y","W","M","35","DE","N","N","215.51","N"
"20246911","03/20/2026 11:40:21 AM",,"MAX","Y","B","M","18","DE","N","Y","105.15","Y"
"20197935","08/25/2025 03:50:30 PM",,"MED","N","O","M","36","DEP","N","N","220.16","N"
"45822","06/17/2025 08:32:00 PM",,"MED","N","B","M","36","CS","N","Y","155.25","Y"
"20211102","11/20/2025 12:06:20 PM",,"MIN","Y","B","M","28","DE","N","N","265.03","Y"
"20251178","06/12/2026 11:40:48 AM",,"MIN","N","O","M","54","CS","N","N",,"N"
"20247613","01/09/2026 11:39:03 AM",,"MIN","N","B","M","20","CS","N","N","155.35","Y"
"20246671","10/16/2025 03:46:03 PM",,"MIN","Y","O","F","47","DE","N","N","220.21","N"
"10662","04/24/2022 12:43:19 PM",,"MED","Y","B","M","40","DE","N","N","125.20","Y"
"20112343","07/09/2026 01:18:00 PM",,"MED","N","B","M","29","DE","N","N","110-125.25","N"
"20197482","04/25/2024 01:10:00 AM",,"MAX","Y","B","M","23","DE","N","Y","220.16","Y"
"20251266","06/17/2026 04:52:08 PM",,"MIN","Y","B","F","28","DE","N","N","120.10","N"
"20067015","03/06/2026 12:36:54 PM",,"MIN","Y","B","M","35","CS","N","N","120.14","N"
"20230378","03/26/2024 12:38:09 AM",,"MED","Y","W","M","36","DE","N","N","125.25","Y"
"47704","06/25/2026 12:52:30 PM",,"MIN","Y","B","M","46","DE","N","N","215.51","N"
"20218610","06/22/2026 03:52:18 PM",,"MAX","Y","O","F","36","DE","N","N","110-125.25","N"
"20226370","03/17/2026 01:04:00 AM",,"MIN","Y","W","F","39","DE","N","N","140.20","N"
"20232339","08/21/2025 04:08:51 PM",,"MED","Y","B","M","23","DE","N","N","140.25","Y"
"20251799","07/15/2026 04:20:52 PM",,"MED","N","B","M","46","DE","N","N","130.96","N"
"20220524","10/14/2023 11:49:00 AM",,"MED","Y","B","M","22","DE","N","Y","125.25","Y"
"20243362","05/29/2026 01:53:22 AM",,"MIN","Y","W","F","37","DE","N","N","155.30","N"
"3831","07/15/2026 01:18:57 PM",,"MED","N","B","M","38","DEP","N","N","VOP","N"
"20245204","08/07/2025 07:44:00 PM",,"MAX","Y","O","M","22","DE","N","N","110-125.25","Y"
"20242889","05/12/2026 12:06:42 AM",,"MIN","N","A","M","34","DE","N","N","155.35","N"
"20225407","10/09/2025 12:32:13 PM",,"MIN","Y","B","M","50","DE","N","N","140.25","N"
"20224721","03/26/2026 03:30:00 PM",,"MED","N","B","M","52","DE","N","N","125.25","N"
"20153863","06/16/2026 04:24:07 PM",,"MED","Y","I","M","46","DE","N","N","125.25","N"
"20240962","01/09/2025 05:24:01 PM",,"MED","N","B","M","37","DE","N","N","125.25","N"
"20246977","11/01/2025 12:28:41 PM",,"MED","N","O","M","30","DE","N","N","140.30","Y"
"20078473","05/05/2026 05:15:42 PM",,"MED","Y","O","M","47","DE","N","N","125.27","Y"
"20248531","03/04/2026 05:48:00 PM",,"MAX","Y","B","M","21","DE","N","N","0","Y"
"11942","05/18/2026 08:32:05 PM",,"MIN","Y","W","M","58","DE","N","N","140.20","N"
"20085758","07/07/2023 12:57:15 PM",,"MAX","N","B","M","47","DEP","N","N","105.15","Y"
"20102185","12/31/2025 08:25:30 PM",,"MED","N","B","M","31","DE","N","Y","265.03","N"
"139798","08/19/2025 01:00:43 AM",,"MIN","Y","O","M","60","DE","N","N","265.03","Y"
"20215177","10/20/2025 12:44:26 AM",,"MAX","Y","B","M","31","DE","N","Y","110-120.10","Y"
"20247134","06/19/2026 08:54:28 PM",,"MED","Y","O","M","26","DE","N","N","215.51","N"
"20246686","10/17/2025 12:38:34 AM",,"MIN","N","O","M","44","DE","N","N","220.16","Y"
"20230618","08/27/2025 02:48:13 PM",,"MAX","Y","A","M","46","DE","N","N","120.10","N"
"20251693","07/09/2026 09:03:00 PM",,"MIN","Y","B","M","25","DE","N","N","265.03","N"
"20240381","02/27/2026 08:17:57 PM",,"MIN","Y","W","M","31","CS","N","N","110-140.20","N"
"20230012","03/07/2024 03:56:11 PM",,"MAX","N","O","M","30","DE","N","N","125.25","Y"
"20247930","12/22/2025 01:04:21 AM",,"MIN","N","O","M","54","DE","N","N","VTL 600F","N"
"20240468","02/05/2026 12:09:09 PM",,"MIN","Y","B","M","30","DE","N","N","110-125.25","N"
"20222290","05/14/2023 11:54:41 PM",,"MED","Y","B","M","59","DE","N","N","130.95","Y"
"101401","05/23/2026 09:30:07 PM",,"MED","Y","B","M","48","CS","N","N","130.52","N"
"56002","06/09/2026 05:17:49 PM",,"MED","Y","B","M","38","DEP","N","N","120.05","Y"
"20250758","07/02/2026 02:56:00 PM",,"MED","N","O","M","22","DE","N","N","120.05","N"
"20247895","12/19/2025 01:10:48 PM",,"MIN","Y","B","M","34","DE","N","N","120.05","N"
"20246061","09/17/2025 11:46:12 AM",,"MAX","N","B","M","18","DE","N","Y","125.25","Y"
"20251329","06/20/2026 03:14:05 PM",,"MED","N","O","M","33","CS","N","N","FOA 900.00","N"
"154731","01/13/2026 05:15:39 PM",,"MED","Y","B","M","48","DEP","N","N","110-125.25","N"
"20190495","02/20/2025 04:42:05 PM",,"MIN","Y","W","F","47","DE","N","N","220.41","N"
"20003406","06/30/2025 06:47:48 PM",,"MED","Y","B","M","34","DE","N","Y","265.02","Y"
"65064","09/12/2024 07:13:56 PM",,"MED","Y","B","M","39","DE","N","N","220.43","Y"
"20067101","01/13/2026 04:30:58 PM",,"MIN","N","B","M","33","CS","N","Y","265.01","Y"
"20228987","11/28/2024 05:20:43 PM",,"MED","Y","B","M","20","DE","N","Y","125.25","Y"
"20130134","04/30/2026 07:19:31 PM",,"MED","Y","B","M","58","DEP","N","N","120.05","Y"
"76831","11/08/2024 04:52:29 PM",,"MAX","Y","B","M","35","DE","N","N","150.15","Y"
"20251413","06/25/2026 12:52:00 AM",,"MIN","N","O","M","34","DE","N","N","220.21","N"
"51332","05/22/2026 05:10:28 PM",,"MED","N","B","M","41","DE","N","N","125.25","N"
"20250451","05/08/2026 01:18:59 PM",,"MIN","N","B","M","34","DE","N","N","110-125.25","N"
"20251709","07/10/2026 07:53:13 PM",,"MIN","N","B","M","40","DE","N","N","121.11","N"
"20232815","07/24/2024 01:31:50 PM",,"MAX","N","O","M","30","DE","N","N","125.25","Y"
"20129060","07/27/2022 04:09:40 PM",,"MED","Y","B","M","29","DE","N","Y","125.25","Y"
"20247680","04/24/2026 07:15:43 PM",,"MED","N","O","M","27","CS","N","N","155.25","Y"
"49544","04/27/2026 01:15:22 PM",,"MAX","Y","B","M","41","DE","N","Y","220.16","Y"
"78722","12/04/2025 12:52:31 AM",,"MED","Y","O","M","48","DE","N","N","155.35","Y"
"20245675","04/02/2026 12:00:48 PM",,"MIN","Y","B","M","51","DE","N","N","110-120.10","N"
"20249805","04/08/2026 01:00:19 PM",,"MAX","Y","B","M","22","DE","N","Y","120.10","Y"
"20247125","11/09/2025 12:02:00 AM",,"MIN","N","W","M","50","DE","N","N","110-125.25","N"
"20084243","03/11/2026 11:21:49 PM",,"MED","N","O","M","33","DE","N","N","140.20","Y"
"20030133","07/08/2025 01:11:38 PM",,"MIN","Y","B","M","49","DE","N","N","110-140.25","N"
"20250001","04/16/2026 12:54:07 PM",,"MED","Y","B","M","18","DE","N","N","125.25","N"
"20213522","03/10/2026 07:52:28 PM",,"MAX","Y","O","M","25","DE","N","Y","140.20","Y"
"1411","06/25/2026 01:20:27 PM",,"MIN","Y","B","M","37","DE","N","N","120.05","N"
"20166048","10/22/2025 11:10:52 AM",,"MIN","Y","B","M","35","DE","N","N","140.25","Y"
"20239704","11/26/2024 03:57:43 PM",,"MED","Y","B","M","26","DE","N","N","130.35","Y"
"20230838","08/18/2024 08:15:50 PM",,"MAX","N","B","M","39","DE","N","N","110-125.25","Y"
"20249555","03/25/2026 12:50:30 PM",,"MED","Y","O","M","50","DE","N","N","130.35","N"
"20246945","10/30/2025 01:16:58 AM",,"MED","Y","B","M","35","DE","N","N","110-135.20","Y"
"71604","09/02/2022 05:34:00 PM",,"MED","N","B","M","37","DE","N","N","125.25","Y"
"20240158","01/20/2026 12:44:30 PM",,"MIN","N","O","M","29","CS","N","N",,"N"
"20238813","04/17/2026 04:22:19 PM",,"MED","Y","O","F","40","DE","N","N","220.16","N"
"20240652","03/21/2026 04:46:48 PM",,"MAX","Y","O","M","35","CS","N","N",,"Y"
"20251100","06/08/2026 07:22:00 PM",,"MIN","N","A","M","41","DE","N","N","155.30","N"
"20209254","06/12/2026 12:18:15 AM",,"MED","N","O","M","40","DE","N","N","140.20","N"
"20185834","06/27/2025 11:57:09 PM",,"MED","Y","B","M","32","DE","N","N","125.25","N"
"20251800","07/15/2026 04:22:41 PM",,,"N","O","M","21","DE","N","N","120.10","N"
"20042877","10/29/2025 12:26:35 PM",,"MIN","Y","B","M","39","DE","N","N","110-120.10","N"
"10011792","12/10/2025 12:52:20 PM",,"MIN","N","O","M","39","DE","N","N","215.50","N"
"20250616","05/14/2026 09:04:25 PM",,"MED","Y","O","M","27","DE","N","N","120.05","N"
"20248926","02/20/2026 12:08:47 PM",,"MED","N","O","M","32","DE","N","N","130.35","N"
"20141085","02/25/2026 08:24:29 PM",,"MAX","Y","O","M","29","DE","N","N","220.21","Y"
"151827","08/19/2023 03:57:29 PM",,"MED","Y","O","M","36","DE","N","Y","135.25","Y"
"20250709","05/19/2026 02:18:56 PM",,"MAX","Y","B","M","20","DE","N","Y","110-125.25","Y"
"111126","07/12/2026 09:30:01 AM",,"MED","N","B","M","53","DE","N","Y","220.41","N"
"82994","05/07/2026 06:56:00 PM",,"MED","Y","B","M","44","DE","N","N","110-135.20","N"
"20249133","07/07/2026 05:02:54 PM",,"MED","Y","B","M","30","DE","N","N","145.10","N"
"20249889","04/11/2026 12:28:18 PM",,"MIN","Y","B","F","28","DE","N","N","220.16","Y"
"10010804","06/09/2021 05:45:56 PM",,"MAX","Y","B","M","34","DE","N","Y","125.25","Y"
"20114512","06/22/2025 11:58:24 PM",,"MIN","Y","B","M","56","DE","N","N","140.25","N"
"20243339","12/11/2025 01:21:15 AM",,"MIN","Y","W","M","32","DE","N","N","155.35","N"
"20114402","05/06/2026 12:39:37 PM",,"MED","N","B","M","29","CS","N","N","220.16","N"
"20227906","06/21/2026 01:47:53 PM",,"MED","N","O","M","27","DE","N","N","110-120.10","N"
"20027047","05/19/2026 11:21:00 AM",,"MED","Y","B","M","40","DE","N","N","265.03","N"
"20243943","06/06/2025 09:25:25 PM",,"MIN","Y","B","M","52","DE","N","N","120.14","Y"
"44330","07/14/2026 07:23:47 PM",,"MED","Y","B","M","46","DE","N","Y","CO","N"
"107154","07/12/2026 02:39:48 PM",,"MED","Y","B","M","47","DE","N","N","110-130.35","N"
"20251754","07/13/2026 10:34:40 AM",,"MIN","N","W","M","39","DE","N","N","FOA 900.00","N"
"20089711","07/02/2026 04:45:07 PM",,"MIN","N","O","M","50","DE","N","N","160.15","N"
"31026","02/25/2025 12:31:48 PM",,"MED","Y","B","M","54","DEP","N","N","VOP","Y"
"20080182","03/13/2026 06:54:00 PM",,"MAX","Y","B","M","31","DE","N","N","125.25","Y"
"59028","05/06/2026 04:18:54 PM",,"MIN","N","B","M","43","CS","N","N",,"N"
"147113","06/30/2026 11:52:00 AM",,"MIN","N","B","M","41","DE","N","N","120.05","N"
"20249588","03/26/2026 04:07:15 PM",,"MAX","Y","B","M","29","DE","N","N","120.10","Y"
"20244793","07/18/2025 01:16:02 PM",,"MIN","N","O","M","26","DE","N","N","110-125.25","N"
"20245034","04/22/2026 12:19:01 AM",,"MIN","N","B","M","29","DE","N","N","265.03","N"
"20248884","02/18/2026 01:26:45 PM",,"MIN","Y","W","F","53","CS","N","N",,"N"
"20242409","02/27/2026 09:00:44 PM",,"MAX","N","B","M","20","DE","N","Y","110-125.25","Y"
"20171830","03/13/2026 01:31:14 PM",,"MAX","Y","B","F","34","DE","N","N","160.05","Y"
"20111768","07/15/2026 01:31:44 PM",,,"Y","O","M","37","DE","N","N","120.05","N"
"20242142","03/13/2025 01:01:38 PM",,"MED","Y","O","M","23","DE","N","N","120.05","Y"
"20221056","10/10/2025 08:15:21 PM",,"MAX","Y","B","M","28","DE","N","Y","140.30","Y"
"20176521","01/31/2026 03:50:00 PM",,"MAX","Y","B","M","25","DE","N","Y","140.20","Y"
"20168346","04/09/2026 08:50:34 PM",,"MIN","Y","A","M","65","DNS","N","N","240.75","N"
"20204616","01/02/2026 01:38:30 AM",,"MAX","N","B","M","25","DEP","N","Y","155.35","Y"
"20251231","07/15/2026 08:04:00 PM",,,"N","B","M","18","DE","N","N","155.25","N"
"20216129","12/11/2025 03:11:38 PM",,"MED","Y","W","M","35","DE","N","N","120.05","Y"
"20247943","12/22/2025 08:09:29 PM",,"MAX","N","B","M","19","DE","N","Y","110-125.25","Y"
"17834","03/05/2024 12:34:06 AM",,"MED","Y","B","M","40","DE","N","N","265.03","Y"
"129645","05/08/2025 12:48:09 AM",,"MED","Y","B","M","53","DE","N","N","130.35","Y"
"20182507","10/16/2025 01:52:56 PM",,"MAX","Y","O","M","30","DE","N","N","125.25","N"
"20184551","07/30/2025 04:42:00 PM",,"MAX","Y","O","M","43","DE","N","N","130.75","N"
"20251735","07/12/2026 01:35:27 AM",,"MED","Y","B","M","29","DE","N","N","160.15","N"
"89518","05/13/2026 03:27:33 PM",,"MED","Y","O","M","45","DE","N","N","140.25","N"
"20020319","07/04/2026 07:47:31 PM",,"MIN","Y","B","F","37","DE","N","N","120.00","N"
"78558","07/15/2025 11:29:48 PM",,"MIN","Y","B","M","77","DE","N","N","110-125.25","N"
"20040267","03/30/2026 01:52:09 PM",,"MIN","Y","B","M","47","DE","N","N","120.05","N"
"132471","06/07/2026 04:03:39 PM",,"MAX","Y","B","M","53","CSP","N","Y",,"Y"
"20232894","07/27/2024 07:39:00 PM",,"MAX","N","O","M","37","DE","N","N","130.35","N"
"20251046","06/05/2026 10:51:00 PM",,"MED","N","B","M","33","DE","N","N","110-125.25","N"
"20245483","01/22/2026 03:27:09 PM",,"MED","N","B","M","22","CS","N","N",,"Y"
"20179064","07/21/2025 12:33:44 AM",,"MIN","Y","B","F","32","DE","N","N","110-125.25","Y"
"20028275","12/08/2025 08:46:11 PM",,"MAX","Y","B","M","33","DE","N","Y","220.16","Y"
"20250531","05/12/2026 11:43:30 AM",,"MED","Y","B","M","30","CS","N","N","140.25","N"
"20239885","11/13/2024 04:07:47 PM",,"MED","Y","O","M","19","DE","N","Y","125.25","Y"
"20081933","06/12/2026 11:09:51 AM",,"MED","Y","O","M","47","DE","N","N","220.09","N"
"20225931","07/21/2023 12:48:13 AM",,"MED","Y","O","M","23","DE","N","Y","110-125.25","Y"
"20203550","12/05/2025 11:37:04 AM",,"MIN","Y","O","M","34","DE","N","N","140.20","N"
"20204045","03/30/2026 10:41:00 PM",,"MAX","Y","B","M","32","DE","N","N","215.52","Y"
"20057576","06/10/2026 04:49:16 PM",,"MIN","Y","W","M","57","DE","N","N","120.14","N"
"20129152","06/18/2025 09:52:55 PM",,"MED","N","B","M","31","DE","N","N","125.25","Y"
"20250939","06/25/2026 01:50:55 PM",,"MED","Y","B","M","19","DE","N","Y","265.03","N"
"20184784","03/08/2026 04:03:20 PM",,"MIN","Y","B","F","36","DE","N","N","140.20","N"
"71905","11/09/2025 11:38:08 PM",,"MAX","Y","O","M","39","DE","N","N","215.52","Y"
"20246363","10/01/2025 10:33:38 AM",,"MIN","N","O","M","52","DE","N","N","220.21","N"
"20248973","02/24/2026 12:57:43 AM",,"MIN","Y","B","M","45","DE","N","N","120.05","Y"
"20251289","06/18/2026 04:26:28 PM",,"MED","N","O","M","24","DE","N","N","230.34","N"
"20240333","07/16/2026 10:30:13 AM",,,"N","B","M","22","DE","N","N",,"N"
"20246238","09/24/2025 11:29:49 PM",,"MAX","Y","O","M","25","DE","N","Y","125.25","Y"
"20216983","03/30/2026 04:12:49 PM",,"MIN","Y","B","F","50","DE","N","N","140.25","N"
"20189281","04/25/2026 11:41:18 AM",,"MIN","Y","W","M","53","DE","N","N","121.11","N"
"20140934","03/22/2026 06:07:02 AM",,"MAX","Y","O","M","30","DEP","N","N","160.15","Y"
"20107666","05/10/2026 01:53:02 AM",,"MIN","Y","B","M","32","DE","N","N","140.20","N"
"20248560","01/29/2026 12:30:28 PM",,"MAX","Y","O","M","25","DE","N","Y","120.10","Y"
"20239446","10/23/2024 11:28:36 AM",,"MAX","Y","B","M","24","DE","N","N","265.04","Y"
"129026","03/02/2021 12:18:30 AM",,"MED","Y","B","M","50","DE","N","N","125.25","N"
"10006338","05/01/2025 04:55:47 PM",,"MED","Y","B","M","35","DE","N","N","120.10","Y"
"47377","06/03/2026 02:21:02 PM",,"MIN","N","O","M","47","DE","N","N","110-125.25","N"
"20240872","02/10/2026 01:06:27 PM",,"MIN","N","O","M","47","DE","N","N","120.55","N"
"20227437","10/12/2023 04:23:20 PM",,"MAX","N","B","M","23","DE","N","Y","125.25","Y"
"20229327","07/12/2026 05:30:00 PM",,"MED","Y","W","M","38","DE","N","N","155.25","N"
"22268","04/29/2026 09:04:37 PM",,"MIN","N","H","M","53","DE","N","N","140.20","N"
"20216763","03/05/2026 02:07:08 PM",,"MAX","Y","B","M","24","DE","N","Y","110-125.25","Y"
"151764","10/27/2025 12:14:32 PM",,"MED","Y","B","M","35","DE","N","N","121.12","Y"
"20242368","06/25/2026 01:07:05 PM",,"MED","N","B","M","21","CS","N","N",,"N"
"20200512","03/08/2026 08:32:07 PM",,"MIN","N","O","M","30","CS","N","N",,"Y"
"20216030","03/19/2026 12:31:30 AM",,"MIN","N","B","M","71","CS","N","N",,"N"
"20158822","02/06/2026 07:08:42 PM",,"MIN","Y","W","F","34","DE","N","N","155.30","Y"
"20249183","03/06/2026 02:28:28 PM",,"MIN","Y","A","F","50","DE","N","N","140.25","Y"
"10001441","06/30/2026 12:42:00 AM",,"MIN","Y","B","M","60","DE","N","N","120.00","N"
"20247898","03/05/2026 12:11:00 AM",,"MAX","Y","B","F","32","CS","N","N","155.30","Y"
"20070292","02/14/2026 01:53:16 PM",,"MIN","Y","O","M","45","DE","N","N","110-125.25","N"
"20238370","03/03/2026 04:03:24 PM",,"MIN","N","O","M","44","CS","N","N",,"N"
"20250216","04/26/2026 12:53:17 PM",,"MIN","Y","B","M","23","DE","N","N","120.05","Y"
"20243859","06/04/2025 12:23:43 AM",,"MED","Y","B","M","41","DE","N","N","125.20","N"
"14245","07/15/2026 08:04:00 PM",,"MIN","N","O","M","53","DE","N","N","110-120.10","N"
"137182","11/24/2024 01:03:40 AM",,"MIN","N","O","M","45","SSR","N","N","220.18","Y"
"20250678","05/18/2026 12:25:55 AM",,"MIN","N","O","M","48","CS","N","N","155.25","N"
"20216885","12/28/2021 12:41:00 PM",,"MAX","N","B","M","33","DE","N","N","125.25","Y"
"20248972","02/23/2026 11:59:00 PM",,"MIN","Y","B","M","35","DE","N","N","160.10","Y"
"20241900","06/17/2026 06:20:57 PM",,"MED","Y","B","M","20","DE","N","Y","265.03","N"
"20250842","05/27/2026 04:52:00 PM",,"MED","N","B","M","19","DE","N","Y","160.15","Y"
"20166813","07/15/2026 12:45:49 PM",,,"N","B","M","26","DNS","N","Y","110-120.06","N"
"20239772","11/08/2024 04:04:39 PM",,"MED","N","O","M","29","DE","N","N","125.27","Y"
"114954","06/28/2026 07:07:56 PM",,"MED","Y","B","M","57","DE","N","Y","160.05","N"
"25231","06/29/2024 08:30:20 PM",,"MED","Y","B","M","59","DNS","N","N",,"Y"
"20240405","12/08/2024 08:16:51 PM",,"MED","N","B","M","41","DE","N","N","110-125.25","Y"
"20165981","01/16/2026 05:03:41 PM",,"MAX","N","B","M","30","DE","N","Y","110-120.10","Y"
"20239226","10/10/2024 12:50:36 PM",,"MAX","Y","B","M","21","DE","N","Y","110-125.25","Y"
"20244657","05/27/2026 04:53:19 PM",,"MED","Y","O","M","35","DE","N","N","120.05","Y"
"20009896","02/11/2026 04:59:14 PM",,"MAX","Y","B","M","34","DE","N","Y","160.10","Y"
"20245187","08/07/2025 12:39:52 AM",,"MED","Y","B","M","18","DE","N","N","125.25","N"
"20197244","04/22/2026 11:55:00 PM",,"MIN","Y","W","M","35","DE","N","N",,"N"
"20250600","05/14/2026 03:12:05 PM",,,"Y","B","M","27","DE","N","N","120.05","N"
"20150422","01/23/2026 11:34:37 AM",,"MIN","Y","B","M","56","CS","N","N","155.25","N"
"20229673","10/03/2025 12:47:16 AM",,"MIN","N","O","M","26","DE","N","N","140.25","Y"
"20074739","06/05/2026 12:39:04 PM",,"MED","N","O","M","39","DE","N","N","215.51","N"
"20246123","09/19/2025 01:17:37 PM",,"MED","N",,,"20","DE","N","Y","110-125.25","Y"
"20248625","04/23/2026 12:03:26 AM",,"MIN","N","B","M","40","DE","N","N","155.35","N"
"20011648","04/16/2026 11:07:09 AM",,"MED","N","B","M","39","CS","N","N","140.20","N"
"20212876","01/31/2021 08:16:42 PM",,"MED","Y","B","M","34","DE","N","N","125.25","Y"
"20147387","10/13/2023 01:52:29 PM",,"MAX","Y","O","M","32","DE","N","N","125.25","Y"
"20250106","04/21/2026 12:35:42 PM",,"MIN","N","B","M","29","DE","N","N","105.10","N"
"135242","05/16/2026 04:46:48 PM",,"MED","Y","B","M","37","DE","N","N","130.52","Y"
"20251647","07/07/2026 04:39:24 PM",,"MED","Y","O","M","18","DE","N","N","140.25","N"
"20220304","07/14/2026 04:42:26 PM",,"MED","Y","B","M","31","DE","N","N","120.05","N"
"20239203","10/09/2024 12:10:03 PM",,"MED","Y","O","M","20","DE","N","Y","125.25","Y"
"20025038","04/15/2026 09:12:59 PM",,"MIN","Y","B","M","45","DE","N","N","110-120.10","Y"
"20239245","12/18/2025 12:01:50 PM",,"MIN","Y","B","M","31","DE","N","N","215.51","Y"
"20248875","03/19/2026 05:38:36 PM",,"MED","Y","B","M","24","DE","N","N","130.35","Y"
"37784","09/04/2025 07:04:52 PM",,"MED","Y","B","M","57","DE","N","N","125.25","Y"
"20059669","07/09/2026 01:07:56 AM",,"MED","N","O","M","48","DE","N","N","140.20","N"
"20216782","05/09/2024 04:22:14 PM",,"MAX","N","B","M","25","DEP","N","Y","125.27","Y"
"20250445","05/08/2026 01:20:41 AM",,"MED","Y","B","M","27","DE","N","N","110-125.25","N"
"20212389","09/05/2025 01:03:41 AM",,"MAX","Y","B","M","26","DE","N","Y","160.10","Y"
"20017826","06/11/2026 01:37:15 AM",,"MIN","N","O","M","47","DE","N","N","265.03","N"
"20248799","02/13/2026 01:13:02 PM",,"MED","Y","B","M","22","DE","N","Y","110-125.25","Y"
"20088585","04/20/2026 04:02:38 PM",,"MIN","N","B","M","41","DE","N","N","110-265.03","N"
"20248657","02/04/2026 11:43:22 PM",,"MIN","Y","B","M","27","DE","N","N","220.06","Y"
"20082284","07/02/2026 01:22:12 PM",,"MIN","Y","B","M","35","DE","N","N","160.10","N"
"20250590","05/14/2026 12:42:48 AM",,"MIN","Y","U","M","30","DE","N","N","265.13","N"
"20221900","11/21/2025 01:17:41 AM",,"MAX","Y","O","F","33","DE","N","N","120.10","Y"
"20206446","04/06/2021 12:47:08 PM",,"MAX","Y","B","M","27","DE","N","Y","125.25","Y"
"15084","02/20/2026 09:07:45 PM",,"MIN","Y","O","M","37","DE","N","N","160.15","Y"
"20211243","01/21/2026 05:02:19 PM",,"MAX","N","B","M","24","DE","N","Y","110-125.25","Y"
"20135307","11/03/2025 03:39:14 PM",,"MED","Y","O","M","40","DE","N","N","135.20","N"
"20248513","01/26/2026 08:12:46 PM",,"MIN","N","O","M","30","DE","N","N","160.10","N"
"20230991","03/31/2025 07:55:14 PM",,"MED","Y","B","F","24","DE","N","N","110-120.10","Y"
"20152699","04/06/2026 01:18:45 AM",,"MAX","N","B","M","27","DEP","N","Y","110-125.25","Y"
"102300","06/19/2026 10:35:23 AM",,"MED","N","B","M","44","DE","N","Y","215.50","N"
"20057505","02/02/2026 12:23:12 PM",,"MED","Y","B","M","32","CS","N","Y",,"Y"
"128938","12/06/2023 04:19:23 AM",,"MAX","Y","B","M","44","DE","N","N","160.10","Y"
"20227991","02/22/2025 04:36:00 PM",,"MAX","Y","B","M","21","DE","N","Y","125.25","Y"
"20214473","07/09/2026 03:10:45 PM",,"MAX","Y","B","M","26","DE","N","N","AC 999.99","N"
"20039847","04/08/2026 11:30:39 AM",,"MAX","N","B","M","42","DE","N","N","160.15","N"
"20243528","07/10/2026 02:06:00 PM",,"MAX","N","B","M","19","DE","N","N","110-120.07","N"
"97399","05/15/2026 03:05:00 PM",,"MIN","N","W","M","40","DE","N","N","140.25","N"
"20018062","02/20/2026 03:15:34 AM",,"MIN","Y","B","M","34","DE","N","N","155.30","Y"
"20132994","12/16/2025 02:14:44 PM",,"MED","N","O","M","32","DE","N","Y","220.77","Y"
"67503","04/09/2026 08:20:23 PM",,"MIN","N","H","M","51","DE","N","N","220.21","N"
"20008130","07/11/2026 07:06:00 PM",,"MED","N","B","M","35","DE","N","Y","140.25","N"
"43736","05/07/2026 06:59:00 PM",,"MED","N","B","M","60","DE","N","N","130.65","N"
"20062216","12/29/2024 01:26:46 AM",,"MED","Y","B","M","31","DE","N","N","110-125.25","Y"
"20221245","04/11/2026 01:28:26 PM",,"MIN","N","O","M","39","CS","N","N","110-140.20","N"
"108065","05/09/2026 02:32:45 PM",,"MAX","Y","O","M","36","CS","N","N",,"Y"
"20251802","07/15/2026 05:43:00 PM",,,"N","B","M","63","DE","N","N","220.03","N"
"20160285","04/17/2025 06:23:01 PM",,"MAX","Y","O","M","27","DEP","N","Y","110-125.25","Y"
"20232164","06/21/2024 09:15:33 PM",,"MED","Y","U","M","25","DE","N","Y","125.25","Y"
"20070132","11/11/2025 12:52:30 PM",,"MAX","Y","O","M","61","DE","N","N","140.20","Y"
"20245504","08/22/2025 01:20:27 AM",,"MIN","N","O","F","47","DE","N","N","220.21","N"
"20026534","08/28/2025 04:12:32 PM",,"MED","N","B","M","36","DE","N","N","110-125.25","Y"
"20248904","02/19/2026 01:30:57 PM",,"MIN","Y","W","M","40","DE","N","N","120.05","N"
"20167566","06/28/2026 08:27:09 PM",,"MIN","Y","W","M","34","DE","N","N","220.39","N"
"20009598","07/15/2026 01:06:22 PM",,"MIN","N","O","M","34","DE","N","N","511(1)(A)","N"
"96714","06/26/2026 04:37:01 PM",,"MAX","Y","B","M","45","DE","N","N","160.15","N"
"20067640","10/02/2024 11:46:37 PM",,"MAX","N","B","M","34","DEP","N","Y","125.25","Y"
"20248160","01/07/2026 09:47:46 PM",,"MED","Y","B","F","29","DE","N","N","125.25","N"
"20222614","01/09/2026 11:42:36 AM",,"MED","Y","O","M","30","DE","N","N","110-125.25","Y"
"20223561","03/14/2023 08:26:07 PM",,"MED","Y","B","M","25","DE","N","Y","125.25","Y"
"20239665","01/30/2025 04:12:11 PM",,"MAX","N","O","M","27","DE","N","N","140.20","Y"
"20215143","08/22/2023 05:46:05 PM",,"MAX","N","B","M","25","DE","N","Y","125.25","Y"
"20251306","06/19/2026 04:10:04 PM",,"MIN","N","O","M","27","DE","N","N","170.25","N"
"20248505","01/25/2026 06:52:00 PM",,"MIN","N","B","M","24","DE","N","N","265.03","N"
"20113574","06/26/2025 12:14:38 PM",,"MED","N","B","M","42","DE","N","N","120.00","N"
"20154703","06/20/2024 06:45:21 PM",,"MAX","N","O","M","29","DE","N","Y","125.25","Y"
"20222714","02/14/2025 07:36:56 AM",,"MAX","N","B","M","24","DE","N","Y","105.17","Y"
"20248464","01/23/2026 04:55:02 PM",,"MED","N","B","M","28","DE","N","Y","265.03","N"
"34826","07/06/2024 01:11:09 AM",,"MED","Y","B","M","50","DNS","N","N",,"Y"
"61797","06/19/2026 04:18:00 PM",,"MED","Y","B","F","40","DE","N","N","140.25","N"
"20244715","07/14/2025 11:26:18 PM",,"MAX","Y","O","M","21","DE","N","N","110-125.25","Y"
"20197559","03/09/2021 11:41:21 PM",,"MED","N","B","M","24","DE","N","N","120.10","Y"
"20249101","03/02/2026 05:22:03 PM",,"MAX","N","O","M","19","DE","N","N","160.15","Y"
"20098992","09/28/2022 06:28:34 PM",,"MAX","N","B","M","31","DE","N","Y","125.25","Y"
"20251559","07/02/2026 06:23:00 PM",,"MED","N","O","M","39","DE","N","N","130.35","N"
"20238610","06/25/2026 01:27:46 PM",,"MED","Y","B","M","19","DE","N","Y","105.15","N"
"10000324","07/26/2023 11:35:11 PM",,"MAX","N","B","M","35","DE","N","N","125.25","Y"
"20247551","12/01/2025 04:56:33 PM",,"MED","N","B","M","22","DE","N","Y","265.03","N"
"20040628","04/12/2026 05:13:22 PM",,"MED","Y","B","M","34","DE","N","Y","125.25","Y"
"20190355","11/29/2025 07:39:16 PM",,"MAX","Y","O","M","36","DE","N","N","120.05","Y"
"20250683","05/18/2026 01:38:38 AM",,"MED","N","B","M","21","DE","N","Y","265.03","Y"
"20065422","04/27/2026 09:28:28 PM",,"MIN","Y","B","M","31","DE","N","N","110-125.25","Y"
"104251","06/27/2026 02:14:00 PM",,"MAX","N","O","M","52","DE","N","N","140.25","N"
"20238701","12/24/2025 10:13:54 AM",,"MED","Y","B","M","31","DE","N","N","120.00","Y"
"20071523","01/02/2026 07:04:55 PM",,"MAX","N","B","M","31","DE","N","Y","110-125.25","Y"
"20199691","11/16/2025 07:01:35 PM",,"MED","Y","B","M","35","DE","N","N","155.30","Y"
"20251155","06/11/2026 11:58:00 AM",,"MIN","N","B","M","34","DE","N","N","110-125.25","N"
"20248042","12/30/2025 05:11:38 PM",,"MED","Y","B","M","19","DE","N","Y","265.03","N"
"20251457","06/27/2026 10:42:53 AM",,"MIN","Y","O","M","38","DE","N","N","140.25","N"
"20239237","06/21/2026 12:54:42 PM",,"MIN","N","O","M","27","DE","N","N","110-160.15","N"
"20222208","10/24/2025 11:11:00 AM",,"MIN","Y","B","M","30","DNS","N","N",,"N"
"20228001","04/03/2026 02:00:42 PM",,"MIN","Y","B","M","28","CS","N","N",,"N"
"62386","07/10/2026 05:21:41 PM",,"MAX","Y","B","M","62","DE","N","N","120.05","N"
"20094956","03/30/2026 07:40:48 PM",,"MED","Y","B","M","31","DE","N","N","120.05","Y"
"20187712","03/07/2025 10:39:17 AM",,"MED","N","O","M","50","DE","N","N","265.03","N"
"159262","01/25/2024 06:38:33 PM",,"MAX","Y","B","M","35","DE","N","Y","125.25","Y"
"20222492","01/28/2023 01:20:39 PM",,"MAX","Y","B","M","22","DE","N","N","125.25","Y"
"20239086","04/27/2026 12:18:53 PM",,"MED","Y","B","M","29","DE","N","Y","265.03","N"
"20077409","11/23/2025 11:29:51 PM",,"MIN","Y","B","M","33","DE","N","N","215.51","N"
"20213885","06/26/2026 08:23:12 PM",,"MIN","Y","O","M","33","DE","N","N","140.20","N"
"20219681","07/15/2022 08:41:00 PM",,"MAX","Y","B","M","27","DE","N","Y","125.25","Y"
"20134624","04/09/2026 12:13:23 AM",,"MIN","Y","A","M","43","DE","N","N","160.05","N"
"20250522","05/11/2026 05:13:20 PM",,"MIN","Y","W","M","51","DE","N","N","215.50","Y"
"20247755","05/29/2026 12:57:42 AM",,"MAX","Y","O","M","20","DE","N","Y","130.35","Y"
"20098126","06/17/2026 03:05:33 PM",,"MED","Y","I","M","36","DE","N","N","120.10","N"
"20243557","05/19/2025 12:09:21 PM",,"MIN","N","O","M","34","DNS","N","N",,"N"
"20215604","09/10/2025 08:19:20 PM",,"MAX","Y","B","M","24","DE","N","Y","110-125.25","Y"
"20052971","01/13/2026 12:47:53 PM",,"MAX","N","B","M","34","CS","N","N","110-125.25","Y"
"20213161","07/15/2026 08:09:04 PM",,,"N","O","M","39","DE","N","N","215.55","N"
"20243607","05/21/2025 04:19:45 PM",,"MED","Y","O","M","69","SSR","N","N",,"N"
"20243043","06/12/2025 11:10:48 AM",,"MED","Y","O","M","66","DE","N","N","130.65","N"
"20250303","05/01/2026 04:32:00 PM",,"MED","N","B","M","21","DE","N","N","265.03","N"
"20165385","06/01/2026 01:16:12 PM",,"MIN","N","B","M","51","CS","N","N",,"N"
"20250353","05/04/2026 12:39:50 PM",,"MED","Y","B","M","25","DE","N","N","140.25","Y"
"20162659","01/22/2026 03:53:12 PM",,"MED","Y","O","M","39","DE","N","N","120.05","N"
"20225578","11/24/2025 10:59:34 AM",,"MED","Y","W","M","31","DE","N","N","160.15","Y"
"20241771","03/30/2026 12:18:45 PM",,"MAX","N","B","M","20","DE","N","N","110-125.25","Y"
"20249446","03/19/2026 01:03:32 PM",,"MAX","Y","B","F","31","CS","N","N","110-265.03","Y"
"20154418","06/03/2026 11:31:34 PM",,"MAX","N","O","M","29","DE","N","N","220.16","N"
"20114131","03/10/2026 07:03:00 PM",,"MED","N","B","M","29","DE","N","N","265.03","N"
"20251791","07/15/2026 01:32:37 PM",,,"N","O","M","42","DE","N","N","220.03","N"
"20216225","05/22/2026 07:50:30 PM",,"MED","N","B","M","45","DE","N","N","130.75","N"
"20180308","05/21/2025 08:29:57 PM",,"MAX","Y","O","M","25","DE","N","Y","160.15","Y"
"20112909","06/04/2026 12:29:33 AM",,"MED","N","O","M","30","DEP","N","N","AC 666.66","N"
"20142980","12/19/2025 11:25:32 AM",,"MIN","N","O","M","50","CS","N","N","265.01B","N"
"20137357","10/17/2025 05:14:39 AM",,"MAX","Y","O","M","42","DEP","N","N","AC 000.00","Y"
"20244416","09/18/2025 03:57:17 PM",,"MED","N","W","M","23","DE","N","N","220.39","Y"
"20244167","06/18/2025 02:46:35 PM",,"MED","Y","O","M","21","DE","N","N","120.10","Y"
"20211273","04/15/2026 04:21:34 PM",,"MIN","Y","O","M","28","CS","N","N","121.11","N"
"20228943","01/06/2025 09:01:31 PM",,"MED","Y","A","M","28","DE","N","N","110-120.07","Y"
"20079846","04/16/2026 06:38:00 PM",,"MED","Y","B","F","32","DE","N","N","110-125.25","Y"
"20109259","12/07/2025 04:33:00 PM",,"MED","Y","B","M","59","DEP","N","N","155.30","Y"
"20250577","05/13/2026 04:31:59 PM",,"MED","N","O","M","26","DE","N","N","125.25","N"
"20134469","06/25/2026 10:38:42 PM",,"MED","Y","B","M","31","DE","N","N","130.35","N"
"20221192","05/26/2026 11:22:27 PM",,"MAX","Y","B","M","30","DE","N","N","120.05","N"
"20210008","05/12/2020 08:46:48 PM",,"MAX","Y","W","M","62","DE","N","N","125.25","Y"
"20232900","07/28/2024 12:49:34 AM",,"MAX","Y","B","M","32","DE","N","N","110-125.25","Y"
"20250927","05/30/2026 01:02:18 PM",,"MIN","N","A","M","40","DE","N","N","110-160.15","N"
"20167770","01/26/2026 04:46:03 PM",,"MIN","Y","O","M","45","DE","N","N","145.00","Y"
"20190940","10/25/2024 08:26:03 PM",,"MED","Y","B","M","28","DEP","N","Y","120.05","Y"
"20177018","01/24/2026 08:22:15 PM",,"MED","Y","O","M","50","CS","N","Y",,"N"
"42834","03/22/2026 11:20:00 PM",,"MIN","Y","O","M","45","DE","N","N","140.25","Y"
"20245939","09/11/2025 12:57:54 AM",,"MED","Y","B","F","26","DE","N","N","120.10","Y"
"20251051","06/06/2026 12:28:31 PM",,"MIN","N","W","M","59","DE","N","N","215.50","N"
"20160916","10/30/2024 02:25:29 PM",,"MAX","Y","B","M","29","DE","N","Y","160.15","Y"
"20248966","02/22/2026 05:52:34 PM",,"MIN","Y","B","M","40","DE","N","N","120.05","N"
"1281","02/28/2026 12:37:00 PM",,"MIN","Y","B","M","44","DE","N","N","265.03","N"
"20182051","03/23/2026 11:36:40 AM",,"MED","Y","O","M","49","DE","N","N","125.25","N"
"20245593","04/30/2026 02:50:33 PM",,"MED","Y","B","M","22","DE","N","N","130.95","N"
"20017196","10/30/2024 11:36:22 AM",,"MED","Y","A","M","45","DE","N","N","120.10","Y"
"93191","02/24/2026 11:18:04 PM",,"MED","Y","O","M","41","CSP","N","N","VOP","N"
"20232091","06/19/2024 04:03:02 PM",,"MAX","Y","O","M","27","DE","N","N","130.95","Y"
"20154055","05/09/2026 01:14:00 AM",,"MIN","N","B","M","41","DE","N","N","220.21","N"
"20214370","11/25/2025 04:47:38 PM",,"MED","Y","O","M","48","CSP","N","N","VOP","N"
"20245174","08/06/2025 04:46:16 PM",,"MIN","N","B","M","28","DE","N","N","110-125.25","Y"
"20212033","02/24/2026 09:46:08 PM",,"MED","N","W","M","30","DE","N","Y","110-125.25","Y"
"163962","09/20/2024 04:35:22 PM",,"MED","N","B","M","34","DE","N","Y","155.40","Y"
"20248185","01/09/2026 12:34:17 AM",,"MIN","Y","O","F","26","DE","N","N","140.20","N"
"20145760","03/30/2026 05:30:41 PM",,"MED","N","O","M","55","DE","N","N","120.05","N"
"20245360","12/16/2025 02:04:12 PM",,"MAX","N","O","M","20","DE","N","N","220.16","Y"
"20250607","05/14/2026 05:00:00 PM",,"MIN","N","B","M","19","DE","N","Y","265.03","N"
"133631","05/07/2026 07:30:41 PM",,"MIN","Y","O","M","58","DE","N","N","140.20","N"
"105417","08/24/2024 08:35:03 PM",,"MED","Y","B","M","38","DE","N","Y","110-125.25","Y"
"20217229","01/13/2026 01:28:58 PM",,"MED","N","B","M","22","CS","N","N",,"N"
"145949","01/15/2026 12:50:00 PM",,"MED","N","B","M","58","DE","N","N","125.25","N"
"48392","11/22/2025 01:21:06 PM",,"MIN","Y","O","M","43","CS","N","N",,"N"
"20031293","02/27/2024 11:29:49 AM",,"MAX","Y","O","M","55","DE","N","N","110-125.25","Y"
"20031157","07/08/2026 03:05:01 PM",,"MED","Y","B","M","33","CS","N","N",,"N"
"144792","06/11/2026 03:28:39 PM",,"MIN","Y","O","M","58","CS","N","N","120.00","N"
"20244909","07/13/2026 12:33:11 PM",,"MIN","N","B","F","38","DE","N","N","110-120.10","N"
"20241816","02/25/2025 05:16:17 PM",,"MAX","Y","B","M","20","DE","N","Y","125.25","Y"
"20223916","08/12/2024 11:53:00 PM",,"MAX","Y","O","M","26","DE","N","N","130.50","Y"
"20247799","05/19/2026 09:20:28 PM",,"MED","Y","O","M","23","DE","N","N","140.20","Y"
"20238868","09/21/2024 10:33:24 PM",,"MED","Y","O","M","36","DE","N","N","130.25","Y"
"20124717","07/04/2026 12:21:15 PM",,"MED","N","B","M","28","DE","N","N","110-125.25","N"
"20145511","06/16/2026 10:36:00 PM",,"MED","N","B","M","27","DE","N","N","120.10","N"
"20233073","08/05/2024 05:48:12 PM",,"MAX","N","O","M","28","CS","N","N","125.25","Y"
"30672","12/04/2023 05:09:49 PM",,"MED","Y","B","M","38","DE","N","Y","125.25","Y"
"10008989","08/05/2021 04:09:46 PM",,"MAX","Y","B","M","34","DE","N","Y","125.25","Y"
"99305","06/22/2026 01:04:53 PM",,"MIN","Y","O","M","48","DE","N","N","110-120.10","N"
"20101714","04/11/2026 12:50:58 AM",,"MIN","Y","B","F","36","DE","N","N","110-125.25","N"
"20224992","04/26/2025 05:57:27 PM",,"MAX","Y","B","M","21","DE","N","Y","265.03","Y"
"20246666","10/16/2025 12:32:53 PM",,"MED","Y","B","M","24","DE","N","N","110-125.25","Y"
"20247553","12/01/2025 08:16:20 PM",,"MED","N","A","M","23","DE","N","N","120.07","Y"
"65560","11/24/2025 04:22:50 PM",,"MIN","Y","B","M","47","DEP","N","N","140.20","Y"
"20216722","09/16/2024 05:35:33 PM",,"MAX","Y","B","M","39","DEP","N","N","125.25","Y"
"20202255","04/29/2026 08:37:01 PM",,"MED","Y","B","M","29","DE","N","N","265.03","Y"
"20249157","03/05/2026 11:27:55 AM",,"MED","Y","B","M","37","DE","N","N","120.05","Y"
"20229259","02/09/2026 02:01:33 PM",,"MAX","Y","B","M","40","DE","N","N","160.15","N"
"20247207","04/20/2026 12:13:46 PM",,"MAX","N","B","M","37","DE","N","N","120.01","Y"
"20226350","08/11/2023 05:03:00 PM",,"MAX","N","B","M","40","DE","N","N","125.25","Y"
"38206","02/12/2023 12:15:47 PM",,"MIN","Y","B","M","41","DE","N","Y","230.34","N"
"2447","06/27/2026 07:11:21 PM",,"MAX","Y","B","M","38","DE","N","Y","160.10","N"
"20127917","06/30/2026 12:30:21 PM",,"MIN","N","B","M","40","SSR","N","N",,"N"
"20019551","09/08/2024 05:48:00 PM",,"MED","Y","B","M","34","DE","N","N","160.10","Y"
"20188899","04/03/2026 01:02:50 PM",,"MIN","Y","O","F","36","CS","N","N","110-220.39","Y"
"20105276","03/26/2026 04:38:09 PM",,"MAX","Y","B","M","30","DEP","N","N","130.95","N"
"20115870","07/15/2026 04:06:13 PM",,"MED","N","B","M","32","DPV","N","N",,"N"
"20241759","05/10/2026 08:17:00 PM",,"MED","Y","W","M","38","DE","N","N","130.35","Y"
"20073999","08/15/2025 05:06:04 PM",,"MAX","Y","B","M","32","DE","N","N","110-125.25","Y"
"58304","06/10/2026 08:48:04 PM",,"MIN","Y","O","M","46","DE","N","N","140.25","N"
"20009965","11/18/2025 05:09:59 PM",,"MAX","Y","O","M","33","DE","N","N","230.34","Y"
"49541","07/02/2026 12:46:11 AM",,"MED","N","B","M","35","DPV","N","N",,"N"
"20245470","08/20/2025 08:46:47 PM",,"MAX","N","B","M","19","DE","N","Y","105.15","Y"
"20219457","06/24/2026 08:33:49 PM",,"MED","N","B","M","32","DE","N","N","265.03","N"
"20022017","06/27/2025 06:23:34 PM",,"MED","Y","B","F","37","CS","N","N",,"Y"
"20228906","03/28/2026 04:02:11 PM",,"MED","N","O","M","24","CS","N","N","160.10","N"
"20230878","05/01/2026 12:47:22 PM",,"MED","N","B","M","20","DE","N","Y","105.15","Y"
"20251794","07/15/2026 03:06:32 PM",,,"N","B","F","38","DE","N","N","120.00","N"
"2569","04/30/2026 11:45:08 PM",,"MED","N","B","M","51","DE","N","N","160.15","N"
"20216501","03/24/2026 03:23:21 PM",,"MED","Y","B","M","28","DE","N","N","215.51","Y"
"109570","06/16/2026 11:56:14 AM",,"MIN","Y","W","M","65","DE","N","N","110-140.30","N"
"20249391","03/16/2026 04:37:47 PM",,"MED","Y","A","M","21","DE","N","N","110-125.25","Y"
"20242891","06/27/2026 02:11:00 PM",,"MIN","Y","M","M","35","DE","N","N","160.10","N"
"20240386","12/07/2024 04:38:03 PM",,"MED","Y","W","F","22","DE","N","N","160.15","Y"
"10004689","07/14/2025 02:45:01 PM",,"MIN","Y","O","M","51","DE","N","N","140.25","N"
"20206963","06/25/2026 11:50:05 AM",,"MED","Y","B","M","27","DE","N","N","160.15","N"
"22845","07/15/2026 12:01:00 PM",,,"N","B","M","40","DE","N","Y","140.25","N"
"20216407","11/12/2025 11:29:08 AM",,"MED","Y","O","M","24","DE","N","N","125.15","Y"
"112348","10/21/2025 08:27:30 PM",,"MAX","Y","B","M","38","DE","N","N","160.10","Y"
"20244874","06/29/2026 03:03:09 PM",,"MAX","Y","B","M","25","DE","N","N","125.25","N"
"20000102","07/11/2026 01:09:41 PM",,"MIN","N","B","M","60","DE","N","N","155.25","N"
"20109756","05/11/2024 07:17:30 PM",,"MAX","Y","B","M","32","DE","N","N","120.05","Y"
"20200151","04/20/2026 07:04:53 PM",,"MIN","N","O","M","33","DE","N","N","140.25","N"
"82641","01/28/2022 08:25:10 PM",,"MAX","Y","O","F","52","DE","N","N","125.25","Y"
"20097171","06/11/2026 01:15:22 PM",,"MIN","Y","B","M","30","DE","N","N","155.25","N"
"20038300","04/23/2026 03:06:13 PM",,"MIN","N","H","M","47","CS","N","N","220.39","N"
"20241168","08/28/2025 01:19:30 PM",,"MED","Y","B","M","23","DE","N","Y","105.15","Y"
"20019708","07/14/2026 04:09:17 PM",,"MAX","Y","B","M","44","DE","N","Y","160.10","N"
"47635","07/11/2024 01:10:36 PM",,"MED","Y","B","M","57","DE","N","N","125.25","N"
"20133491","06/30/2026 02:29:20 PM",,"MED","N","B","F","33","DE","N","N","155.30","N"
"20221580","07/15/2026 07:33:57 PM",,"MAX","N","O","M","24","DPV","N","N",,"N"
"20229733","02/21/2024 09:25:04 PM",,"MAX","N","B","M","20","DE","N","Y","125.25","Y"
"8279","04/27/2026 10:30:50 AM",,"MIN","Y","B","M","65","CS","N","N",,"N"
"20131313","05/01/2026 05:18:42 PM",,"MIN","Y","A","M","39","CS","N","N",,"N"
"20182258","06/25/2026 05:03:47 PM",,"MED","Y","B","M","28","DE","N","Y","110-125.25","N"
"20041160","07/15/2026 01:12:37 PM",,"MAX","N","B","M","35","DE","N","Y","130.66","N"
"44216","07/22/2025 12:11:55 PM",,"MAX","Y","A","M","37","DE","N","Y","125.25","Y"
"167322","05/19/2026 07:30:59 PM",,"MED","Y","B","M","42","CS","N","N","160.05","N"
"149333","04/25/2025 04:39:31 PM",,"MED","Y","B","M","44","DE","N","N","125.25","Y"
"15811","04/12/2026 12:50:40 AM",,"MIN","Y","B","M","63","DE","N","N","120.05","N"
"20200911","08/21/2025 11:05:07 AM",,"MIN","Y","B","M","53","DE","N","N","110-125.25","Y"
"20251717","07/11/2026 01:14:22 AM",,"MAX","N","W","M","36","DE","N","N",,"N"
"20239383","10/19/2024 12:41:00 PM",,"MED","N","O","M","32","DE","N","N","110-125.25","Y"
"20207383","06/02/2026 01:54:53 AM",,"MED","Y","B","M","45","DE","N","N","140.20","N"
"130364","09/03/2025 04:07:17 PM",,"MAX","Y","B","M","35","DE","N","Y","110-120.10","Y"
"20247130","04/03/2026 12:56:25 PM",,"MED","Y","O","M","34","CS","N","N","215.51","Y"
"20219415","06/30/2026 07:16:00 PM",,"MED","Y","B","M","22","DE","N","N","110-160.15","Y"
"20211518","01/08/2026 11:54:34 AM",,"MAX","Y","I","M","27","DE","N","N","125.25","N"
"20246361","10/01/2025 01:27:34 AM",,"MED","N","O","M","25","DE","N","N","220.21","Y"
"20251718","07/11/2026 01:29:18 AM",,"MED","N","O","M","43","DE","N","N","105.15","N"
"129963","03/18/2026 11:51:51 AM",,"MED","N","O","M","56","DE","N","N","120.05","N"
"20251258","06/17/2026 02:58:37 PM",,"MED","N","B","M","30","DE","N","N","110-125.25","N"
"20240920","07/10/2026 11:39:27 PM",,"MED","Y","O","M","31","DE","N","N","160.15","N"
"106365","11/12/2025 04:38:17 PM",,"MIN","N","B","M","57","DE","N","N","215.51","N"
"20247121","11/08/2025 09:07:12 PM",,"MAX","Y","O","M","22","DE","N","N","120.10","Y"
"20223709","07/16/2026 01:13:16 AM",,,"N","B","F","45","DE","N","N","120.05","N"
"10009357","07/15/2026 01:04:53 AM",,"MED","Y","O","M","37","DE","N","N","140.20","N"
"20247367","02/08/2026 05:03:01 PM",,"MAX","N","O","M","20","DE","N","Y","160.15","Y"
"20241089","06/03/2026 01:13:28 PM",,"MAX","Y","O","M","25","DE","N","N","121.12","N"
"20217601","02/28/2025 12:25:34 PM",,"MAX","Y","O","M","25","DE","N","Y","125.25","Y"
"20185315","06/10/2026 03:38:48 PM",,"MIN","Y","O","M","28","DE","N","N","140.20","N"
"20244863","07/31/2025 09:06:30 AM",,"MAX","Y","B","F","24","DE","N","Y","125.25","Y"
"20222268","01/20/2026 11:53:06 AM",,"MAX","N","B","M","30","DE","N","Y","220.43","Y"
"20229677","04/03/2026 08:29:04 PM",,"MED","N","O","M","23","DE","N","N","160.10","Y"
"20170485","05/16/2026 05:23:18 PM",,"MED","Y","W","M","44","DE","N","N","155.35","N"
"20240156","11/14/2025 08:30:34 AM",,"MAX","Y","B","F","28","DE","N","N","140.30","Y"
"20225071","07/15/2026 08:10:00 PM",,,"N","B","M","23","DE","N","Y","165.40","N"
"20224861","07/08/2026 11:28:25 AM",,"MAX","N","B","M","21","DE","N","Y","265.03","N"
"20249738","05/06/2026 01:05:31 AM",,"MAX","Y","B","M","19","DE","N","Y","160.15","Y"
"20217604","02/17/2025 08:12:00 PM",,"MAX","Y","O","M","23","DE","N","Y","160.10","Y"
"20246631","10/14/2025 08:30:21 PM",,"MAX","Y","B","M","22","DE","N","N","110-125.25","Y"
"20251089","06/08/2026 01:06:00 AM",,"MED","Y","B","M","30","DE","N","N","160.15","N"
"20224671","11/16/2024 12:49:17 AM",,"MED","Y","B","M","55","DE","N","Y","110-125.25","Y"
"20055320","06/05/2026 12:18:43 AM",,"MAX","Y","B","M","34","DE","N","N","121.12","Y"
"20249467","03/20/2026 01:48:52 AM",,"MIN","N","O","M","42","DE","N","N","220.21","N"
"69273","04/16/2026 05:39:50 PM",,"MIN","N","W","M","62","DE","N","N","140.20","N"
"20219526","07/06/2022 08:58:00 PM",,"MED","N","B","M","23","DE","N","Y","125.25","Y"
"20249303","03/12/2026 12:31:12 PM",,"MIN","N","O","M","42","DE","N","N","160.15","N"
"20241602","02/13/2025 12:01:54 PM",,"MED","N","B","M","28","DE","N","N","125.27","Y"
"20251683","07/09/2026 03:22:10 PM",,"MED","N","B","M","55","DE","N","N","FOA 900.00","N"
"20158580","07/15/2026 08:45:00 PM",,"MED","N","B","M","35","DE","N","N","120.10","N"
"20245701","05/31/2026 08:53:54 PM",,"MIN","Y","B","M","25","DE","N","N","205.25","N"
"141339","02/21/2026 11:56:00 PM",,"MIN","Y","O","M","56","CS","N","N",,"N"
"20080001","08/07/2024 07:44:35 PM",,"MAX","N","B","M","30","DE","N","Y","125.25","Y"
"20075938","05/16/2026 06:02:21 PM",,"MAX","Y","O","M","35","DPV","N","N",,"N"
"20243840","07/12/2026 05:28:27 PM",,"MED","N","O","M","28","DE","N","N","140.20","N"
"20233270","06/24/2026 02:50:11 PM",,"MED","N","B","M","28","DE","N","Y","105.17","Y"
"99829","05/17/2023 11:30:29 AM",,"MED","N","B","M","45","DE","N","N","125.25","Y"
"161410","04/10/2025 05:09:12 PM",,"MAX","Y","B","M","37","DE","N","Y","220.16","Y"
"15045","01/09/2026 04:42:23 PM",,"MAX","N","B","M","46","DE","N","Y","160.10","Y"
"20080698","05/15/2026 05:27:00 PM",,"MED","Y","O","M","49","DE","N","N","140.25","N"
"54658","07/11/2026 11:08:00 AM",,"MED","N","B","F","34","DE","N","N","140.30","N"
"20250724","05/20/2026 12:44:00 PM",,"MIN","Y","W","M","71","DE","N","N","120.05","N"
"20251532","07/01/2026 04:54:07 PM",,"MIN","N","B","M","38","DE","N","N","105.10","N"
"113201","05/18/2026 12:03:03 PM",,"MAX","Y","W","F","38","DE","N","N","160.15","N"
"154947","06/14/2026 01:31:48 AM",,"MIN","Y","B","M","39","DE","N","N","220.39","N"
"20156900","06/09/2025 11:47:31 PM",,"MIN","N","B","M","27","DE","N","N","110-125.25","Y"
"12222","07/29/2025 12:09:51 PM",,"MED","Y","B","M","65","DE","N","N","130.30","N"
"20218810","09/13/2025 01:26:21 AM",,"MED","Y","B","M","32","DEP","N","Y","120.10","Y"
"20041676","06/17/2026 08:18:25 PM",,"MIN","Y","O","M","64","DE","N","N","168-T","N"
"114179","06/21/2026 01:09:18 PM",,"MIN","N","B","M","56","DE","N","N","120.05","N"
"20227759","10/31/2023 08:58:12 PM",,"MED","Y","B","M","50","DE","N","N","125.25","N"
"138914","01/09/2025 02:42:39 PM",,"MAX","N","B","M","36","DE","N","Y","110-125.25","Y"
"120596","04/07/2026 08:07:49 PM",,"MIN","N","B","M","52","DE","N","N","265.03","N"
"20075849","05/08/2025 11:59:16 AM",,"MED","N","O","F","35","DE","N","N","220.16","Y"
"20240018","05/16/2026 12:44:39 AM",,"MIN","N","B","M","41","DE","N","N","265.02","N"
"96381","07/14/2026 12:34:58 PM",,"MED","N","B","M","45","DEP","N","Y","VOP","N"
"20214780","06/16/2026 08:02:00 PM",,"MIN","N","B","M","34","DE","N","N","110-160.10","N"
"20216736","06/28/2026 09:02:15 PM",,"MAX","Y","B","M","24","DE","N","Y","140.25","N"
"20100639","11/08/2025 05:09:53 PM",,"MED","Y","O","M","31","DE","N","N","155.30","N"
"20245689","12/15/2025 05:25:48 PM",,"MIN","N","A","M","31","DE","N","N","140.25","Y"
"93717","07/15/2026 12:15:28 AM",,"MIN","N","O","M","48","DE","N","N","120.18","N"
"89092","12/16/2025 08:19:17 PM",,"MIN","N","A","M","53","DE","N","N","140.20","N"
"20210287","03/18/2026 11:36:42 AM",,"MED","Y","O","M","30","DE","N","N","120.05","N"
"20247744","12/11/2025 12:34:45 AM",,"MIN","N","B","M","56","DE","N","N","110-125.25","N"
"20251732","07/12/2026 01:16:45 AM",,"MIN","Y","A","M","49","DE","N","N","110-215.40","N"
"20078947","06/05/2026 10:55:24 AM",,"MAX","Y","B","M","34","DE","N","Y","155.35","N"
"20249978","07/08/2026 11:49:50 PM",,"MED","N","W","M","20","DE","N","N","215.52","N"
"20250923","05/30/2026 11:57:36 AM",,"MIN","N","A","M","37","DE","N","N","110-160.15","N"
"158697","01/27/2026 04:33:03 PM",,"MAX","Y","O","M","35","DE","N","Y","140.25","Y"
"20238557","07/07/2026 04:46:09 PM",,"MIN","Y","B","F","32","DE","N","N","220.03","N"
"30202","01/23/2026 06:42:00 PM",,"MAX","N","B","M","43","DE","N","N","155.30","Y"
"56192","11/28/2023 12:50:06 PM",,"MED","N","O","M","46","DE","N","N","125.25","Y"
"20166511","02/08/2026 12:36:26 PM",,"MIN","N","B","M","70","CS","N","N",,"Y"
"20090310","07/15/2026 04:11:19 PM",,"MED","N","B","M","33","DPV","N","N",,"N"
"20181948","07/14/2026 01:17:11 PM",,"MAX","N","O","M","32","DE","N","N","VTL 1192.3","N"
"10002968","05/02/2026 08:39:21 PM",,"MIN","N","B","M","44","CS","N","N",,"N"
"20195397","04/25/2026 11:17:15 AM",,"MIN","N","W","M","27","DE","N","N","110-125.25","N"
"20221959","06/15/2026 12:38:02 AM",,"MAX","N","B","M","34","DEP","N","N","155.25","Y"
"20245677","01/21/2026 04:25:13 PM",,"MAX","N","B","M","19","CS","N","Y",,"Y"
"20251804","07/15/2026 07:55:48 PM",,"MIN","N","B","M","38","DE","N","N","110-125.25","N"
"20246227","09/24/2025 06:03:31 PM",,"MED","Y","B","F","36","DE","N","N","110-125.25","Y"
"17513","04/26/2026 01:06:48 PM",,"MED","Y","O","M","39","DE","N","N","265.03","Y"
"20251797","07/15/2026 03:51:05 PM",,,"N","B","M","26","DE","N","N","120.05","N"
"111005","03/12/2026 12:10:35 PM",,"MIN","N","B","M","53","DE","N","N","155.35","N"
"20204598","07/30/2025 04:53:29 PM",,"MED","Y","B","M","27","DE","N","N","160.15","Y"
"37256","03/05/2026 05:08:44 PM",,"MIN","N","B","M","64","CS","N","N","140.20","N"
"20245867","09/08/2025 12:17:30 AM",,"MED","Y","B","M","36","DE","N","N","110-130.35","Y"
"20184211","05/20/2025 04:15:24 PM",,"MAX","Y","W","F","30","DE","N","N","110-125.25","Y"
"17726","11/11/2025 12:15:12 AM",,"MED","Y","B","M","54","DEP","N","N","490.20","Y"
"123900","03/30/2026 11:47:24 AM",,"MED","Y","W","M","47","DE","N","Y","160.15","N"
"20248605","02/01/2026 12:04:11 PM",,"MED","Y","O","F","34","DE","N","N","125.25","N"
"20132646","06/12/2026 12:11:09 PM",,"MIN","Y","O","M","44","DE","N","N","120.00","N"
"20244953","07/25/2025 04:09:58 PM",,"MED","Y","B","M","30","DE","N","Y","125.25","Y"
"20196426","07/10/2026 12:13:53 PM",,"MAX","Y","O","M","30","DE","N","N","160.15","N"
"20241658","02/15/2025 11:45:00 PM",,"MED","N","A","M","59","DE","N","N","135.25","N"
"149025","03/04/2026 08:30:00 PM",,"MIN","Y","B","M","66","DE","N","N","120.05","N"
"149842","04/05/2026 12:48:28 PM",,"MIN","N","B","M","37","DE","N","N","140.20","N"
"20092114","05/06/2026 11:05:00 PM",,"MAX","Y","B","M","30","DE","N","N","120.05","Y"
"20221334","10/25/2022 01:30:00 AM",,"MAX","Y","B","M","27","DE","N","Y","125.25","Y"
"20250108","04/21/2026 12:49:31 PM",,"MIN","N","B","M","21","CS","N","N",,"Y"
"20248634","05/30/2026 05:07:17 PM",,"MIN","N","O","M","50","DE","N","N","215.51","N"
"136920","05/19/2026 03:42:14 PM",,"MIN","N","O","M","36","DE","N","N","110-125.25","N"
"24132","06/03/2026 12:31:01 AM",,"MED","N","B","M","62","DEP","N","N","140.25","N"
"140543","06/21/2026 12:35:19 PM",,"MIN","N","B","M","43","DE","N","N","265.03","N"
"20241484","02/05/2025 08:21:00 PM",,"MIN","Y","B","M","29","DE","N","N","160.15","Y"
"30701","07/12/2026 07:47:00 PM",,"MED","Y","B","M","48","DEP","N","N","VOP","N"
"20249510","03/22/2026 12:38:00 PM",,"MIN","Y","B","M","21","DE","N","N","265.03","Y"
"11895","10/15/2025 06:58:01 PM",,"MAX","N","B","M","40","DE","N","N","265.03","N"
"20122789","03/01/2026 11:19:40 PM",,"MED","Y","B","M","35","DE","N","N","140.30","N"
"20197758","11/22/2025 08:20:32 PM",,"MAX","Y","B","M","25","DEP","N","Y","120.10","Y"
"29606","09/17/2025 04:46:00 PM",,"MIN","Y","B","M","42","DE","N","N","160.15","N"
"20158523","03/06/2026 01:21:03 AM",,"MIN","Y","O","M","33","DE","N","N","160.10","Y"
"20246890","10/27/2025 05:19:00 PM",,"MAX","Y","O","M","26","DE","N","N","120.10","Y"
"20251779","07/14/2026 07:36:52 PM",,"MIN","Y","O","M","52","DE","N","N","120.00","N"
"20224030","10/27/2023 11:18:12 PM",,"MED","Y","B","M","34","DE","N","N","125.27","Y"
"20206218","07/02/2026 09:01:04 PM",,"MAX","Y","B","F","20","DEP","N","N","220.03","N"
"20140310","07/11/2026 03:54:05 PM",,"MAX","N","O","M","29","DE","N","N","160.15","N"
"27001","09/30/2025 11:00:28 AM",,"MIN","Y","O","M","52","DE","N","N","110-125.25","N"
"20084556","05/28/2026 04:55:13 PM",,"MAX","Y","B","M","34","DE","N","Y","215.51","Y"
"20246942","10/30/2025 12:32:45 AM",,"MIN","Y","B","M","29","DE","N","N","110-125.27","N"
"20172870","07/03/2020 04:43:32 PM",,"MED","Y","O","M","34","DE","N","N","125.25","Y"
"21765","05/20/2026 11:55:18 PM",,"MIN","N","O","M","59","DE","N","N","220.39","N"
"20249358","03/14/2026 05:05:54 PM",,"MAX","Y","B","M","19","DE","N","N","125.25","Y"
"20247279","05/08/2026 11:07:00 AM",,"MIN","N","B","M","39","DE","N","N","265.03","N"
"20238823","07/26/2025 12:48:50 AM",,"MAX","N","O","M","33","DE","N","N","265.02","Y"
"20227976","05/11/2025 08:02:39 PM",,"MAX","Y","B","M","28","CS","N","N","155.25","Y"
"20218311","03/25/2026 03:36:33 PM",,"MED","Y","B","M","30","DE","N","N","110-130.35","N"
"20222028","12/06/2022 08:57:56 PM",,"MED","Y","B","M","53","DE","N","N","125.25","N"
"20218152","05/21/2026 02:08:41 AM",,"MIN","N","O","M","49","CS","N","N","215.50","N"
"20247259","11/15/2025 12:19:00 AM",,"MED","Y","W","M","42","DE","N","N","130.35","Y"
"20228409","08/30/2024 12:50:06 PM",,"MAX","Y","B","M","25","DE","N","N","110-125.25","Y"
"20079769","11/06/2024 08:51:16 PM",,"MED","N","O","M","47","DE","N","N","220.16","Y"
"20140256","04/28/2026 09:17:03 PM",,"MAX","Y","B","M","33","DE","N","N","140.25","Y"
"20251474","06/28/2026 11:45:43 AM",,"MED","Y","B","F","23","DE","N","N","160.10","Y"
"110968","03/16/2026 07:23:54 PM",,"MIN","N","O","M","49","DE","N","N","265.03","N"
"20222885","05/14/2026 08:47:59 PM",,"MED","Y","O","M","31","DE","N","N","130.52","N"
"80208","06/17/2026 03:30:45 PM",,"MED","N","O","M","48","DE","N","N","165.10","N"
"20189491","07/01/2026 07:10:44 PM",,"MED","Y","O","M","39","DEP","N","N","VOP","N"
"20247332","11/19/2025 02:09:10 PM",,"MAX","Y","B","M","20","DE","N","Y","105.15","Y"
"20123681","04/19/2026 08:48:00 PM",,"MAX","Y","O","F","34","DE","N","N","120.05","Y"
"20249148","03/04/2026 08:59:51 PM",,"MED","N","O","M","43","DE","N","N","130.35","N"
"20239803","05/29/2026 07:35:15 PM",,"MAX","N","B","M","19","DE","N","Y","220.16","Y"
"20248016","12/29/2025 11:44:20 AM",,"MED","Y","B","M","34","DE","N","N","160.15","Y"
"20248832","02/14/2026 01:04:54 PM",,"MIN","N","B","M","33","DE","N","N","110-125.25","N"
"20184498","06/30/2026 01:21:52 PM",,"MIN","Y","I","M","27","DE","N","N","140.20","N"
"20027514","06/29/2026 12:47:08 AM",,"MIN","Y","B","M","69","DE","N","N","140.20","N"
"20049071","05/11/2026 11:54:20 AM",,"MIN","N","B","M","33","SSR","N","N","220.06","N"
"20250615","05/14/2026 08:56:14 PM",,"MIN","N","O","M","26","DE","N","N","220.21","N"
"20037103","07/15/2026 02:53:24 PM",,,"N","B","F","62","DE","N","N","160.15","N"
"20121579","05/11/2026 02:15:44 PM",,"MAX","Y","B","M","29","DE","N","N","160.15","N"
"10006607","12/20/2023 05:06:03 PM",,"MAX","Y","B","M","47","DE","N","N","125.25","Y"
"10010221","06/30/2026 10:47:00 PM",,"MAX","N","B","M","35","DE","N","Y","160.15","N"
"20239449","06/04/2026 11:58:14 AM",,"MIN","Y","B","M","38","DE","N","N","120.05","Y"
"20250567","05/13/2026 01:30:55 AM",,"MIN","N","O","M","25","DE","N","N","220.21","N"
"20156879","07/01/2026 04:54:53 PM",,"MED","N","B","M","30","DE","N","Y","FOA 900.00","N"
"20211580","05/08/2026 11:09:00 AM",,"MAX","Y","B","M","24","DE","N","N","110-160.10","N"
"20106517","02/08/2026 12:40:00 AM",,"MIN","Y","B","M","50","DE","N","N","165.15","Y"
"20241068","01/15/2025 03:48:14 PM",,"MED","Y","O","M","28","DE","N","N","125.25","Y"
"20080138","06/03/2025 12:05:25 PM",,"MIN","Y","B","M","45","DE","N","N","150.15","N"
"20042614","07/10/2025 04:32:49 PM",,"MAX","N",,,"32","DE","N","Y","110-125.25","Y"
"91759","05/21/2026 01:20:50 PM",,"MIN","Y","B","F","58","DE","N","N","215.50","N"
"20248276","01/13/2026 10:35:00 PM",,"MIN","N","B","M","36","DE","N","N","110-120.10","N"
"20197878","05/27/2026 11:30:28 AM",,"MAX","Y","B","M","28","DE","N","Y","265.03","Y"
"43691","06/17/2026 01:11:06 PM",,"MIN","Y","B","M","63","DE","N","N","140.20","N"
"43190","06/30/2026 06:51:03 PM",,"MED","Y","B","M","54","DE","N","N","110-160.05","N"
"98815","07/03/2026 05:20:20 PM",,"MIN","Y","B","M","47","DE","N","N","110-135.20","N"
"20135382","09/20/2025 11:32:54 AM",,"MED","N","B","M","29","DE","N","Y","160.10","Y"
"20245013","07/28/2025 09:06:42 PM",,"MIN","Y","W","M","44","DE","N","N","160.10","Y"
"20230101","06/16/2026 05:08:50 PM",,"MIN","N","O","M","42","CS","N","N",,"N"
"20078455","12/19/2024 07:26:26 PM",,"MAX","N","B","M","36","DE","N","N","110-125.25","Y"
"20002536","06/28/2026 11:39:57 AM",,"MED","Y","O","M","35","DE","N","N","140.20","N"
"152226","12/18/2025 08:28:08 PM",,"MED","N","O","M","36","DE","N","N","265.03","N"
"20244175","04/09/2026 05:37:58 PM",,"MIN","N","B","M","26","CS","N","N","155.25","N"
"134925","07/12/2025 09:40:12 PM",,"MAX","Y","O","M","41","DEP","N","N","160.10","Y"
"20017558","03/13/2026 01:00:33 PM",,"MAX","Y","B","M","35","CSP","N","Y","155.25","Y"
"20226802","12/05/2025 04:28:09 PM",,"MED","Y","B","M","21","SSR","N","Y",,"Y"
"20025239","07/09/2026 11:52:07 PM",,"MIN","Y","O","M","64","DE","N","N","145.00","N"
"10005144","05/19/2026 11:52:00 PM",,"MED","Y","B","M","35","DE","N","N","130.65","N"
"20251035","06/05/2026 11:19:00 AM",,"MAX","N","B","M","20","DE","N","Y","110-125.25","Y"
"35684","12/23/2025 05:01:35 PM",,"MIN","Y","B","M","38","DE","N","N","140.25","Y"
"20242314","03/21/2025 05:14:00 PM",,"MED","N","A","M","36","DE","N","N","130.35","N"
"20223279","05/10/2026 02:13:10 AM",,"MIN","N","W","M","25","DE","N","N","140.20","N"
"20246589","04/07/2026 11:27:47 AM",,"MED","Y","O","M","34","DE","N","N","110-160.15","N"
"20177021","12/10/2025 04:03:42 PM",,"MIN","N","O","M","52","DE","N","N","155.42","N"
"20247204","05/16/2026 03:08:47 PM",,"MAX","Y","B","M","27","DE","N","N","160.10","Y"
"133294","07/02/2026 01:45:12 PM",,"MED","Y","B","M","37","DE","N","Y","110-125.25","N"
"92563","04/18/2026 09:23:15 PM",,"MIN","Y","O","M","44","DE","N","N","155.30","N"
"42021","06/04/2026 06:00:14 PM",,"MAX","Y","O","M","47","DE","N","N","120.05","Y"
"20249680","04/01/2026 04:49:17 PM",,"MED","N","B","M","21","CS","N","N",,"Y"
"20172372","07/01/2026 04:56:00 PM",,"MIN","N","B","M","44","DE","N","N","220.16","N"
"64307","05/05/2026 02:08:04 PM",,"MED","Y","O","M","53","DE","N","N","155.30","N"
"10015672","11/05/2025 07:00:54 PM",,"MED","N","B","M","41","DE","N","Y","110-125.25","N"
"20245822","09/05/2025 03:40:26 PM",,"MED","Y","W","M","26","DE","N","N","110-125.25","Y"
"20246927","10/29/2025 04:03:20 PM",,"MED","N","O","M","29","DE","N","N","220.43","Y"
"75867","09/21/2025 12:09:27 PM",,"MED","N","B","M","65","DE","N","N","155.35","N"
"33268","02/18/2026 03:40:00 PM",,"MIN","Y","B","M","37","DE","N","N","160.10","N"
"117192","06/04/2025 11:29:38 PM",,"MIN","Y","B","F","61","DE","N","N","120.05","Y"
"20145312","06/06/2026 01:12:00 AM",,"MAX","N","B","F","31","DE","N","N","120.05","N"
"20187690","05/21/2026 12:45:43 PM",,"MIN","N","B","M","25","DE","N","N","140.25","N"
"20242732","04/11/2025 05:47:21 PM",,"MED","Y","O","M","36","DE","N","N","130.35","N"
"20076620","10/17/2023 11:46:22 PM",,"MED","Y","O","M","68","DE","N","N","125.25","Y"
"10001585","03/18/2026 12:13:54 AM",,"MIN","N","W","M","46","CS","N","N",,"N"
"20096413","12/03/2025 12:30:44 AM",,"MED","Y","B","M","33","DE","N","Y","120.60","Y"
"10006951","05/22/2026 08:14:19 PM",,"MED","N","B","M","53","SSR","N","N",,"N"
"20119320","04/16/2026 12:24:01 AM",,"MAX","Y","B","M","39","DE","N","N","130.35","Y"
"20251583","07/04/2026 12:48:11 AM",,"MIN","N","B","M","33","DE","N","N","110-170.70","N"
"20223452","03/08/2023 04:20:07 PM",,"MAX","Y","B","M","21","DNS","N","Y",,"Y"
"2032","05/13/2025 12:41:15 AM",,"MED","Y","B","M","48","DE","N","N","120.10","Y"
"20247707","05/18/2026 01:30:50 AM",,"MED","Y","B","M","33","DE","N","N","130.52","N"
"20216830","07/11/2026 12:00:56 AM",,"MED","Y","B","M","30","DE","N","N","120.05","N"
"20246157","09/21/2025 12:08:38 PM",,"MIN","N","B","M","32","DE","N","N","265.03","N"
"20219855","12/03/2024 03:01:37 PM",,"MAX","Y","B","M","22","DE","N","Y","105.15","Y"
"33490","03/29/2025 12:13:40 AM",,"MAX","Y","B","M","42","DE","N","N","160.15","Y"
"20239345","10/17/2024 12:27:10 PM",,"MAX","Y","B","M","21","DE","N","Y","125.27","Y"
"20046951","05/17/2026 09:00:55 PM",,"MED","N","O","M","44","CSP","N","N",,"N"
"161579","05/23/2024 03:58:00 PM",,"MED","N","B","M","42","DE","N","Y","125.25","Y"
"20251253","06/17/2026 01:21:42 AM",,"MED","N","B","M","22","DE","N","N","110-125.25","N"
"20249633","04/09/2026 01:20:44 AM",,"MAX","Y","B","M","26","DE","N","N","120.05","Y"
"20251725","07/11/2026 03:50:00 PM",,"MIN","N","W","M","39","DE","N","N","165.40","N"
"20021429","09/03/2025 10:30:56 AM",,"MAX","Y","W","M","33","DE","N","N","215.51","Y"
"20006984","05/14/2026 03:31:06 PM",,"MAX","N","O","M","34","DE","N","N","110-125.25","Y"
"20177354","07/15/2025 06:16:30 PM",,"MAX","N","B","M","28","CS","N","Y","215.51","Y"
"20251598","07/04/2026 08:34:33 PM",,"MIN","N","A","M","23","DE","N","N","140.20","N"
"20179992","08/09/2025 12:08:55 AM",,"MAX","N","B","M","28","DE","N","Y","160.15","Y"
"20205878","03/02/2025 11:25:56 PM",,"MAX","Y","B","M","28","DE","N","N","110-125.25","Y"
"20217734","07/18/2025 01:10:21 AM",,"MAX","N","B","M","23","DE","N","Y","110-120.10H","Y"
"20215945","10/05/2021 03:36:00 PM",,"MED","N","O","M","59","DEP","N","N","125.20","Y"
"20246137","09/20/2025 12:26:22 AM",,"MED","Y","O","M","45","DE","N","N","125.25","N"
"20216482","07/09/2026 07:20:52 PM",,"MAX","Y","B","M","22","DE","N","Y","120.05","N"
"71769","06/03/2026 04:22:25 PM",,"MAX","N","B","M","39","DE","N","Y","110-120.10","N"
"20233291","06/15/2026 12:25:24 PM",,"MED","N","B","M","20","DE","N","N","265.03","N"
"20226162","12/29/2025 03:10:24 PM",,"MAX","Y","B","M","28","DE","N","N","160.10","Y"
"20002666","11/16/2025 01:13:51 AM",,"MED","Y","B","F","44","DE","N","N","140.25","Y"
"120884","12/14/2025 12:52:00 AM",,"MAX","Y","B","M","40","DE","N","Y","110-125.25","Y"
"20246299","09/27/2025 04:52:00 PM",,"MIN","Y","O","M","38","DE","N","N","120.05","Y"
"20229921","03/27/2026 04:28:00 PM",,"MAX","Y","W","M","21","DE","N","N","125.25","Y"
"21769","07/09/2026 11:46:23 AM",,"MED","N","B","M","64","DE","N","N","140.20","N"
"20152181","04/14/2026 05:16:04 PM",,"MED","Y","B","F","51","CS","N","N","140.20","Y"
"20251528","07/01/2026 01:30:37 PM",,"MED","N","O","M","45","DE","N","N","125.25","N"
"20248764","02/11/2026 03:50:07 PM",,"MED","Y","B","F","28","DE","N","N","125.20","Y"
"20143938","06/02/2025 12:33:34 PM",,"MIN","Y","B","M","37","DE","N","N","110-125.25","N"
"156677","07/08/2025 11:38:31 AM",,"MAX","Y","O","M","37","DE","N","N","110-160.15","N"
"20251049","06/06/2026 10:18:47 AM",,"MAX","Y","B","M","18","DE","N","N","160.15","Y"
"20248443","01/22/2026 05:41:27 PM",,"MIN","Y","B","M","31","DE","N","N","110-125.25","N"
"20231494","04/04/2025 07:44:00 PM",,"MED","N","W","M","48","DE","N","N","215.51","Y"
"42744","03/25/2025 01:05:00 AM",,"MIN","Y","B","M","46","DE","N","N","110-160.10","N"
"20147324","04/18/2026 11:58:00 AM",,"MIN","Y","B","M","36","DE","N","N","120.00","N"
"20245275","05/23/2026 04:30:44 PM",,"MED","N","B","M","24","CS","N","N","205.30","N"
"20212311","01/03/2026 04:25:19 PM",,"MED","N","B","M","25","CS","N","N","160.15","N"
"20229582","11/11/2025 03:47:06 PM",,"MED","Y","B","M","39","DE","N","N","140.20","Y"
"20046038","08/22/2025 01:18:20 AM",,"MIN","Y","O","M","49","DE","N","N","140.25","Y"
"13955","07/12/2026 11:46:00 PM",,"MED","Y","B","M","59","DE","N","N","CO","N"
"20232616","12/20/2025 12:39:59 PM",,"MIN","Y","B","F","35","DE","N","N","160.15","Y"
"20195134","06/24/2026 12:28:51 AM",,"MIN","N","O","M","54","DE","N","N","110-155.35","N"
"20250814","05/26/2026 01:15:57 PM",,"MED","Y","O","M","37","SSR","N","N",,"N"
"20088318","07/15/2026 06:19:00 PM",,,"N","B","M","33","DE","N","Y",,"N"
"20209429","02/22/2020 04:56:00 PM",,"MAX","Y","B","F","25","DE","N","Y","125.25","Y"
"20239541","02/05/2025 05:33:50 PM",,"MAX","Y","B","F","28","DE","N","N","110-120.10","Y"
"122248","05/14/2025 01:08:36 AM",,"MAX","Y","B","M","36","DE","N","N","125.25","Y"
"20217867","03/05/2026 12:53:29 AM",,"MED","N","W","M","48","DE","N","N","110-160.05","Y"
"20248886","02/18/2026 05:16:05 PM",,"MIN","Y","O","M","41","DE","N","N","110-125.25","Y"
"168549","06/01/2026 03:50:29 PM",,"MIN","Y","O","M","35","DE","N","N","150.10","Y"
"160894","01/26/2026 04:20:04 PM",,"MIN","Y","O","M","45","CS","N","N",,"N"
"68435","07/07/2026 05:38:41 PM",,"MED","N","B","M","66","DE","N","N","215.52","N"
"20049117","10/02/2025 01:47:37 PM",,"MED","N","B","M","34","DE","N","N","125.25","N"
"20121357","11/06/2025 01:18:00 AM",,"MED","Y","O","M","32","DE","N","N","490.20","N"
"20147875","05/12/2026 07:05:00 PM",,"MIN","N","B","M","45","DE","N","N","140.25","N"
"20187388","06/12/2026 03:22:08 PM",,"MED","Y","O","M","33","DE","N","N",,"N"
"20251805","07/15/2026 10:38:00 PM",,,"N","B","M","29","DE","N","N","160.10","N"
"20245157","08/05/2025 08:30:24 PM",,"MED","N","O","M","36","DE","N","N","125.25","N"
"20250128","04/22/2026 11:35:06 AM",,"MIN","N","O","M","33","DE","N","N","140.25","N"
"20099895","06/03/2026 12:56:09 PM",,"MAX","Y","A","M","33","DE","N","Y","265.03","N"
"20223606","03/17/2023 12:00:27 AM",,"MED","Y","A","M","24","DE","N","N","125.25","Y"
"20223752","05/29/2026 08:12:03 PM",,"MAX","Y","O","M","22","DE","N","N","160.10","N"
"20240195","11/27/2024 05:11:55 PM",,"MED","N","O","M","40","SSR","N","N","130.65","N"
"20251787","07/15/2026 11:45:26 AM",,,"N","O","M","53","CS","N","N",,"N"
"20101938","04/16/2025 12:52:22 AM",,"MED","Y","B","M","57","DE","N","N","160.15","Y"
"20221107","07/14/2026 07:12:00 PM",,"MIN","Y","O","M","25","DE","N","N","140.25","N"
"20233089","01/24/2025 09:35:32 PM",,"MAX","N","U","M","21","DE","N","N","265.03","Y"
"20242028","03/08/2025 11:05:38 AM",,"MED","N","B","M","36","DE","N","Y","120.10","Y"
"41943","07/07/2026 06:29:42 PM",,"MED","Y","W","M","39","DE","N","N","155.35","N"
"20212432","04/28/2025 05:38:37 PM",,"MAX","N","B","M","24","DE","N","N","125.25","Y"
"20249486","03/21/2026 03:25:01 PM",,"MIN","N","B","M","23","CS","N","N",,"N"
"20053234","01/13/2026 02:16:30 PM",,"MIN","N","B","M","35","CS","N","Y","265.01","N"
"20213134","03/22/2026 01:13:35 PM",,"MED","N","B","M","33","DE","N","N","130.25","N"
"20249421","07/15/2026 11:59:39 AM",,,"Y","W","F","36","DE","N","N","FOA 900.00","N"
"20133443","06/09/2026 12:06:41 PM",,"MED","Y","B","M","48","DE","N","N","130.35","N"
"20177534","06/19/2026 12:14:41 PM",,"MED","N","B","M","35","DE","N","N","FOA 900.00","N"
"20216754","03/19/2025 04:38:04 PM",,"MAX","Y","B","M","25","DE","N","Y","105.17","Y"
"20158603","09/04/2025 10:34:34 AM",,"MED","Y","B","M","28","DE","N","Y","265.03","Y"
"60812","12/28/2025 05:33:08 PM",,"MAX","N","B","M","37","DE","N","N","160.15","N"
"20213140","02/29/2024 07:40:41 PM",,"MED","Y","O","F","43","DE","N","N","125.25","Y"
"20243455","12/04/2025 03:42:20 PM",,"MIN","Y","A","M","47","DE","N","N","140.25","N"
"20251643","07/07/2026 01:57:02 PM",,"MIN","N","W","F","25","DE","N","N","155.30","N"
"20242499","02/11/2026 12:28:36 AM",,"MIN","Y","W","M","33","DE","N","N","265.03","N"
"20166661","11/13/2025 10:27:03 AM",,"MIN","N","O","M","28","DE","N","N","120.10","Y"
"20211583","11/12/2024 11:59:05 PM",,"MED","Y","B","M","50","DE","N","N","125.25","Y"
"20114442","09/22/2024 12:21:02 PM",,"MAX","Y","B","M","29","DE","N","Y","220.16","Y"
"20247624","12/04/2025 11:44:00 PM",,"MIN","N","W","M","23","DE","N","N","155.42","Y"
"20037387","02/16/2026 10:37:00 PM",,"MED","Y","B","M","45","DE","N","N","120.00","Y"
"20251675","07/09/2026 10:39:21 AM",,"MIN","N","B","M","48","DE","N","N","FOA 900.00","N"
"20240149","01/22/2025 11:53:19 PM",,"MAX","Y","B","M","20","DEP","N","Y","120.10","Y"
"20227080","04/03/2025 05:04:00 PM",,"MED","Y","A","M","42","DE","N","N","125.27","Y"
"20232949","07/30/2024 12:50:00 PM",,"MAX","Y","B","M","25","DE","N","Y","125.25","Y"
"20246278","09/26/2025 12:13:33 PM",,"MED","Y","B","M","26","DE","N","N","125.25","Y"
"20161733","02/26/2026 04:19:18 PM",,"MAX","Y","B","M","44","DE","N","Y","130.53","Y"
"20045844","01/20/2026 12:07:39 PM",,"MAX","Y","O","M","47","DE","N","Y","120.10","Y"
"20245190","06/15/2026 01:04:47 AM",,"MED","N","A","F","34","DE","N","N","140.25","N"
"20134405","09/30/2025 02:04:29 PM",,"MAX","Y","B","M","34","DE","N","N","160.15","N"
"20109609","06/02/2026 04:31:02 PM",,"MED","N","A","M","43","DE","N","N","110-125.25","N"
"20062526","07/10/2026 12:45:51 AM",,"MED","Y","B","M","50","DE","N","N","168-T(2)","N"
"20243115","04/30/2025 07:14:32 PM",,"MED","Y","B","F","38","DE","N","N","125.25","N"
"20149701","03/25/2026 11:12:00 AM",,"MIN","Y","B","M","49","CSP","N","N","FOA 900.00","N"
"20122219","05/19/2026 12:50:00 AM",,"MIN","Y","B","M","38","DE","N","N","215.52","N"
"20070340","05/07/2026 04:28:27 PM",,"MIN","N","O","M","32","DE","N","N","220.39","N"
"20229862","09/23/2025 03:00:26 PM",,"MED","Y","B","M","43","DE","N","N","140.20","Y"
"20246199","07/15/2026 04:40:22 PM",,"MIN","N","O","M","30","DE","N","N","155.30","N"
"20127593","05/30/2026 11:21:00 PM",,"MED","N","O","M","31","DE","N","N","120.07","N"
"20244392","05/19/2026 03:43:04 PM",,"MAX","Y","B","M","20","DE","N","Y","160.15","Y"
"20250867","05/28/2026 11:40:52 AM",,"MAX","Y","O","M","18","DE","N","N","160.15","Y"
"20075775","06/20/2025 06:09:36 PM",,"MED","Y","O","M","55","DE","N","N","140.30","Y"
"94412","06/18/2026 12:08:27 PM",,"MED","Y","O","M","54","DE","N","N","155.30","N"
"20218702","08/21/2025 03:55:08 PM",,"MED","Y","O","M","30","DE","N","N","110-125.25","Y"
"20045641","07/15/2026 06:40:30 PM",,,"N","O","M","28","DE","N","Y","155.30","N"
"20241412","07/02/2026 03:43:02 PM",,"MED","N","B","M","21","SSR","N","N","220.05","N"
"20246680","03/22/2026 12:27:56 PM",,"MED","Y","W","F","34","DE","N","N","120.05","Y"
"20091223","10/12/2025 05:50:15 PM",,"MAX","Y","O","M","41","DE","N","N","120.10","Y"
"20167830","07/14/2026 09:50:52 PM",,"MAX","N",,,"27","DEP","N","Y","160.15","N"
"20002764","05/27/2026 01:30:02 AM",,"MIN","Y","B","M","64","DE","N","N",,"N"
"20249330","03/13/2026 04:15:00 PM",,"MED","Y","B","M","30","DE","N","N","110-130.35","N"
"20243126","04/30/2026 07:55:16 PM",,"MIN","Y","B","F","27","CS","N","N","120.05","N"
"20233189","07/16/2026 12:42:58 AM",,,"N","B","M","22","DE","N","N","110-125.25","N"
"20038365","02/01/2026 08:13:17 PM",,"MIN","N","B","M","57","DE","N","N","110-125.25","Y"
"14438","08/24/2025 08:43:26 PM",,"MIN","N","B","M","39","DE","N","N","265.03","Y"
"20182433","06/17/2026 05:17:33 PM",,"MIN","Y","B","M","33","DE","N","N","110-120.07","N"
"20120147","01/23/2025 05:03:00 PM",,"MAX","Y","B","M","33","DE","N","Y","125.25","Y"
"20150958","06/29/2026 08:32:31 PM",,"MED","Y","B","M","32","DE","N","N","110-160.15","N"
"20156273","06/15/2026 12:59:35 PM",,"MED","Y","O","F","53","DE","N","N","140.30","N"
"20159536","05/08/2026 02:20:26 PM",,"MED","N","B","M","33","DE","N","Y","110-125.25","N"
"20054903","07/24/2025 09:24:33 PM",,"MED","Y","O","M","32","DE","N","Y","220.43","Y"
"20241637","01/13/2026 04:22:00 PM",,"MAX","Y","O","M","27","DE","N","N","110-160.10","Y"
"20238667","12/11/2024 12:15:18 PM",,"MAX","N","B","M","31","DE","N","Y","105.17","N"
"109702","06/25/2026 06:09:23 PM",,"MED","N","B","M","44","DEP","N","N","VOP","N"
"136653","07/03/2026 12:01:08 PM",,"MED","N","O","M","62","DE","N","N","140.25","N"
"20176582","05/26/2026 04:25:12 PM",,"MAX","N","B","M","29","DE","N","Y","125.25","Y"
"10013138","03/17/2026 12:00:00 AM",,"MIN","Y","O","M","40","DE","N","N","140.20","Y"
"12215","04/10/2026 07:03:02 PM",,"MIN","N","B","M","37","DE","N","N","265.03","N"
"20163665","04/14/2023 01:31:46 PM",,"MED","Y","O","M","30","DE","N","N","125.25","N"
"123666","04/25/2026 12:34:59 AM",,"MIN","Y","B","M","60","DE","N","N","265.03","N"
"20243967","07/17/2025 11:58:00 AM",,"MAX","Y","B","M","33","DE","N","N","160.15","Y"
"20239422","04/09/2026 01:17:13 PM",,"MIN","Y","B","M","36","DE","N","N","160.05","N"
"20241901","11/09/2025 01:15:59 AM",,"MIN","N","O","M","31","CS","N","N",,"N"
"20182530","07/03/2026 10:18:29 AM",,"MAX","N","B","M","54","DE","N","N","220.39","N"
"20239248","10/11/2024 12:22:00 PM",,"MAX","N","B","M","31","DE","N","N","125.25","Y"
"80405","07/08/2026 09:26:55 PM",,"MED","N","B","M","62","DE","N","N","220.39","N"
"10000449","08/14/2025 03:55:25 PM",,"MED","Y","B","M","45","DE","N","N","125.25","Y"
"20244912","07/23/2025 11:27:00 PM",,"MED","N","B","M","28","DE","N","N","130.35","Y"
"8964","04/29/2026 12:53:31 AM",,"MIN","N","B","M","38","DE","N","N","110-220.06","Y"
"20083221","02/28/2023 04:43:36 PM",,"MED","Y","O","M","50","DE","N","N","125.25","N"
"20241819","05/15/2026 04:45:20 PM",,"MIN","N","B","M","23","DE","N","N","155.30","N"
"20244092","06/14/2025 12:17:00 AM",,"MED","N","A","M","32","DE","N","N","220.16","Y"
"20207244","07/14/2026 10:17:42 AM",,"MED","N","B","M","63","DEP","N","N","VOP","N"
"20112919","01/29/2026 03:54:10 PM",,"MED","Y","B","M","38","DE","N","N","140.25","N"
"20152333","05/04/2026 08:11:20 PM",,"MAX","N","O","M","28","DE","N","Y","1192(3)","N"
"20250533","05/12/2026 11:54:00 AM",,"MIN","N","W","M","36","CS","N","N",,"N"
"20154738","05/02/2026 11:20:18 AM",,"MIN","N","B","M","31","DE","N","N","220.16","Y"
"20205877","03/10/2026 04:35:26 PM",,"MAX","Y","B","M","28","DE","N","N","120.10","Y"
"20065715","03/25/2026 01:57:41 PM",,"MIN","Y","B","M","43","DE","N","N","140.20","N"
"20229422","02/03/2024 06:51:00 PM",,"MIN","N","A","M","24","DE","N","N","160.15","Y"
"20222700","03/02/2026 11:38:24 AM",,"MIN","Y","O","M","32","DNS","N","N",,"N"
"20213913","07/27/2024 10:41:04 AM",,"MED","Y","B","M","33","DE","N","N","120.60","Y"
"11618","01/21/2026 05:52:47 PM",,"MIN","Y","O","M","65","CS","N","N","155.25","N"
"20077214","06/11/2026 06:42:27 PM",,"MIN","Y","B","M","33","DE","N","N","121.12","N"
"20109905","08/10/2025 08:15:09 PM",,"MAX","Y","B","M","40","DE","N","N","110-160.15","Y"
"20202210","05/22/2026 03:57:26 PM",,,"N","W","F","36","DE","N","N","120.08","N"
"20196989","06/10/2026 04:03:23 PM",,"MAX","Y","B","M","33","DE","N","N","160.10","N"
"20247469","11/25/2025 03:38:10 PM",,"MED","N","B","M","38","DE","N","N","125.25","N"
"20242680","04/09/2025 01:06:18 PM",,"MAX","N","O","M","29","DE","N","N","110-125.25","Y"
"20049122","06/26/2026 12:22:27 PM",,"MAX","Y","W","F","35","DE","N","N","220.16","Y"
"20251737","07/12/2026 11:58:27 AM",,"MIN","N","O","M","36","DE","N","N","FOA 900.00","N"
"20251041","06/05/2026 05:23:53 PM",,"MED","Y","B","F","53","DE","N","N","125.25","Y"
"20093348","07/15/2026 04:56:19 PM",,,"N","B","M","26","DE","N","N","110-125.25","N"
"10016221","04/09/2026 12:26:20 PM",,"MED","Y","B","M","36","DE","N","N","170.10","Y"
"20248206","03/23/2026 04:00:08 PM",,"MED","N","O","M","32","DE","N","N","140.25","Y"
"20247353","11/19/2025 08:43:57 PM",,"MIN","Y",,,"31","DE","N","N","120.05","N"
"20241312","05/07/2025 05:00:03 PM",,"MIN","Y","O","M","34","DE","N","N","460.20","N"
"26525","02/03/2026 12:41:17 AM",,"MIN","Y","B","M","39","DE","N","N","160.10","N"
"20229461","02/06/2024 04:59:22 PM",,"MED","Y","B","M","37","DE","N","N","125.25","Y"
"20245203","08/07/2025 05:52:14 PM",,"MAX","Y","B","F","20","DE","N","N","120.10","Y"
"20248338","01/16/2026 11:12:23 AM",,"MED","N","O","M","23","DE","N","N","160.15","N"
"20238787","04/14/2026 06:59:02 PM",,"MED","Y","O","M","25","CS","N","N","155.30","N"
"20248961","02/22/2026 11:43:26 AM",,"MAX","N","B","M","18","DE","N","Y","110-125.25","Y"
"20249841","04/09/2026 02:48:34 PM",,"MED","Y","B","M","21","DE","N","Y","125.25","Y"
"20044978","06/03/2026 11:31:37 AM",,"MIN","N","B","M","33","CS","N","N",,"N"
"20106883","06/20/2025 04:13:09 PM",,"MIN","Y","O","M","36","DE","N","N","215.51","Y"
"20205607","04/11/2026 01:11:50 PM",,"MAX","Y","O","M","36","DE","N","N","160.15","Y"
"20251048","06/06/2026 01:28:47 AM",,"MED","N","B","M","19","DE","N","N","110-125.25","N"
"20076815","03/18/2025 11:20:22 AM",,"MAX","Y","B","M","31","DE","N","Y","125.25","Y"
"166668","04/10/2026 10:14:09 AM",,"MAX","Y","B","M","35","DE","N","Y","265.03","Y"
"20152391","02/09/2026 03:04:30 PM",,"MAX","Y","B","M","29","DE","N","Y","110-125.25","Y"
"20211428","12/12/2025 04:58:52 PM",,"MED","Y","O","F","56","DE","N","N","125.25","N"
"20243897","05/28/2026 01:00:10 PM",,"MAX","N","B","M","21","CS","N","Y","120.00","Y"
"20246110","09/18/2025 08:44:33 PM",,"MAX","Y","O","M","34","DE","N","N","150.20","N"
"20111901","06/12/2026 12:51:56 PM",,"MED","Y","B","M","45","DE","N","N","130.75","N"
"90617","11/13/2025 03:20:45 PM",,"MED","Y","B","M","35","DE","N","N","130.65","N"
"20250129","04/22/2026 12:26:00 PM",,"MIN","Y","B","M","26","DE","N","N","110-125.25","N"
"20243770","06/24/2026 02:11:58 PM",,"MED","N","B","M","25","SSR","N","N",,"N"
"25650","09/10/2022 10:34:00 PM",,"MED","Y","B","M","52","DE","N","N","125.25","Y"
"20251053","06/06/2026 12:48:21 PM",,"MIN","Y","O","M","36","DE","N","N","140.25","N"
"100168","04/09/2026 11:31:00 PM",,"MIN","N","B","M","47","DE","N","N","220.16","Y"
"20249314","04/23/2026 12:46:34 PM",,"MIN","Y","B","M","26","DE","N","N","120.05","Y"
"20170792","02/12/2026 09:20:34 PM",,"MIN","N","B","M","58","DE","N","N","140.20","N"
"20232742","01/23/2026 11:52:19 AM",,"MAX","N","O","M","24","DE","N","Y","160.15","Y"
"20242658","04/08/2025 02:29:49 PM",,"MED","N","O","M","48","DE","N","N","125.27","Y"
"20244612","07/10/2025 12:27:55 PM",,"MED","Y","B","F","27","DE","N","N","0","Y"
"20232575","07/12/2024 02:38:31 PM",,"MIN","Y","O","M","53","DE","N","N","110-125.25","N"
"17585","12/31/2025 10:22:00 PM",,"MIN","Y","O","M","56","DE","N","N","140.20","Y"
"20193125","05/11/2026 04:25:34 PM",,"MIN","Y","O","F","54","DE","N","N","155.30","N"
"20167589","05/25/2026 04:25:12 PM",,"MED","Y","O","M","42","DE","N","N","140.20","N"
"20229312","05/05/2026 02:28:48 PM",,"MAX","Y","O","M","26","DE","N","N","120.05","N"
"20247391","07/15/2026 12:07:44 PM",,"MIN","N","B","M","22","DE","N","N","165.40","N"
"20221998","06/26/2026 12:01:30 AM",,"MAX","N","B","M","25","DE","N","Y","265.03","N"
"20251719","07/11/2026 11:50:33 AM",,"MIN","Y","O","M","37","DE","N","N","121.11","N"
"20097641","02/04/2026 08:17:27 PM",,"MED","N","O","M","35","DE","N","N","220.21","Y"
"20249932","04/13/2026 04:31:00 PM",,"MED","Y","O","M","51","DE","N","N","130.35","Y"
"20243186","12/24/2025 07:18:42 PM",,"MED","Y","B","M","21","DE","N","N","160.05","Y"
"20245779","04/22/2026 12:13:40 PM",,"MED","N","O","M","31","DE","N","N","140.25","N"
"20245617","08/26/2025 11:27:17 PM",,"MED","N","B","M","61","DE","N","N","130.35","Y"
"20248467","06/13/2026 12:30:12 PM",,"MED","N","W","M","18","DE","N","Y","105.15","N"
"20249636","03/29/2026 11:17:00 PM",,"MAX","N","B","M","30","DE","N","N","265.03","Y"
"20073108","06/10/2026 07:27:13 PM",,"MIN","N","B","M","49","DE","N","N","230.34","N"
"20209697","02/27/2026 04:33:35 PM",,"MIN","N","W","M","33","DE","N","N","220.43","N"
"20228284","07/01/2026 12:27:25 PM",,"MAX","Y","W","F","37","DE","N","N","150.15","N"
"20056512","01/31/2026 12:26:59 PM",,"MED","Y","O","M","38","DE","N","N","130.95","N"
"163697","10/19/2025 11:52:57 AM",,"MIN","N","B","M","48","DE","N","N","265.03","N"
"155718","10/20/2025 12:20:42 PM",,"MED","Y","B","M","36","DE","N","N","130.35","Y"
"111577","11/20/2025 03:41:17 PM",,"MED","N","B","M","56","CS","N","N",,"N"
"20201402","06/05/2024 12:19:44 AM",,"MIN","N","O","M","31","DE","N","N","110-125.25","N"
"20069508","05/03/2024 04:33:49 PM",,"MIN","N","O","M","43","DE","N","N","265.02","Y"
"20151098","07/14/2026 12:59:00 PM",,"MIN","N","B","M","28","DE","N","N","121.12","N"
"20248063","12/31/2025 08:45:54 PM",,"MIN","Y","A","M","43","DE","N","N","265.03","Y"
"20221961","03/06/2025 11:12:01 AM",,"MAX","Y","W","M","30","DE","N","N","130.35","Y"
"10011917","03/05/2026 03:16:34 PM",,"MED","N","B","M","47","DE","N","N","125.25","N"
"20250485","05/09/2026 08:18:23 PM",,"MIN","Y","O","M","33","DE","N","N","110-125.25","N"
"20021167","03/03/2026 02:43:00 PM",,"MAX","Y","O","M","36","DE","N","N","120.05","Y"
"20095264","07/14/2026 10:20:08 AM",,"MED","Y","B","M","31","DEP","N","N","VOP","N"
"20247483","11/25/2025 09:13:28 PM",,"MED","Y","O","M","60","DE","N","N","130.35","N"
"91729","09/30/2023 01:39:26 PM",,"MED","N","B","M","42","DE","N","N","125.25","Y"
"131220","09/20/2023 12:36:20 PM",,"MED","Y","B","M","43","DE","N","Y","125.25","Y"
"20251442","06/26/2026 01:07:54 AM",,"MED","N","O","M","22","DE","N","N","160.10","N"
"20230151","09/17/2025 12:20:35 PM",,"MAX","Y","B","M","33","DE","N","N","120.05","Y"
"20230525","04/03/2024 07:52:54 PM",,"MED","Y","B","F","28","DE","N","N","125.25","Y"
"20241038","01/30/2025 05:28:29 PM",,"MED","N","O","M","20","DE","N","N","125.25","Y"
"20250134","06/25/2026 01:16:36 PM",,"MED","N","B","M","20","DE","N","Y","105.15","N"
"116497","03/05/2026 04:53:10 PM",,"MAX","Y","B","M","37","DE","N","N","140.20","Y"
"20248367","01/18/2026 11:40:00 AM",,"MED","Y","B","M","21","DE","N","Y","110-125.25","N"
"20242217","01/09/2026 12:04:00 AM",,"MIN","N","A","M","41","DE","N","N","120.05","Y"
"20199146","05/21/2026 12:34:26 PM",,"MIN","N","O","M","32","CS","N","N","265.01","N"
"20248754","06/13/2026 12:30:05 AM",,"MED","Y","B","M","37","DE","N","N","120.05","Y"
"20132758","12/01/2025 05:42:10 PM",,"MED","Y","B","M","66","DE","N","N","215.51","Y"
"20227805","09/06/2024 06:34:56 PM",,"MED","Y","B","M","22","DE","N","Y","105.15","Y"
"20230789","07/15/2026 04:52:38 PM",,"MED","Y","O","M","26","DE","N","N","130.52","N"
"20216535","12/01/2025 11:59:57 AM",,"MED","Y","B","M","30","DE","N","N","120.05","Y"
"65161","04/19/2026 01:00:55 AM",,"MED","N","B","M","56","DE","N","N","160.15","N"
"20216056","10/15/2021 12:24:30 PM",,"MED","Y","B","M","49","SSR","N","N",,"N"
"20202147","03/05/2026 08:00:48 PM",,"MIN","N","O","M","41","DE","N","N","140.20","N"
"20153973","05/13/2026 01:15:25 AM",,"MAX","Y","B","M","63","CSP","N","N","140.20","N"
"20102871","04/23/2025 03:26:00 PM",,"MED","Y","B","M","45","DE","N","N","125.20","Y"
"12703","06/17/2026 05:02:24 PM",,"MIN","N","B","M","58","DE","N","N","160.05","N"
"20215707","03/23/2026 12:59:24 PM",,"MAX","Y","W","M","23","CS","N","N","FOA 900.00","Y"
"20242995","05/13/2026 12:44:32 PM",,"MIN","Y","B","M","24","DE","N","N","140.25","N"
"20241823","05/06/2025 06:05:11 PM",,"MAX","Y","B","M","21","DE","N","Y","220.16","Y"
"101490","07/19/2024 09:10:05 PM",,"MED","N","B","M","38","DE","N","N","125.25","N"
"20233286","10/13/2024 11:19:37 PM",,"MAX","Y","O","M","23","DE","N","Y","220.16","Y"
"20240078","11/21/2024 11:28:46 PM",,"MIN","N","B","M","70","DE","N","N","120.10","N"
"16565","05/17/2026 09:29:09 PM",,"MED","Y","W","M","64","DE","N","N","120.05","Y"
"10007687","05/12/2026 10:23:05 AM",,"MED","Y","O","M","51","DE","N","N","160.05","N"
"20238925","06/13/2026 12:47:51 AM",,"MAX","Y","O","M","34","DE","N","N","120.05","N"
"20045033","04/20/2023 09:42:00 PM",,"MAX","Y","B","M","33","DE","N","Y","110-125.25","Y"
"20242346","09/12/2025 05:00:12 PM",,"MED","Y","W","M","23","CS","N","N",,"Y"
"20142881","06/25/2026 10:46:39 PM",,"MAX","N","B","M","28","DE","N","Y","120.10","Y"
"20251487","06/29/2026 01:37:58 AM",,"MIN","Y","W","F","41","DE","N","N","140.15","N"
"20251595","07/04/2026 05:34:14 PM",,"MED","N","O","M","27","DE","N","N","1192(2)-A","N"
"20211444","06/16/2026 12:10:24 PM",,"MED","Y","B","M","61","DE","N","N","VOP","N"
"20139791","04/30/2026 02:51:51 PM",,"MED","Y","B","M","33","DE","N","N","130.52","Y"
"161965","04/22/2026 04:47:45 PM",,"MIN","Y","B","F","52","CS","N","N",,"N"
"20251783","07/15/2026 12:13:48 AM",,"MIN","Y","O","M","30","DE","N","N","140.30","N"
"20225803","07/17/2024 12:47:03 PM",,"MED","Y","O","M","51","DE","N","N","125.25","Y"
"20228657","07/09/2026 01:30:01 PM",,"MED","Y","W","M","32","CS","N","N",,"N"
"20225541","03/20/2026 04:11:00 PM",,"MED","N","W","M","35","DE","N","N","110-125.25","N"
"20249951","04/14/2026 06:54:01 PM",,"MED","Y","B","M","19","DE","N","N","125.25","Y"
"20057295","07/13/2026 02:45:51 PM",,"MED","N","B","F","32","DE","N","N","VOP","N"
"20217711","10/21/2025 11:54:23 AM",,"MAX","Y","B","M","23","DE","N","Y","160.10","Y"
"20246646","10/15/2025 05:04:59 PM",,"MED","Y","B","M","22","DE","N","N","105.15","Y"
"20222293","07/07/2026 03:43:15 PM",,"MAX","Y","O","M","32","DE","N","N","240.75","N"
"20230581","04/06/2024 12:30:00 AM",,"MIN","N","O","M","30","DNS","N","N",,"N"
"20241489","02/06/2025 12:27:58 AM",,"MAX","Y","B","F","33","DE","N","N","230.34","Y"
"36064","06/16/2026 12:48:57 PM",,"MED","N","B","M","45","DE","N","N","110-125.25","N"
"20248674","02/06/2026 12:40:00 AM",,"MED","Y","B","F","31","DE","N","N","110-125.25","Y"
"88826","10/31/2025 12:26:58 PM",,"MED","Y","B","M","45","DE","N","Y","125.25","N"
"20132716","12/04/2025 01:35:00 PM",,"MED","Y","B","M","34","DE","N","N","125.25","N"
"20150212","09/29/2025 04:06:17 PM",,"MED","N","B","M","29","DE","N","Y","160.10","Y"
"20174910","07/15/2025 11:27:38 PM",,"MAX","Y","B","M","26","CS","N","Y","120.05","Y"
"20249754","04/05/2026 11:47:42 AM",,"MIN","N","W","M","49","DE","N","N","265.03","N"
"20243872","06/17/2026 12:45:06 PM",,"MIN","N","B","M","19","DE","N","Y","160.10","N"
"20230016","03/07/2024 04:08:00 PM",,"MAX","Y","B","M","21","DE","N","Y","125.25","Y"
"20249026","07/09/2026 01:09:52 PM",,"MIN","N","W","M","38","DE","N","N","120.05","N"
"20163746","01/22/2026 04:59:25 PM",,"MED","Y","B","M","30","DE","N","Y","265.03","N"
"14787","03/04/2025 12:20:56 PM",,"MED","N","B","M","40","DE","N","N","110-125.25","N"
"20187049","03/21/2026 08:40:00 PM",,"MIN","Y","B","M","36","DE","N","N","215.56","N"
"74680","06/09/2025 06:48:53 PM",,"MED","N","B","M","43","DE","N","N","110-125.25","Y"
"20242006","03/07/2025 03:43:40 PM",,"MIN","Y","O","F","32","DE","N","N","120.05","Y"
"20149472","01/17/2026 01:06:00 AM",,"MAX","Y","B","M","35","DE","N","N","110-125.25","N"
"20250204","04/25/2026 12:32:30 PM",,"MED","Y","B","M","71","DE","N","N","130.25","N"
"10006429","06/26/2026 12:33:45 AM",,"MED","Y","B","M","47","DE","N","N","168-T","N"
"20164668","06/23/2026 12:11:25 PM",,"MIN","N","B","M","41","SSR","N","N",,"N"
"20121089","06/02/2026 02:04:46 PM",,"MED","Y","B","F","32","DE","N","N","110-125.27","N"
"20242610","03/09/2026 11:27:17 AM",,"MIN","Y","B","M","45","DE","N","N","110-125.25","N"
"20217398","05/08/2024 11:08:49 AM",,"MAX","Y","B","M","39","DE","N","N","150.10","Y"
"20067611","11/10/2025 12:47:16 PM",,"MAX","N","O","M","35","DE","N","N","140.25","Y"
"20251704","07/10/2026 04:06:45 PM",,"MED","Y","B","M","34","DE","N","N","130.65","N"
"20221963","06/24/2026 12:22:42 AM",,"MED","N","O","M","31","DE","N","N","215.52","N"
"20048366","10/26/2025 12:43:26 AM",,"MAX","Y","B","M","37","DE","N","N","140.30","Y"
"20248694","02/07/2026 12:17:18 AM",,"MAX","Y","B","M","27","CS","N","N",,"Y"
"163496","05/08/2025 09:14:16 PM",,"MED","N","W","F","40","DE","N","N","140.25","N"
"20132168","07/15/2026 05:57:43 PM",,"MIN","N","B","M","39","DE","N","N","FOA 900.00","N"
"20065151","10/28/2025 10:37:36 PM",,"MAX","Y","O","M","32","DE","N","Y","120.10","N"
"20233040","12/11/2024 11:29:23 AM",,"MED","Y","O","M","44","DE","N","N","120.05","Y"
"20213984","03/31/2023 05:25:55 PM",,"MAX","Y","B","M","24","DE","N","Y","110-125.25","Y"
"104514","03/04/2026 04:39:29 PM",,"MIN","N","B","M","55","CS","N","N","215.55","N"
"51954","05/29/2026 01:38:11 PM",,"MIN","N","O","F","52","CS","N","N","120.00","N"
"20235489","11/25/2025 08:38:37 PM",,"MED","Y","B","M","51","DE","N","N","110-125.25","Y"
"20241321","02/17/2026 02:23:46 PM",,"MAX","Y","B","M","28","DE","N","N","120.10","Y"
"20162962","03/20/2026 01:23:00 AM",,"MIN","Y","O","M","47","DE","N","N","150.15","N"
"20214890","06/04/2026 05:23:30 PM",,"MAX","Y","B","M","36","DE","N","N","120.05","N"
"49908","05/15/2026 06:54:00 PM",,"MED","N","B","M","51","DE","N","N","130.30","N"
"10012904","06/16/2026 01:01:56 PM",,"MED","N","B","M","35","DE","N","N","125.25","N"
"20181313","08/20/2024 04:41:59 PM",,"MAX","Y","B","M","26","DE","N","Y","125.25","Y"
"20091144","10/09/2023 03:54:32 AM",,"MED","N","U","M","46","DE","N","N","125.25","N"
"73813","07/02/2026 11:48:48 AM",,"MED","Y","B","F","36","DE","N","N","140.20","N"
"20243109","04/30/2025 02:27:19 PM",,"MED","N","O","M","19","DE","N","Y","110-125.25","Y"
"20005525","04/10/2025 11:25:56 PM",,"MED","Y","O","M","43","DE","N","Y","125.25","Y"
"20076209","03/28/2026 07:35:41 PM",,"MED","Y","O","M","32","DE","N","N","165.52","N"
"20184092","04/22/2026 12:28:11 AM",,"MIN","N","O","M","27","CS","N","N","215.50","N"
"20153732","07/16/2026 01:04:25 AM",,,"N","O","M","37","DE","N","N","130.35","N"
"20251461","06/27/2026 12:27:28 PM",,"MED","Y","B","M","33","DE","N","N","130.25","N"
"155635","05/19/2026 12:33:25 PM",,"MIN","Y","O","M","66","DE","N","N","150.20","N"
"20069919","07/15/2026 04:00:08 PM",,,"N","B","M","54","DE","N","N","140.20","N"
"20249248","05/24/2026 05:16:00 PM",,"MAX","N","W","M","29","DE","N","N","140.25","Y"
"20161833","11/05/2025 10:57:00 PM",,"MAX","Y","A","M","26","DEP","N","Y","165.52","Y"
"149071","02/14/2024 12:40:01 AM",,"MED","N","O","M","40","DE","N","N","130.35","Y"
"20250623","05/14/2026 11:29:41 PM",,"MIN","N","O","F","48","DE","N","N","110-125.25","N"
"20249716","04/03/2026 04:54:01 PM",,"MAX","N","B","M","18","CS","N","Y",,"Y"
"58565","05/22/2026 12:35:39 PM",,"MED","N","B","M","40","DE","N","N","130.35","N"
"20221148","10/13/2022 06:12:37 PM",,"MED","Y","B","M","26","DE","N","Y","125.25","Y"
"20116540","04/15/2026 02:44:11 PM",,"MED","Y","B","M","65","DE","N","N","160.15","N"
"20092249","10/12/2018 06:19:12 PM",,"MAX","Y","B","M","33","DE","N","Y","160.15","Y"
"85395","06/20/2026 04:24:34 PM",,"MIN","Y","B","M","38","DE","N","N","140.25","N"
"20247345","11/19/2025 05:15:31 PM",,"MIN","Y","A","F","55","DE","N","N","155.42","N"
"20248246","01/12/2026 01:01:10 AM",,"MED","Y","B","M","38","DE","N","N","130.35","N"
"15677","06/15/2026 01:07:25 PM",,"MIN","Y","B","M","47","DE","N","N","220.03","N"
"20245476","08/21/2025 12:16:00 AM",,"MIN","N","O","M","38","DE","N","N","110-125.25","N"
"16744","06/04/2026 04:13:03 PM",,"MED","Y","B","M","38","DE","N","N","265.02","N"
"110928","03/25/2025 01:19:53 AM",,"MAX","Y","O","M","41","DE","N","Y","120.05","Y"
"20248765","02/11/2026 04:25:56 PM",,"MED","N","W","M","31","DE","N","N","150.15","N"
"20232712","06/16/2026 11:38:14 AM",,"MED","Y","B","M","27","DE","N","N","120.05","N"
"102229","04/17/2026 12:09:29 AM",,"MED","Y","O","M","35","DE","N","N","140.20","N"
"20248396","01/20/2026 02:56:16 PM",,"MIN","Y","O","M","43","CS","N","N",,"N"
"105271","06/03/2026 01:09:39 AM",,"MAX","Y","B","M","40","DE","N","Y","160.10","N"
"111119","07/01/2026 03:16:16 PM",,"MIN","N","W","M","63","DE","N","N","165.54","N"
"20196007","07/07/2026 11:03:00 PM",,"MIN","N","B","M","29","DE","N","N","160.10","N"
"20196733","08/15/2024 09:41:36 PM",,"MIN","Y","O","M","47","DE","N","N","110-160.15","Y"
"20026002","12/08/2025 11:06:37 AM",,"MED","Y","B","M","36","DE","N","N","220.39","N"
"20241061","01/15/2025 12:04:09 PM",,"MAX","Y","B","M","19","DE","N","Y","110-125.25","Y"
"20162956","04/26/2026 07:49:51 PM",,"MAX","Y","B","M","30","DE","N","N","120.05","N"
"20249678","04/01/2026 02:07:52 PM",,"MIN","Y","B","M","38","DE","N","N","140.25","N"
"20242547","04/03/2025 12:03:29 AM",,"MED","Y","O","M","50","DE","N","N","110-120.10","N"
"20239435","10/22/2024 04:56:05 PM",,"MIN","N","B","M","60","DE","N","N","155.42","N"
"20009853","02/04/2026 12:59:41 AM",,"MED","Y","O","M","42","DE","N","N","155.35","N"
"132106","07/11/2026 04:38:41 PM",,"MED","N","O","M","47","DE","N","N","140.20","N"
"20250706","05/19/2026 12:14:33 PM",,"MED","N","B","M","24","CS","N","N","220.16","N"
"20052356","07/13/2026 11:49:45 AM",,"MAX","Y","B","M","36","DE","N","N","120.10","N"
"20247229","11/13/2025 09:07:32 PM",,"MIN","Y","A","M","25","CS","N","Y","110-220.06","Y"
"20172266","06/25/2026 11:54:00 AM",,"MIN","Y","B","M","36","DE","N","N","120.05","N"
"20225615","03/24/2026 05:10:16 PM",,"MED","Y","B","M","26","DE","N","N","265.03","N"
"20245691","04/07/2026 07:56:00 PM",,"MED","Y","B","F","36","DE","N","N","160.15","Y"
"20124187","05/27/2026 03:01:35 PM",,"MIN","N","O","M","39","DNS","N","N",,"N"
"20226417","05/03/2026 11:17:05 PM",,"MAX","Y","B","M","25","DE","N","N","130.50","Y"
"20249611","03/27/2026 08:55:00 PM",,"MAX","N","B","M","18","DE","N","Y","265.03","Y"
"20244529","07/06/2025 01:20:22 AM",,"MED","N","O","M","35","DE","N","N","160.05","Y"
"20247732","12/10/2025 04:29:05 PM",,"MIN","N","O","F","39","DE","N","N","155.42","N"
"20244843","04/07/2026 05:16:57 PM",,"MED","N","B","M","21","CS","N","Y","120.00","Y"
"20039771","02/05/2026 04:57:25 PM",,"MAX","N","O","M","32","DE","N","Y","110-120.10","Y"
"70365","02/20/2026 03:11:04 PM",,"MIN","Y","B","M","52","DE","N","N","120.05","N"
"20249022","02/26/2026 05:32:00 PM",,"MIN","Y","B","M","19","DE","N","Y","160.15","Y"
"20248677","02/06/2026 11:51:24 AM",,"MAX","N","B","M","20","DE","N","N","160.15","Y"
"20230865","04/04/2026 01:48:10 AM",,"MAX","Y","B","M","27","DE","N","N","130.52","Y"
"47469","10/01/2025 10:25:26 AM",,"MIN","Y","B","M","30","CS","N","N","265.03","N"
"20224962","02/14/2026 11:08:00 AM",,"MIN","Y","B","M","26","DE","N","N","215.56","N"
"20066976","07/15/2026 05:20:24 PM",,,"N","B","M","31","DE","N","N","155.25","N"
"125428","05/12/2026 10:44:11 AM",,"MAX","Y","B","M","54","DE","N","N","160.15","N"
"20212596","07/15/2026 11:46:14 PM",,"MED","N","B","M","27","DPV","N","N",,"N"
"20011845","02/04/2026 09:03:34 PM",,"MED","Y","B","M","33","DEP","N","N","215.50","Y"
"20117732","12/19/2025 01:23:00 AM",,"MAX","Y","B","M","48","DE","N","N","120.05","Y"
"20245603","06/26/2026 04:15:31 PM",,"MED","N","O","M","26","DE","N","N","121.12","N"
"20212224","07/03/2026 02:18:00 PM",,"MAX","N","B","F","31","DE","N","N","140.25","N"
"20251788","07/15/2026 12:12:00 PM",,"MED","N","B","M","21","DE","N","N","155.25","N"
"20220860","08/14/2025 04:25:41 PM",,"MAX","Y","B","M","23","DE","N","Y","160.15","Y"
"20201691","04/01/2026 05:48:55 AM",,"MED","Y","B","M","41","DE","N","N","140.30","Y"
"20241596","02/12/2025 07:25:00 PM",,"MED","Y","B","M","28","DE","N","N","125.25","Y"
"20241674","06/28/2026 12:40:05 AM",,"MED","N","O","M","34","DE","N","N","120.05","N"
"20251807","07/15/2026 11:40:39 PM",,,"N","O","F","48","DE","N","N","120.05","N"
"13949","05/23/2025 03:10:53 PM",,"MED","N","O","M","39","DE","N","N","130.45","Y"
"20071735","07/05/2026 12:16:22 PM",,"MED","N","B","M","38","DEP","N","N","265.03","N"
"17139","05/20/2026 07:31:00 PM",,"MAX","Y","B","M","60","DE","N","N","120.00","Y"
"20201667","10/01/2024 10:32:33 AM",,"MIN","N","O","M","46","SSR","N","N",,"N"
"20182318","06/24/2026 05:50:16 PM",,"MED","N","O","M","25","DE","N","Y","105.15","N"
"20197026","10/09/2025 01:06:39 AM",,"MAX","Y","B","M","32","DE","N","N","170.25","Y"
"20250969","06/02/2026 04:26:00 PM",,"MED","Y","A","M","25","DE","N","N","130.35","N"
"65888","06/26/2025 05:36:51 PM",,"MIN","Y","B","M","58","DE","N","N","160.15","N"
"25344","03/17/2026 04:20:32 PM",,"MED","N","B","M","39","CSP","N","Y","220.03","N"
"20040169","06/29/2025 09:12:10 PM",,"MAX","Y","O","M","39","DE","N","N","110-125.25","Y"
"105671","03/09/2025 01:02:00 AM",,"MED","N","B","M","46","DE","N","Y","110-125.25","Y"
"20248669","06/06/2026 01:26:39 PM",,"MIN","Y","W","M","60","DE","N","N","265.02","N"
"20177379","05/10/2025 09:37:18 AM",,"MAX","Y","B","M","27","DE","N","Y","265.03","Y"
"20200687","12/10/2024 01:46:32 PM",,"MIN","Y","B","M","29","DE","N","N","150.15","N"
"20220728","09/16/2022 08:38:57 PM",,"MED","Y","B","F","33","DE","N","N","125.25","Y"
"20219912","07/13/2026 12:14:00 AM",,"MAX","Y","M","M","23","DE","N","N","265.03","N"
"20251591","07/04/2026 11:02:34 AM",,"MAX","N","B","M","40","DE","N","N","110-120.10","N"
"20221390","05/20/2026 12:48:47 PM",,"MED","N","A","M","45","DE","N","N","130.35","N"
"20244421","07/01/2025 07:59:29 PM",,"MED","Y","A","M","25","DE","N","N","121.12","Y"
"20246448","10/23/2025 11:23:32 AM",,"MED","N","O","M","21","DE","N","Y","160.15","Y"
"20228547","12/13/2023 12:18:09 PM",,"MED","N","B","M","28","DE","N","N","125.25","N"
"20138689","01/22/2026 12:58:04 PM",,"MED","Y","B","M","28","CS","N","Y","155.25","Y"
"20244285","02/04/2026 12:25:00 AM",,"MED","N","W","M","24","DNS","N","Y","110-120.05","Y"
"20143573","03/18/2026 12:00:23 PM",,"MED","N","W","M","31","CS","N","Y",,"N"
"20204371","12/18/2024 08:46:09 PM",,"MED","Y","B","M","33","DE","N","Y","125.25","Y"
"20136790","02/16/2026 05:26:53 PM",,"MAX","Y","O","M","28","DE","N","Y","110-125.25","Y"
"20222520","06/24/2026 08:27:43 PM",,"MAX","Y","W","M","34","DE","N","N","120.05","N"
"20198825","06/27/2025 12:29:57 AM",,"MAX","N","B","M","33","DE","N","N","140.20","Y"
"38837","07/09/2026 07:10:50 PM",,"MED","Y","A","M","66","DEP","N","N","VOP","N"
"20248453","01/23/2026 12:45:38 PM",,"MAX","Y","O","M","39","DE","N","N","110-125.25","Y"
"20251684","07/09/2026 03:30:53 PM",,"MED","N","B","M","19","DE","N","Y","105.15","N"
"20023395","06/20/2025 08:13:52 PM",,"MED","N","W","M","48","DE","N","N","220.16","Y"
"20025409","12/03/2025 10:47:00 PM",,"MIN","Y","B","M","53","CS","N","N",,"N"
"20242383","03/25/2025 08:48:00 PM",,"MIN","N","B","M","31","DE","N","N","110-125.25","Y"
"20051015","03/12/2026 11:34:04 PM",,"MED","Y","B","M","54","DEP","N","N","VOP","N"
"20240909","01/07/2025 03:06:00 PM",,"MED","N","B","M","48","DE","N","N","125.25","N"
"20232503","07/09/2024 03:51:40 PM",,"MAX","N","B","M","23","DE","N","N","125.25","Y"
"20243788","10/02/2025 04:48:59 PM",,"MED","N","O","M","19","DE","N","Y","105.15","Y"
"20138057","03/06/2026 04:30:07 PM",,"MIN","Y","O","M","30","DE","N","Y","110-125.25","Y"
"10008438","04/12/2025 07:31:00 PM",,"MED","Y","B","M","34","DE","N","N","150.15","Y"
"10001392","06/25/2026 12:34:13 PM",,"MIN","Y","B","M","38","DE","N","N","220.39","N"
"20251806","07/15/2026 11:17:00 PM",,,"N","B","M","47","DE","N","N","220.16","N"
"20245188","08/07/2025 01:23:00 AM",,"MED","Y","B","M","21","DE","N","N","265.03","Y"
"115352","03/27/2026 01:07:59 PM",,"MIN","N","B","M","56","DE","N","N","265.03","N"
"20250996","06/03/2026 07:01:29 PM",,"MED","Y","B","M","24","DE","N","N","130.35","N"
"20244791","07/18/2025 11:22:00 AM",,"MIN","N","B","M","37","DE","N","N","110-125.25","Y"
"20045626","11/20/2025 12:15:46 PM",,"MIN","N","B","M","45","CS","N","N","265.01B","N"
"20036939","05/14/2026 03:16:00 PM",,"MED","N","W","M","33","DE","N","N","155.30","N"
"7992","04/12/2026 01:00:47 PM",,"MIN","Y","O","M","55","DE","N","N","120.05","Y"
"10008640","11/27/2024 03:37:34 PM",,"MAX","N","B","M","36","DE","N","N","130.35","Y"
"20240551","04/26/2026 01:33:43 PM",,"MIN","Y","O","M","38","DNS","N","N",,"N"
"11326","11/01/2025 08:02:00 PM",,"MAX","Y","B","M","57","DE","N","N","160.15","N"
"10015098","11/16/2025 06:43:37 AM",,"MED","Y","B","M","34","DE","N","N","125.25","Y"
"170668","04/20/2025 12:29:24 PM",,"MIN","Y","B","F","45","CS","N","N",,"Y"
"20127575","01/28/2025 03:46:33 PM",,"MAX","Y","B","M","33","DE","N","Y","140.30","Y"
"66982","04/13/2024 12:52:00 AM",,"MED","N","O","M","39","DE","N","N","130.65","Y"
"20003674","05/27/2026 04:17:00 PM",,"MAX","Y","B","M","40","DE","N","Y","160.10","N"
"20245142","09/15/2025 08:28:32 PM",,"MIN","Y","O","M","37","CS","N","N","155.30","Y"
"20247980","12/25/2025 12:25:00 PM",,"MIN","N","A","M","27","DE","N","N","110-125.25","N"
"20251792","07/15/2026 01:35:21 PM",,,"N","O","M","20","DE","N","N","130.65","N"
"20251775","07/14/2026 04:16:00 PM",,"MED","N","O","M","27","DE","N","N","130.25","N"
"101391","06/25/2025 10:29:23 AM",,"MED","N","B","M","36","DE","N","N","110-125.25","Y"
"20093453","02/28/2025 11:58:00 PM",,"MAX","Y","B","M","34","DE","N","N","125.15","Y"
"20241582","06/18/2026 11:20:39 AM",,"MIN","N","B","M","23","DNS","N","N","110-265.03","N"
"20210983","02/24/2026 11:03:00 PM",,"MAX","Y","O","M","31","DE","N","N","110-120.10","Y"
"20250591","06/04/2026 12:37:33 PM",,"MED","Y","O","M","35","DE","N","N","120.00","N"
"20081534","05/28/2026 04:58:44 PM",,"MAX","N","B","M","32","DE","N","N","220.43","Y"
"20061291","05/28/2026 10:40:51 PM",,"MAX","Y","W","M","32","DE","N","N","215.51","Y"
"20187945","11/05/2025 01:02:18 AM",,"MAX","Y","O","M","26","DE","N","N","120.10","Y"
"20243905","06/05/2025 11:04:24 AM",,"MAX","Y","B","M","24","DE","N","N","110-125.27","Y"
"20250470","05/09/2026 12:59:57 AM",,"MIN","Y","B","F","31","DE","N","N","110-125.25","N"
"25184","06/08/2022 03:16:14 PM",,"MED","Y","O","M","55","DE","N","N","125.25","N"
"20228725","05/18/2026 12:50:37 PM",,"MED","Y","B","M","20","DE","N","N","160.10","N"
"20242025","05/01/2026 12:36:27 AM",,"MED","N","B","M","20","DE","N","Y","110-125.25","N"
"91885","11/10/2023 09:01:35 PM",,"MED","Y","B","M","39","DE","N","Y","265.03","Y"
"164221","03/27/2026 08:45:00 AM",,"MED","Y","B","M","36","DEP","N","N","VOP","Y"
"20158668","04/12/2026 04:31:50 PM",,"MIN","Y","O","M","54","DE","N","N","140.20","N"
"77898","07/07/2025 02:58:46 PM",,"MED","N","B","M","38","DE","N","Y","120.07","Y"
"48106","07/02/2026 08:24:00 PM",,"MED","Y","B","M","39","DE","N","N","120.05","N"
"20222489","06/10/2026 05:44:49 PM",,"MED","Y","B","M","21","DE","N","Y","105.15","N"
"130552","03/25/2026 11:43:12 AM",,"MED","Y","B","M","43","DNS","N","N",,"Y"
"20213008","07/10/2026 09:39:04 PM",,"MAX","Y","B","M","34","DEP","N","N","120.00","N"
"140589","06/02/2026 03:49:44 PM",,"MAX","Y","W","M","38","DE","N","N","160.05","N"
"20239929","05/18/2026 01:58:01 PM",,"MED","Y","B","M","26","DE","N","N","160.10","Y"
"154679","04/07/2026 12:34:13 PM",,"MED","N","B","M","35","DE","N","N","125.25","N"
"20223189","05/20/2026 12:13:36 PM",,"MIN","Y","B","M","50","DE","N","N","140.30","N"
"20251810","07/16/2026 12:23:46 AM",,,"N","B","M","20","DE","N","N","125.25","N"
"20251566","07/03/2026 10:02:28 AM",,"MIN","N","O","M","37","DE","N","N","VTL 509","N"
"168506","04/30/2026 07:04:00 PM",,"MIN","Y","B","M","39","DE","N","N","145.00","N"
"20249482","03/21/2026 01:14:02 AM",,"MED","Y","B","M","22","DE","N","N","120.10","N"
"20222232","06/03/2025 08:24:20 PM",,"MED","Y","O","M","31","DE","N","N","110-160.15","Y"
"20144576","09/23/2024 06:21:22 PM",,"MAX","Y","B","M","28","DNS","N","Y",,"Y"
"20220161","03/18/2024 05:32:45 PM",,"MAX","Y","O","M","39","DE","N","N","135.25","Y"
"20232188","06/23/2024 12:46:26 AM",,"MED","Y","O","M","30","DE","N","N","125.25","N"
"20001132","01/09/2026 10:13:24 AM",,"MED","Y","B","M","37","SSR","N","Y","155.30","Y"
"30904","02/03/2026 01:05:52 PM",,"MAX","Y","W","M","39","DE","N","N","160.10","N"
"20248354","01/17/2026 12:47:26 PM",,"MED","Y","O","M","26","CS","N","N",,"Y"
"20251293","06/18/2026 06:43:27 PM",,"MIN","Y","B","F","24","DE","N","N","110-120.00","N"
"20250545","05/12/2026 04:39:06 PM",,"MED","N","B","M","26","DE","N","N","110-125.27","Y"
"20250161","07/11/2026 02:39:04 AM",,"MED","N","W","F","39","DE","N","N","140.25","N"
"38239","04/30/2026 12:23:00 AM",,"MIN","N","B","M","58","DE","N","N","160.10","N"
"20189361","01/13/2026 05:06:52 PM",,"MAX","Y","B","M","27","DE","N","Y","120.10","Y"
"20229102","03/21/2025 04:43:02 PM",,"MED","Y","B","M","21","DE","N","Y","125.25","Y"
"20247051","11/05/2025 05:30:25 PM",,"MED","Y","B","F","30","DE","N","N","265.02","Y"
"14181","07/15/2026 09:32:33 PM",,"MED","N","B","M","41","DPV","N","Y",,"N"
"41684","01/18/2023 07:58:49 PM",,"MED","Y","B","M","56","DE","N","N","125.25","Y"
"20231456","05/18/2024 10:14:55 PM",,"MAX","N","O","M","34","DE","N","N","125.25","Y"
"20217544","04/01/2026 05:03:41 PM",,"MAX","N","O","M","28","SSR","N","N",,"Y"
"117303","10/30/2025 01:01:44 PM",,"MED","N","B","M","46","DE","N","Y","155.35","Y"
"20241394","01/16/2026 09:04:47 PM",,"MAX","Y","W","M","20","DE","N","Y","110-125.25","Y"
"20021766","01/29/2026 12:18:00 PM",,"MAX","N","B","M","34","DE","N","Y","265.03","Y"
"12629","02/26/2026 03:08:52 PM",,"MIN","Y","O","M","53","CS","N","N",,"N"
"20246339","07/15/2026 07:24:11 PM",,"MED","N","O","M","29","DE","N","N",,"N"
"10014689","06/19/2026 12:11:37 PM",,"MED","Y","B","M","39","DE","N","N","CO","N"
"20225026","07/17/2025 11:43:32 AM",,"MAX","Y","B","M","23","DE","N","Y","110-160.10","Y"
"156253","03/12/2025 01:17:11 AM",,"MED","Y","B","M","34","DE","N","Y","140.30","Y"
"20159274","09/28/2025 12:58:00 AM",,"MAX","Y","B","M","40","DE","N","N","130.35","Y"
"20158826","06/27/2026 04:56:00 PM",,"MIN","Y","B","M","40","DE","N","N","260.10","N"
"20247061","11/06/2025 12:18:30 AM",,"MED","Y","O","M","23","DE","N","N","265.03","Y"
"20251712","07/10/2026 08:53:51 PM",,,"Y","O","M","28","DE","N","N","120.05","N"
"20239112","10/03/2024 08:38:00 PM",,"MED","Y","B","M","32","DE","N","N","125.20","Y"
"126730","10/29/2025 06:55:00 PM",,"MED","Y","B","M","48","DE","N","Y","140.25","Y"
"20190098","03/30/2026 05:04:59 PM",,"MED","Y","B","M","27","DE","N","N","140.20","Y"
"20243609","05/21/2025 04:27:39 PM",,"MAX","Y","O","M","29","DE","N","N","130.65","Y"
"20227131","11/22/2025 11:44:50 AM",,"MAX","N","A","M","24","DE","N","N","160.15","N"
"20205063","07/09/2026 12:53:45 PM",,"MIN","Y","B","M","25","DNS","N","N",,"N"
"20027217","11/18/2025 04:02:03 PM",,"MAX","Y","B","M","35","DE","N","N","215.52","Y"
"20247743","02/14/2026 07:49:20 PM",,"MED","N","O","M","33","CS","N","N","215.51","N"
"20230297","03/21/2024 12:48:01 PM",,"MED","Y","O","M","32","DE","N","N","265.03","Y"
"20118316","07/06/2026 04:54:00 PM",,"MED","Y","B","M","45","DE","N","N","220.16","N"
"20216101","01/01/2025 11:12:32 AM",,"MAX","Y","B","M","23","DE","N","Y","125.25","Y"
"20210908","07/13/2026 12:37:09 AM",,"MAX","N","B","M","24","DE","N","N","160.15","N"
"20231296","04/05/2026 04:48:34 PM",,"MED","Y","B","F","47","DE","N","N","155.35","N"
"20248753","02/10/2026 08:35:16 PM",,"MIN","N","O","M","50","DE","N","N","110-125.25","N"
"20242116","03/12/2025 06:47:00 PM",,"MED","Y","A","M","42","DE","N","N","110-125.25","Y"
"20058902","07/09/2026 05:44:11 PM",,"MED","Y","B","M","45","DE","N","N","155.25","N"
"20228096","02/27/2026 01:00:00 AM",,"MED","Y","W","M","38","DE","N","N","140.20","Y"
"146245","02/16/2026 03:48:18 PM",,"MIN","Y","B","M","55","DEP","N","N","160.10","N"
"78070","11/06/2024 12:31:00 PM",,"MAX","Y","B","M","36","DE","N","Y","160.15","Y"
"20246244","01/07/2026 04:11:50 PM",,"MED","N","O","M","21","DE","N","Y","160.10","Y"
"127795","06/02/2025 01:46:43 PM",,"MED","Y","B","M","59","DE","N","N","130.50","N"
"20239354","07/07/2026 05:24:25 PM",,"MIN","N","O","F","51","DE","N","N","220.06","N"
"20249789","04/07/2026 07:00:56 PM",,"MED","Y","B","M","53","DE","N","N","125.25","Y"
"20251734","07/12/2026 01:34:40 AM",,"MED","Y","O","M","33","DE","N","N","130.52","N"
"20251251","06/17/2026 12:26:58 AM",,"MED","N","O","M","36","DE","N","N","130.65","N"
"20247773","12/12/2025 04:56:16 PM",,"MED","N","B","M","19","DE","N","Y","105.15","N"
"20251558","07/02/2026 05:45:21 PM",,"MED","N","B","M","31","DE","N","N","VTL 600A","N"
"20225509","05/15/2026 08:40:11 PM",,"MIN","N","W","M","49","DE","N","N","155.30","N"
"20220839","09/23/2022 02:48:00 PM",,"MED","Y","B","F","48","DE","N","N","125.25","Y"
"15815","01/11/2026 01:44:06 AM",,"MED","Y","O","M","49","DE","N","N","265.03","Y"
"20238654","03/11/2026 01:50:01 PM",,"MED","N","B","M","46","DE","N","N","130.96","N"
"20248646","02/04/2026 03:39:01 PM",,"MIN","Y","O","M","29","CS","N","N","155.25","N"
"20242546","03/28/2026 12:32:07 AM",,"MED","Y","O","M","23","DE","N","N","110-125.25","N"
"20245230","08/08/2025 11:08:00 PM",,"MIN","N","B","F","33","DE","N","N","110-125.25","N"
"20217486","09/03/2023 09:14:42 PM",,"MED","Y","A","M","26","DE","N","Y","125.25","Y"
"20244235","04/16/2026 03:01:45 PM",,"MED","Y","B","M","32","DE","N","N","130.53","Y"
"127724","11/27/2025 11:33:46 PM",,"MIN","N","O","M","55","DE","N","N","140.25","N"
"20188206","11/22/2025 11:40:32 AM",,"MED","Y","B","M","31","DE","N","Y","140.30","N"
"48285","05/19/2026 03:41:05 PM",,"MED","Y","B","M","46","DE","N","Y","220.39","N"
"148357","11/09/2024 12:49:37 PM",,"MED","Y","O","M","50","DE","N","N","125.25","Y"
"20022206","07/13/2026 11:47:55 AM",,"MAX","N","B","M","34","DE","N","Y","215.51","N"
"20226511","01/31/2025 11:51:03 AM",,"MAX","Y","B","M","21","DE","N","Y","220.39","Y"
"20220661","03/15/2026 01:42:25 AM",,"MED","N","B","M","22","DE","N","Y","125.25","Y"
"20238541","09/05/2024 11:22:47 PM",,"MAX","N","B","M","29","DE","N","Y","125.25","Y"
"20056156","06/10/2026 04:07:21 PM",,"MED","N","B","M","41","DE","N","N","215.51","N"
"20222451","09/29/2025 01:10:15 PM",,"MIN","N","B","M","30","DE","N","N","140.30","N"
"20222447","01/04/2023 12:25:00 AM",,"MED","Y","W","F","25","DE","N","N","125.25","Y"
"20222399","07/16/2026 12:59:00 AM",,,"N","B","M","31","DE","N","Y","160.15","N"
"20249873","04/10/2026 03:58:59 PM",,"MIN","Y","O","M","61","DE","N","N","160.15","N"
"20196299","11/06/2025 05:08:28 PM",,"MIN","N","O","M","35","SSR","N","N",,"Y"
"20250021","04/17/2026 01:14:37 AM",,"MIN","N","B","M","57","DE","N","N","220.16","Y"
"20226725","04/04/2026 01:12:26 AM",,"MED","Y","B","M","23","DE","N","Y","160.15","N"
"20080694","05/05/2026 08:23:34 PM",,"MIN","N","B","M","35","DE","N","N","160.10","N"
"77292","02/15/2025 04:31:27 PM",,"MAX","Y","O","M","45","DEP","N","Y","140.25","Y"
"20207312","05/21/2026 11:58:18 AM",,"MAX","Y","B","M","26","DE","N","N","120.05","N"
"20106086","12/20/2025 12:19:12 AM",,"MED","Y","W","M","53","CS","N","N",,"N"
"20014861","04/01/2026 02:32:33 PM",,"MIN","N","B","M","34","CS","N","Y","110-265.03","N"
"20240996","06/29/2026 11:44:26 AM",,"MED","N","B","M","20","DE","N","Y","120.10","N"
"168705","04/03/2026 12:19:29 AM",,"MIN","Y","B","M","36","DE","N","N","120.00","N"
"20242947","05/30/2026 01:08:26 AM",,"MED","Y","B","M","20","DE","N","Y","265.03","N"
"20228695","04/23/2026 04:58:12 PM",,"MIN","Y","O","M","53","DE","N","N","FOA 900.00","N"
"20250250","04/29/2026 12:22:00 AM",,"MIN","N","B","M","31","DE","N","N","110-125.25","Y"
"20061001","04/25/2026 12:40:00 AM",,"MED","N","O","M","54","DE","N","N","140.20","N"
"20250132","04/22/2026 01:14:33 PM",,"MIN","N","W","M","30","CS","N","N","120.05","N"
"20172613","07/09/2026 05:51:27 PM",,"MIN","N","W","F","29","DE","N","N","140.20","N"
"20243583","10/23/2025 01:04:35 PM",,"MED","N","O","M","29","DE","N","Y","125.25","Y"
"20249602","03/27/2026 12:47:00 PM",,"MED","Y","B","M","23","DE","N","N","140.30","Y"
"20242434","06/18/2026 07:13:36 PM",,"MED","Y","B","M","23","DE","N","Y","265.03","N"
"20249922","04/13/2026 12:43:00 AM",,"MIN","N","B","M","57","CS","N","N",,"N"
"20216890","12/29/2021 01:09:45 AM",,"MED","Y","O","M","36","DE","N","Y","125.25","Y"
"20251050","06/06/2026 12:29:33 PM",,"MIN","Y","A","F","46","DE","N","N","155.40","N"
"20144953","06/29/2026 06:28:41 PM",,"MED","N","W","M","38","DEP","N","N","140.25","N"
"20210874","05/19/2025 01:08:13 AM",,"MED","Y","B","M","30","DE","N","N","120.10","Y"
"9785","01/17/2026 08:19:22 PM",,"MED","N","B","M","27","DE","N","Y","265.03","Y"
"20247362","07/07/2026 09:28:16 PM",,"MED","N","O","M","25","DE","N","N","215.50","N"
"20251789","07/15/2026 12:44:42 PM",,,"N","O","M","23","DE","N","N","125.15","N"
"39332","06/20/2026 04:09:00 PM",,"MED","Y","B","M","37","DE","N","N","220.39","N"
"20227844","06/17/2026 12:34:51 PM",,"MAX","N","O","M","24","DE","N","Y","220.16","Y"
"20098701","06/20/2026 05:06:12 PM",,"MIN","Y","B","M","38","DE","N","N","215.55","N"
"159583","06/14/2026 04:03:57 PM",,"MIN","Y","B","M","57","DE","N","N","155.30","N"
"20219738","04/10/2026 11:19:25 AM",,"MAX","Y","B","M","29","DE","N","N","110-120.05","Y"
"54029","03/31/2026 01:23:06 AM",,"MED","N","O","M","49","DE","N","N","265.03","N"
"20242918","04/21/2025 12:38:17 PM",,"MED","Y","O","M","24","DE","N","N","160.15","N"
"10416","08/03/2024 12:20:18 AM",,"MIN","Y","O","M","70","DE","N","N","220.21","N"
"20160280","03/09/2026 06:03:07 PM",,"MIN","Y","O","M","63","DE","N","N","220.16","Y"
"20244670","05/23/2026 11:34:16 AM",,"MIN","N","B","M","37","DE","N","N","120.05","N"
"130858","06/17/2025 02:54:47 PM",,"MIN","Y","B","M","38","DE","N","N","110-125.27","Y"
"20223171","03/23/2025 11:30:30 PM",,"MAX","Y","B","M","21","DE","N","Y","125.25","Y"
"20229032","07/08/2026 04:51:56 PM",,"MAX","N","B","M","41","DE","N","N","215.52","N"
"20171369","09/14/2025 04:36:24 PM",,"MAX","Y","B","M","26","DE","N","Y","110-125.25","Y"
"20250255","04/29/2026 12:33:52 PM",,"MIN","N","O","M","18","DE","N","Y","110-125.25","N"
"20244917","07/24/2025 12:53:37 AM",,"MIN","Y","W","F","50","DE","N","N","110-135.20","N"
"20218847","05/25/2022 03:14:52 PM",,"MAX","Y","B","M","31","DE","N","Y","125.25","Y"
"20240457","12/11/2024 02:29:44 PM",,"MED","N","B","M","50","DE","N","N","110-125.25","Y"
"20141965","06/19/2026 12:52:20 AM",,"MIN","N","W","M","55","DE","N","N","155.25","N"
"20137980","04/22/2025 01:50:06 PM",,"MAX","Y","A","M","28","DE","N","Y","110-130.50","Y"
"20227901","10/02/2024 10:35:12 AM",,"MED","Y","O","M","27","DE","N","N","130.65","Y"
"20206827","09/06/2019 07:56:11 PM",,"MED","Y","A","M","56","DE","N","N","125.27","Y"
"20232842","06/19/2026 04:45:55 PM",,"MED","N","O","M","22","DE","N","N","160.10","N"
"20007630","02/25/2026 11:38:38 AM",,"MED","Y","O","M","62","DE","N","N","130.65","N"
"20141520","10/06/2025 10:41:48 AM",,"MAX","Y","O","M","28","DE","N","N","120.10","N"
"20229886","09/23/2025 01:40:36 PM",,"MAX","Y","B","M","26","DE","N","N","120.05","Y"
"20244914","04/25/2026 11:55:32 AM",,"MED","Y","O","M","36","DE","N","N","120.08","N"
"20241095","07/02/2026 02:30:00 PM",,"MED","Y","O","F","22","DE","N","N","155.30","N"
"20073993","07/13/2026 01:14:22 AM",,"MIN","N","B","M","53","DE","N","N","140.20","N"
"20251811","07/16/2026 12:48:00 AM",,,"N","B","F","28","DE","N","N","121.12","N"
"154300","09/07/2024 05:03:18 PM",,"MIN","Y","O","M","36","DE","N","N","160.15","Y"
"20232502","07/09/2024 01:39:41 PM",,"MED","N","B","M","20","DE","N","Y","125.25","Y"
"20219464","07/15/2026 03:37:12 PM",,,"N","O","M","52","DE","N","N","215.50","N"
"20212232","07/15/2026 12:35:26 AM",,"MED","Y","W","M","51","DEP","N","N","110-120.00","N"
"10004843","01/27/2026 05:00:18 PM",,"MIN","Y","O","F","46","DE","N","N","215.51","Y"
"20213486","10/13/2023 12:25:00 PM",,"MAX","N","B","M","24","DE","N","Y","125.25","Y"
"20241350","01/29/2025 04:34:37 PM",,"MAX","Y","B","M","21","DE","N","N","105.15","Y"
"20014682","07/04/2026 03:54:36 PM",,"MIN","Y","B","M","48","CS","N","N","120.00","N"
"20029885","10/06/2024 08:31:37 PM",,"MED","N","B","M","35","DE","N","N","110-125.25","Y"
"20133550","08/08/2025 04:32:13 PM",,"MAX","Y","O","M","30","DE","N","Y","110-120.10","Y"
"20231406","05/16/2024 05:05:25 PM",,"MED","Y","O","M","29","DE","N","N","125.15","Y"
"20080846","03/10/2026 04:42:56 PM",,"MED","Y","B","M","32","DE","N","N","140.25","N"
"20238726","04/16/2026 01:42:18 AM",,"MIN","Y","O","M","26","DE","N","N","215.52","N"
"20227277","04/02/2026 12:00:44 PM",,"MED","Y","B","M","33","DE","N","N","155.35","Y"
"15638","02/18/2026 11:35:24 AM",,"MIN","N","O","M","56","DE","N","N","140.25","N"
"20239626","10/31/2024 01:20:10 PM",,"MED","N","A","M","42","DE","N","N","130.80","N"
"20054732","10/23/2025 09:56:24 PM",,"MED","N","O","M","40","DE","N","N","125.25","N"
"20251786","07/15/2026 01:21:43 AM",,"MIN","Y","B","M","41","DE","N","N","120.00","N"
"20224766","08/15/2025 01:55:43 AM",,"MED","N","B","M","25","CS","N","N",,"Y"
"20239851","11/12/2024 04:17:00 PM",,"MED","Y","B","M","48","DE","N","N","125.27","Y"
"20243163","05/02/2025 04:19:54 PM",,"MAX","Y","B","M","20","DE","N","Y","110-125.25","Y"
"20229311","05/14/2026 01:22:17 PM",,"MED","N","O","M","29","DE","N","N","140.20","N"
"20215259","04/23/2026 12:31:49 PM",,"MIN","Y","O","M","45","DE","N","N","160.15","N"
"20090230","04/14/2022 08:51:39 PM",,"MAX","Y","B","M","31","DE","N","Y","125.25","Y"
"20138729","07/15/2026 08:31:36 PM",,,"N","O","M","57","DE","N","N","265.03","N"
"10002862","09/19/2025 12:18:45 PM",,"MAX","N","B","M","40","DE","N","Y","265.03","Y"
"20250813","05/26/2026 12:45:15 PM",,"MIN","N","O","M","37","CS","N","N","220.39","N"
"20248082","01/02/2026 11:56:51 AM",,"MED","N","B","M","56","DE","N","N","110-120.10","Y"
"20251420","06/25/2026 12:15:04 PM",,"MIN","Y","W","M","42","DE","N","N","240.30","N"
"21834","02/03/2026 12:45:13 AM",,"MED","Y","B","M","38","DE","N","N","125.25","Y"
"20196914","05/07/2026 11:24:00 AM",,"MAX","N","B","M","29","DE","N","Y","140.25","Y"
"20245770","09/03/2025 12:17:10 AM",,"MED","N","B","M","27","DE","N","Y","160.15","Y"
"20238313","05/13/2026 11:24:10 AM",,"MIN","N","B","M","27","CS","N","N",,"N"
"12598","06/09/2026 11:31:56 PM",,"MAX","Y","B","M","47","DE","N","N","120.10","N"
"20227394","12/24/2025 12:18:42 AM",,"MAX","Y","O","F","32","DE","N","N","120.05","Y"
"20218577","02/14/2026 12:27:00 AM",,"MIN","Y","O","M","41","DE","N","N","220.16","N"
"167507","05/13/2026 03:59:05 PM",,"MIN","Y","B","M","61","DE","N","N","155.30","N"
"20194021","06/15/2026 01:12:25 AM",,"MED","Y","O","M","59","DE","N","N","140.25","N"
"20186364","01/29/2025 12:22:14 PM",,"MED","N","B","M","32","DE","N","N","125.25","Y"
"20085550","06/10/2026 05:28:24 PM",,"MIN","Y","B","M","59","DE","N","N","120.10","N"
"20211913","01/16/2026 11:20:07 AM",,"MAX","N","B","M","28","DE","N","N","120.10","Y"
"53531","03/20/2025 05:00:27 PM",,"MAX","Y","B","M","45","DE","N","Y","110-125.25","Y"
"20241942","03/05/2025 03:59:25 PM",,"MED","N","B","M","22","DE","N","Y","125.25","Y"
"4488","04/14/2023 08:31:00 PM",,"MAX","Y","B","M","38","DE","N","N","125.25","Y"
"20244666","09/18/2025 12:17:56 PM",,"MED","Y","O","M","28","DE","N","N","120.05","Y"
"20048488","07/06/2025 11:33:14 PM",,"MIN","Y","B","M","32","DE","N","Y","110-125.25","N"
"25092","04/16/2026 01:25:56 AM",,"MED","N","O","M","40","DE","N","N","190.79","Y"
"20221598","01/15/2025 11:33:37 AM",,"MAX","Y","B","M","21","DE","N","Y","110-125.25","Y"
"20030873","12/03/2024 01:37:11 PM",,"MED","Y","B","M","35","DNS","N","N",,"Y"
"20249048","02/27/2026 07:14:21 PM",,"MIN","Y","B","M","37","CS","N","N","140.15","Y"
"20250974","06/02/2026 08:12:44 PM",,"MED","Y","O","M","29","DE","N","N","125.25","N"
"20136672","12/27/2025 12:55:00 PM",,"MED","Y","O","M","29","DE","N","Y","135.20","N"
"20243089","12/13/2025 07:53:04 PM",,"MIN","Y","O","M","33","DE","N","N","140.25","Y"
"20241539","06/10/2026 02:47:16 PM",,"MED","N","B","M","20","CS","N","N",,"N"
"20239365","02/28/2026 04:43:02 PM",,"MIN","N","O","M","34","CS","N","N","140.20","N"
"20245396","11/06/2025 04:19:02 PM",,"MAX","N","B","M","33","DE","N","N","160.15","Y"
"20104067","01/06/2026 01:01:00 AM",,"MIN","N","O","M","52","DE","N","N","110-125.25","N"
"99528","04/08/2025 11:56:02 AM",,"MAX","Y","O","M","36","DE","N","N","110-125.25","Y"
"20245819","09/05/2025 12:49:09 PM",,"MIN","N","O","M","43","DE","N","N","120.10","N"
"20249189","03/06/2026 07:13:37 PM",,"MED","N","O","M","29","DE","N","N","130.35","N"
"20245919","11/01/2025 08:52:36 PM",,"MIN","Y","A","M","20","DE","N","N","125.14","Y"
"20244494","06/02/2026 12:19:53 PM",,"MED","N","O","M","27","DE","N","N","155.25","N"
"84530","04/20/2026 05:49:41 PM",,"MIN","N","B","M","44","CS","N","N",,"N"
"20249469","03/20/2026 10:34:50 AM",,"MED","N","B","M","56","DE","N","N","220.09","N"
"20228558","07/08/2026 12:13:00 AM",,"MAX","N","O","M","23","DE","N","N","160.05","N"
"20251504","06/30/2026 02:08:38 AM",,"MED","Y","B","M","20","DE","N","N","120.05","N"
"20013576","07/15/2026 09:28:47 AM",,"MED","N","B","M","53","DPV","N","N",,"N"
"20245916","07/14/2026 11:42:00 PM",,"MED","N","W","M","21","DE","N","N","120.07","N"
"36364","05/20/2024 07:25:38 PM",,"MAX","Y","B","M","39","DEP","N","Y","240.75","Y"
"20251793","07/15/2026 01:44:46 PM",,"MIN","N","W","M","46","DE","N","N","220.18","N"
"20213013","06/15/2026 11:22:50 AM",,"MED","Y","O","M","58","DE","N","N","140.20","N"
"20241092","01/16/2025 01:35:11 AM",,"MAX","Y","O","M","20","DE","N","N","105.15","Y"
"20244336","06/26/2025 04:01:40 PM",,"MED","N","B","M","47","DE","N","N","125.25","Y"
"20247035","11/04/2025 07:26:00 PM",,"MIN","N","B","M","20","DE","N","Y","160.15","Y"
"20024951","01/22/2026 01:30:44 AM",,"MIN","N","O","M","50","DE","N","N","165.52","N"
"20247186","05/16/2026 01:35:07 PM",,"MIN","N","O","M","40","DE","N","N","155.30","N"
"13875","06/25/2026 05:18:44 PM",,"MED","Y","B","M","56","DEP","N","N","165.15","N"
"20241464","03/06/2025 05:12:32 PM",,"MAX","N","B","M","23","DE","N","Y","105.15","Y"
"746","07/02/2025 05:21:00 PM",,"MED","Y","B","M","38","DE","N","N","135.20","Y"
"20184622","10/01/2025 11:35:29 AM",,"MIN","Y","I","M","53","DE","N","N","120.05","N"
"20054108","03/09/2025 10:50:53 PM",,"MED","Y","W","F","42","DE","N","N","110-135.20","N"
"20205904","12/09/2023 09:29:32 PM",,"MAX","Y","O","M","27","DE","N","Y","125.25","Y"
"20246102","02/13/2026 04:59:18 PM",,"MED","Y","B","M","20","DE","N","Y","110-125.25","Y"
"87852","09/13/2023 02:27:08 PM",,"MED","N","B","M","68","DE","N","N","125.25","Y"
"20249824","04/08/2026 07:54:59 PM",,"MIN","N","B","M","29","DE","N","Y","265.03","Y"
"114627","09/26/2025 11:35:15 PM",,"MAX","Y","B","M","61","DE","N","N","160.15","Y"
"20251654","07/07/2026 11:50:20 PM",,"MIN","N","O","M","35","DE","N","N","220.21","N"
"20215130","03/14/2026 12:56:00 PM",,"MED","Y","B","M","51","DE","N","N","110-125.25","N"
"20243320","04/17/2026 12:35:28 AM",,"MED","Y","B","M","21","DE","N","Y","110-125.25","Y"
"10005559","01/11/2026 11:32:21 AM",,"MIN","Y","B","M","51","DE","N","N","120.10","N"
"20125566","06/24/2026 11:35:30 AM",,"MAX","Y","B","M","31","DE","N","N","220.16","N"
"20249798","07/10/2026 11:52:00 PM",,"MED","N","B","M","19","DE","N","N","110-125.25","N"
"20245088","08/01/2025 04:33:37 PM",,"MED","N","O","M","20","SSR","N","Y",,"Y"
"20248786","02/12/2026 08:35:00 PM",,"MED","N","O","M","28","DE","N","N","130.35","N"
"20223157","07/07/2026 12:52:28 PM",,"MIN","N","B","M","48","SSR","N","N",,"N"
"20251796","07/15/2026 03:46:50 PM",,,"N","O","M","61","DE","N","N","140.25","N"
"20216719","03/27/2026 05:38:52 PM",,"MAX","Y","O","F","23","DE","N","N","140.20","N"
"20245012","07/28/2025 08:46:53 PM",,"MED","Y","O","M","55","DE","N","N","125.27","N"
"73313","04/14/2026 05:58:06 AM",,"MED","Y","B","M","42","DE","N","N","215.52","N"
"20091638","06/26/2025 11:58:47 AM",,"MAX","Y","B","M","38","DE","N","N","125.25","Y"
"10015811","09/17/2025 11:54:33 PM",,"MAX","Y","B","M","33","DE","N","N","160.10","Y"
"20081476","10/16/2025 12:14:28 PM",,"MAX","Y","B","M","30","DE","N","N","160.05","Y"
"20251433","06/25/2026 05:05:05 PM",,"MIN","N","O","M","26","DE","N","N","160.10","N"
"20247096","03/25/2026 12:09:40 PM",,"MED","N","O","M","30","DE","N","N","160.10","Y"
"20246292","06/30/2026 11:57:44 AM",,"MIN","N","W","M","59","SSR","N","N","110-265.03","N"
"20241032","06/04/2026 12:29:43 AM",,"MAX","Y","W","M","32","DE","N","N","155.35","N"
"139766","05/13/2026 01:27:14 AM",,"MIN","N","B","M","57","CS","N","N",,"N"
"20241300","01/26/2025 07:52:59 PM",,"MIN","Y","A","M","26","DE","N","N","110-125.25","Y"
"20069340","05/06/2026 12:46:35 PM",,"MED","N","B","M","33","CS","N","N","220.16","Y"
"20248083","01/02/2026 11:47:17 AM",,"MIN","Y","O","M","35","CS","N","N",,"N"
"115772","06/25/2026 08:33:05 PM",,"MED","Y","O","M","40","DE","N","N","165.52","N"
"20247156","12/10/2025 01:17:50 AM",,"MAX","Y","B","M","20","DE","N","Y","160.15","Y"
"20216934","01/09/2026 11:00:00 AM",,"MED","N","O","M","27","CS","N","N","220.06","N"
"20229661","02/10/2025 07:50:22 PM",,"MED","Y","O","M","31","DE","N","N","155.35","Y"
"20251094","06/08/2026 03:58:06 PM",,"MED","Y","O","M","21","DE","N","N","125.25","N"
"132034","06/16/2026 11:55:45 PM",,"MIN","N","B","M","56","DE","N","N","160.15","N"
"20251254","06/17/2026 11:13:41 AM",,"MIN","N","I","M","43","DE","N","N","FOA 900.00","N"
"20241133","02/13/2026 05:07:40 PM",,"MAX","Y","B","M","20","CS","N","Y","120.05","Y"
"20251168","06/11/2026 07:25:18 PM",,"MED","Y","B","M","30","DE","N","N","120.14","N"
"20251571","07/03/2026 08:20:19 PM",,"MIN","Y","O","F","29","DE","N","N","FOA 900.00","N"
"20230013","02/25/2026 01:40:59 PM",,"MIN","N","B","M","40","CS","N","N","105.10","N"
"20159780","06/10/2025 01:08:00 PM",,"MED","Y","B","M","32","DE","N","N","120.10","Y"
"9410","07/11/2026 08:46:18 PM",,"MIN","N","B","F","58","DE","N","N","160.10","N"
"20074796","12/10/2025 07:36:52 PM",,"MIN","N","B","M","39","DE","N","Y","265.03","N"
"26238","03/08/2026 12:46:26 AM",,"MIN","N","B","M","65","DE","N","N","140.20","N"
"20207613","10/19/2024 11:08:00 AM",,"MED","Y","B","M","40","DE","N","N","130.35","Y"
"20042136","07/15/2026 05:09:00 PM",,,"N","B","M","56","DE","N","N","215.40","N"
"20106971","03/13/2026 12:40:10 PM",,"MED","Y","B","M","56","DE","N","N","160.05","N"
"20208161","05/10/2026 01:54:34 AM",,"MED","Y","B","M","42","DE","N","N","120.05","Y"
"20135439","07/11/2026 04:41:25 PM",,"MIN","N","O","M","54","DE","N","N","220.21","N"
"20245811","09/04/2025 08:52:43 PM",,"MAX","N","B","M","20","DE","N","Y","125.25","Y"
"20248009","12/28/2025 04:27:40 PM",,"MIN","N","B","M","28","DE","N","N","160.15","Y"
"20190244","10/13/2024 12:57:18 AM",,"MIN","N","O","M","48","DE","N","N","110-125.25","N"
"20249466","03/20/2026 01:47:42 AM",,"MIN","N","O","M","31","DE","N","N","220.21","N"
"20154652","06/13/2026 04:05:00 PM",,"MIN","N","B","M","30","DE","N","Y","265.03","N"
"20244984","11/28/2025 01:16:26 PM",,"MIN","Y","W","M","38","DE","N","N","160.05","Y"
"20093639","07/01/2026 12:13:00 AM",,"MAX","N","B","M","36","DE","N","N","140.20","N"
"30807","05/22/2024 01:19:43 PM",,"MIN","Y","W","M","54","DE","N","N","220.43","Y"
"20251685","07/09/2026 03:56:32 PM",,"MIN","N","O","M","33","DE","N","N","220.21","N"
"20113909","04/08/2026 04:32:04 PM",,"MIN","N","B","M","49","CS","N","N",,"Y"
"20248349","05/19/2026 12:43:23 PM",,"MED","N","O","M","28","DE","N","N","135.25","N"
"90226","06/27/2025 08:52:13 PM",,"MIN","Y","B","M","36","DE","N","N","265.02","N"
"20090721","06/30/2026 12:28:09 AM",,"MAX","Y","O","M","35","DE","N","Y","120.05","N"
"20246737","10/19/2025 12:52:44 PM",,"MED","Y","O","M","21","DE","N","Y","105.15","Y"
"20158285","09/21/2024 01:00:00 AM",,"MAX","Y","O","M","32","DE","N","Y","110-160.10","Y"
"18388","01/05/2026 11:32:37 AM",,"MIN","Y","O","M","52","DE","N","N","215.51","N"
"111307","11/10/2025 01:05:21 AM",,"MED","N","B","M","36","DE","N","Y","110-125.27","Y"
"20251809","07/16/2026 12:07:04 AM",,,"N","B","M","28","DE","N","N","120.05","N"
"20041895","01/21/2026 02:16:23 PM",,"MED","N","O","M","57","DE","N","N","160.15","N"
"20227258","10/02/2023 11:54:50 AM",,"MAX","Y","B","M","26","DNS","N","Y",,"Y"
"20251023","06/04/2026 04:25:47 PM",,"MIN","N","O","M","41","DE","N","N","220.21","N"
"20249745","04/05/2026 12:41:42 AM",,"MAX","Y","B","F","21","DE","N","N","265.03","Y"
"5252","01/18/2026 06:55:52 PM",,"MAX","Y","B","M","51","DE","N","N","160.05","Y"
"20209403","05/21/2026 07:19:11 PM",,"MAX","Y","O","M","25","DEP","N","Y","VOP","N"
"20249114","03/03/2026 10:56:57 AM",,"MAX","Y","B","M","34","DE","N","N","160.10","Y"
"20222238","10/23/2024 05:21:36 PM",,"MED","Y","B","M","45","DE","N","N","110-125.25","Y"
"20215741","05/27/2026 07:02:43 PM",,"MAX","Y","B","M","23","DE","N","Y","160.15","N"
"20229025","09/04/2025 10:24:14 PM",,"MED","N","B","M","22","DE","N","Y","125.25","Y"
"20207060","04/09/2025 12:36:52 PM",,"MED","Y","B","M","47","DE","N","N","110-125.25","Y"
"20250530","05/12/2026 11:36:00 AM",,"MED","Y","O","M","37","DE","N","N","120.14","Y"
"20239241","10/10/2024 11:31:32 PM",,"MAX","N","O","M","27","DE","N","N","125.25","Y"
"51116","07/14/2026 05:00:28 PM",,"MIN","N","O","M","46","DE","N","N","220.43","N"
"20247723","12/10/2025 12:07:03 PM",,"MIN","Y","B","M","19","DE","N","Y","265.01B","Y"
"20219109","07/02/2026 02:40:00 PM",,"MAX","N","B","M","34","DE","N","N","155.30","N"
"20242040","05/18/2025 11:35:38 AM",,"MIN","N","B","M","19","DE","N","Y","110-125.27","N"
"20228387","11/10/2025 01:58:37 PM",,"MED","Y","B","F","32","DE","N","N","125.20","N"
"20250885","05/28/2026 07:04:24 PM",,"MED","Y","O","M","26","DE","N","N","155.25","N"
"166210","03/03/2026 11:57:22 AM",,"MAX","N","O","M","36","DE","N","N","215.52","Y"
"145452","07/15/2026 09:29:11 PM",,"MED","N","W","M","43","DPV","N","N",,"N"
"20030508","12/04/2024 04:56:02 PM",,"MIN","N","O","M","40","DE","N","N","105.15","N"
"20219342","06/27/2026 08:16:47 PM",,"MED","Y","W","M","39","DE","N","N","215.50","N"
"20009451","08/20/2025 03:32:09 PM",,"MED","N","B","M","34","DE","N","Y","120.07","Y"
"157387","01/27/2026 08:02:24 PM",,"MED","Y","B","M","42","DE","N","N","353-A(1)","Y"
"20171945","04/09/2026 04:38:31 PM",,"MED","N","B","M","31","DE","N","N","220.43","N"
"20121702","05/27/2026 12:37:00 AM",,"MED","Y","B","M","40","DE","N","N","230.34","N"
"105440","02/01/2024 02:15:43 PM",,"MED","Y","B","M","44","DE","N","N","125.25","N"
"34576","05/27/2026 07:15:28 PM",,"MAX","Y","B","M","41","DE","N","N","125.25","N"
"20223534","04/16/2026 07:19:00 PM",,"MED","N","W","M","32","DE","N","N","140.25","N"
"63942","04/19/2025 12:12:36 PM",,"MED","N","B","M","51","DE","N","N","150.15","Y"
"108948","02/16/2026 12:17:58 AM",,"MIN","N","W","M","56","DE","N","N","140.20","N"
"20176894","01/31/2026 11:17:00 AM",,"MED","Y","W","M","33","DE","N","N","160.10","N"
"147254","11/25/2025 04:12:17 PM",,"MED","N","O","M","39","DE","N","N","110-125.25","N"
"20226233","03/21/2026 11:40:44 AM",,"MIN","N","O","M","41","DE","N","N","220.39","N"
"54416","12/15/2025 01:27:21 PM",,"MIN","N","B","M","39","DE","N","N","110-120.10","Y"
"20032548","11/07/2025 01:23:57 PM",,"MAX","N","B","M","33","DE","N","Y","110-125.25","Y"
"20243075","04/28/2025 04:45:06 PM",,"MED","Y","O","M","27","DE","N","N","125.25","Y"
"20251646","07/07/2026 04:24:39 PM",,"MED","N","B","M","18","DE","N","Y","105.15","N"
"20228936","01/07/2024 11:45:38 PM",,"MAX","N","O","M","29","DE","N","N","125.25","Y"
"20222534","01/08/2023 12:03:00 AM",,"MED","Y","O","M","51","DE","N","N","125.25","Y"
"7572","03/29/2026 05:15:09 PM",,"MIN","Y","B","M","50","DEP","N","N","120.05","N"
"20242877","04/18/2025 05:36:29 PM",,"MED","N","B","M","38","DE","N","N","265.03","Y"
"20241983","03/06/2025 06:53:22 PM",,"MED","Y","O","M","44","DE","N","N","125.25","Y"
"48609","01/31/2026 12:00:00 PM",,"MED","Y","B","M","37","DE","N","N","140.25","Y"
"20018274","02/09/2025 12:38:53 PM",,"MED","Y","B","M","60","DE","N","N","125.25","Y"
"133280","02/25/2025 04:20:35 PM",,"MED","Y","B","F","24","DE","N","N","120.10","Y"
"20134667","07/18/2025 12:44:00 PM",,"MED","N","O","M","41","DE","N","N","135.20","N"
"61072","06/21/2026 12:17:38 PM",,"MIN","N","B","M","57","DE","N","N","160.15","N"
"20171953","07/12/2026 12:50:00 AM",,"MIN","N","B","M","36","DE","N","N","215.51","N"
"20246987","11/02/2025 01:27:14 AM",,,"N","O","M","33","DE","N","N","FOA 900.00","N"
"13914","11/29/2025 12:04:24 AM",,"MED","Y","B","M","60","DEP","N","N","VOP","Y"
"20080899","04/24/2026 12:02:46 PM",,"MAX","Y","B","M","30","DE","N","Y","265.03","N"
"20127859","09/18/2025 07:36:40 PM",,"MED","Y","W","M","44","DE","N","N","110-125.25","N"
"20242823","04/16/2025 07:19:22 PM",,"MED","N","O","M","19","DE","N","N","105.15","Y"
"20070678","05/01/2025 07:43:28 PM",,"MIN","N","W","M","52","DE","N","N","140.25","Y"
"20242940","04/22/2025 12:07:05 PM",,"MED","Y","B","M","32","DE","N","N","120.05","Y"
"20246755","10/20/2025 12:16:03 PM",,"MIN","Y","B","M","53","DE","N","N","140.25","N"
"20199636","07/15/2026 04:57:11 PM",,,"N","W","F","37","DE","N","N",,"N"
"20241053","07/01/2026 01:26:23 AM",,"MED","N","B","M","20","DNS","N","Y","110-265.03","N"
"20107050","06/19/2026 04:17:48 PM",,"MED","Y","B","M","40","DE","N","N","160.15","N"
"25387","05/11/2026 12:30:48 AM",,"MIN","N","O","M","41","DE","N","N","160.10","N"
"20251750","07/12/2026 06:18:32 PM",,"MIN","N","W","F","36","DE","N","N","220.03","N"
"20248518","01/27/2026 12:58:00 AM",,"MED","Y","O","M","32","DE","N","N","130.75","N"
"20247611","12/04/2025 03:52:36 PM",,"MAX","Y","O","M","20","DE","N","Y","110-125.25","Y"
"20248639","06/13/2026 03:40:13 PM",,"MED","N","B","M","18","DE","N","Y","105.15","N"
"20242209","06/08/2026 11:56:14 AM",,"MED","Y","O","M","38","DE","N","N","120.05","N"
"20178585","05/06/2026 08:17:00 PM",,"MED","Y","B","M","35","DE","N","N","160.10","N"
"20249065","02/28/2026 02:40:43 PM",,"MAX","Y","O","M","21","DE","N","Y","125.25","Y"
"130897","02/22/2024 01:28:10 PM",,"MIN","N","B","M","39","DE","N","N","220.21","Y"
"20102050","07/29/2025 01:42:04 PM",,"MED","N","B","M","35","DE","N","N","160.10","Y"
"20173720","07/30/2025 03:32:00 PM",,"MED","N","B","M","58","DEP","N","N","140.20","Y"
"20246429","10/04/2025 12:27:59 PM",,"MED","Y","O","M","37","DE","N","N","265.03","Y"
"20240416","05/05/2026 08:54:00 PM",,"MIN","Y","B","M","35","DE","N","N","140.20","N"
"31553","07/12/2026 05:19:33 PM",,"MAX","N","O","M","45","DE","N","N","120.05","N"
"20251747","07/12/2026 04:37:21 PM",,"MIN","N","O","M","51","DE","N","N","120.00","N"
"55166","07/15/2026 04:14:28 PM",,"MIN","N","O","M","42","DPV","N","N",,"N"
"20251239","06/16/2026 12:09:05 PM",,"MED","Y","O","M","21","DE","N","N","110-125.25","N"
"25940","05/14/2026 03:49:48 PM",,"MED","Y","W","M","61","DE","N","N","140.25","N"
"20247314","11/17/2025 11:21:06 PM",,"MIN","N","B","M","37","DE","N","N","140.25","N"
"20230085","03/10/2024 04:35:42 PM",,"MED","Y","B","M","27","DE","N","N","125.25","Y"
"20075367","07/14/2026 11:44:21 AM",,"MED","Y","B","M","33","DE","N","Y","110-125.25","N"
"20226429","11/13/2023 04:12:33 PM",,"MAX","N","B","M","21","DE","N","Y","110-125.25","Y"
"26397","07/14/2026 12:15:45 PM",,"MED","Y","O","M","41","DE","N","N","140.20","N"
"20251470","06/28/2026 01:20:48 AM",,"MIN","N","O","F","32","DE","N","N","160.10","N"
"157248","11/30/2024 08:50:33 PM",,"MIN","N","O","M","43","DE","N","N","220.09","N"
"20241955","03/05/2025 09:01:18 PM",,"MAX","Y","B","M","22","DE","N","Y","125.25","Y"
"20223288","03/28/2026 05:35:05 PM",,"MED","Y","B","M","46","DE","N","N","140.25","Y"
"20075628","01/23/2026 04:36:06 PM",,"MAX","Y","B","M","33","DE","N","N","120.05","Y"
"20184698","10/24/2025 07:05:23 PM",,"MIN","N","O","M","42","DE","N","N","220.21","Y"
"20251394","06/24/2026 02:57:08 PM",,"MIN","N","B","M","36","DE","N","N","160.10","N"
"20243819","06/02/2025 01:28:00 AM",,"MIN","Y","A","M","52","DE","N","N","120.05","N"
"13825","11/14/2025 04:18:51 PM",,"MED","N",,,"53","DE","N","N","125.25","N"
"10002382","05/16/2026 09:46:17 AM",,"MIN","Y","O","F","52","DE","N","N","120.10","N"
"20247065","07/08/2026 01:36:33 AM",,"MIN","N","O","M","28","DE","N","N","140.25","N"
"20245669","08/28/2025 11:14:00 PM",,"MIN","N","O","M","31","DE","N","N","600(2)(A)","N"
"20006340","05/16/2026 04:06:56 PM",,"MAX","Y","B","M","35","DEP","N","Y","150.15","Y"
"20202872","05/24/2024 12:59:00 AM",,"MIN","Y","B","M","41","DE","N","N","140.25","Y"
"20241803","02/25/2025 01:46:32 AM",,"MED","N","B","M","44","DE","N","Y","130.96","Y"
"127714","04/24/2026 10:16:55 AM",,"MED","Y","O","M","50","DE","N","N","155.30","N"
"20052717","07/07/2026 05:13:54 PM",,"MED","N","B","M","44","DE","N","N","195.05","N"
"20232086","02/15/2025 04:12:50 PM",,"MED","N","B","M","20","DE","N","Y","265.03","Y"
"20024669","09/20/2025 01:10:43 AM",,"MAX","N","O","M","40","DE","N","Y","120.05","Y"
"20190799","01/30/2026 01:17:51 AM",,"MED","Y","O","F","29","DE","N","N","140.20","Y"
"20223666","07/14/2026 07:26:06 PM",,"MED","Y","W","M","46","DE","N","N","160.05","N"
"20244973","06/26/2026 01:11:09 AM",,"MED","N","O","M","37","DE","N","N","140.30","N"
"20249698","04/02/2026 04:41:38 PM",,"MED","Y","B","F","18","DE","N","N","110-125.25","Y"
"44276","05/12/2026 10:54:38 AM",,"MED","N","B","M","65","DE","N","N","125.25","N"
"20129350","07/10/2026 01:19:30 PM",,"MED","Y","W","M","61","DEP","N","N","VOP","N"
"20030357","07/12/2026 01:22:06 AM",,"MED","Y","B","M","41","DE","N","N","155.30","N"
"20249790","04/07/2026 07:22:00 PM",,"MED","Y","B","F","39","DE","N","N","150.15","N"
"145822","07/04/2023 12:37:13 AM",,"MED","Y","O","M","39","DE","N","N","125.25","Y"
"20006515","04/09/2026 06:52:00 PM",,"MAX","Y","B","M","34","DE","N","N","120.05","Y"
"56042","06/14/2026 08:22:26 PM",,"MED","N","O","M","40","DE","N","N","121.12","N"
"20246827","10/24/2025 12:12:35 AM",,"MIN","N","O","M","55","DE","N","N","121.12","N"
"20233134","08/08/2024 12:34:27 PM",,"MED","Y","B","M","27","DE","N","N","130.95","Y"
"20168711","12/04/2024 07:33:36 PM",,"MED","N","B","M","29","SSR","N","N",,"Y"
"20133674","01/24/2026 12:31:30 PM",,"MIN","Y","B","M","46","DE","N","N","155.30","N"
"20242607","04/13/2026 02:03:49 PM",,"MED","Y","O","M","36","DE","N","N","160.15","N"
"20028995","04/11/2026 10:44:50 AM",,"MED","Y","B","M","61","DE","N","N","130.65","N"
"20205612","06/13/2026 11:38:16 AM",,"MAX","Y","B","M","25","DE","N","Y","120.10","N"
"66850","01/31/2026 10:46:00 PM",,"MED","N","B","M","38","DE","N","Y","265.03","N"
"20150076","01/14/2025 05:11:10 PM",,"MAX","Y","O","M","29","DE","N","Y","125.25","Y"
"20251465","06/27/2026 08:18:14 PM",,"MED","N","O","M","23","DE","N","N","160.15","N"
"20048023","01/14/2026 04:42:16 PM",,"MED","Y","B","M","32","DE","N","N","110-130.35","Y"
"20219240","06/18/2022 12:40:01 PM",,"MED","Y","O","M","51","DE","N","N","125.25","Y"
"20239411","04/09/2026 01:46:42 PM",,"MED","N","B","M","31","CS","N","N",,"N"
"105792","05/07/2026 07:13:22 PM",,"MIN","Y","B","M","48","DE","N","N","120.05","N"
"20186075","06/30/2026 01:09:04 PM",,"MAX","Y","W","M","31","DE","N","N","120.05","N"
"20131074","08/27/2025 12:53:47 PM",,"MIN","Y","B","M","38","DE","N","N","120.05","Y"
"20247517","12/10/2025 01:13:29 AM",,"MED","N","O","M","29","DE","N","N","140.25","Y"
"10015480","04/17/2024 06:49:42 PM",,"MAX","Y","B","M","34","DE","N","Y","125.25","Y"
"20041347","04/22/2026 08:48:20 PM",,"MED","Y","B","M","33","DE","N","N","160.10","N"
"20250910","05/29/2026 06:09:58 PM",,"MED","Y","B","M","22","DE","N","N","120.05","Y"
"20246302","12/02/2025 11:38:26 PM",,"MIN","Y","B","M","64","DE","N","N","130.65","N"
"160392","10/28/2025 01:07:56 AM",,"MAX","Y","O","M","46","DE","N","Y","120.05","Y"
"78971","06/05/2026 11:38:11 AM",,"MED","N","B","M","43","DE","N","N","110-120.10","N"
"807","06/30/2026 11:53:10 AM",,"MED","Y","B","M","38","DE","N","Y","140.25","N"
"67309","09/30/2025 04:22:48 PM",,"MAX","N","B","M","41","DE","N","Y","160.15","Y"
"20231475","04/30/2026 07:41:34 PM",,"MED","N","B","M","29","DE","N","N","125.25","N"
"20108471","06/25/2025 06:53:34 PM",,"MAX","Y","B","M","30","DE","N","N","215.51","Y"
"20218580","04/13/2024 07:33:22 PM",,"MAX","Y","B","M","53","DE","N","N","130.45","Y"
"20197843","06/18/2026 01:06:11 AM",,"MED","Y","O","M","43","DE","N","N","140.20","N"
"20200598","04/07/2026 12:11:47 PM",,"MED","Y","B","M","45","DE","N","N","490.20","Y"
"20142989","04/02/2026 12:29:28 PM",,"MED","Y","B","M","49","DE","N","N","130.35","N"
"20250326","05/21/2026 03:50:36 PM",,"MED","Y","O","M","19","DE","N","Y","265.03","N"
"20251344","06/21/2026 04:47:37 PM",,"MAX","Y","B","M","26","DE","N","N","160.15","N"
"20148713","04/15/2026 08:57:37 PM",,"MIN","Y","B","M","47","DE","N","N","140.20","N"
"20239774","04/07/2026 03:42:39 PM",,"MED","Y","O","M","38","DEP","N","N","155.30","N"
"20246992","11/02/2025 12:42:10 PM",,"MED","Y","B","M","26","DE","N","N","160.10","Y"
"28405","07/08/2026 01:01:16 PM",,"MED","N","O","M","57","DE","N","N",,"N"
"20155587","02/06/2026 12:03:15 AM",,"MAX","Y","B","M","27","DE","N","Y","110-160.10","Y"
"20251436","06/25/2026 08:34:48 PM",,"MIN","N","O","M","38","DE","N","N","110-120.10","N"
"20248575","06/24/2026 12:46:42 PM",,"MIN","Y","A","M","29","DE","N","N","155.35","N"
"20114443","11/13/2024 12:26:56 PM",,"MIN","N","B","M","61","DE","N","N","140.20","N"
"20171003","07/02/2022 07:26:15 PM",,"MAX","Y","B","M","26","SSR","N","Y",,"Y"
"30805","04/10/2026 01:31:36 AM",,"MIN","N","W","M","45","DE","N","N","140.20","Y"
"20226753","12/19/2025 07:12:26 PM",,"MAX","Y","B","M","22","DE","N","Y","120.05","Y"
"20206558","07/15/2026 11:50:00 PM",,,"N","B","F","39","DE","N","N","155.25","N"
"20063809","05/18/2026 07:56:03 PM",,"MAX","Y","O","M","36","CS","N","Y",,"N"
"20244050","04/28/2026 10:52:48 AM",,"MED","Y","B","M","33","DNS","N","N",,"N"
"20242700","07/09/2026 12:30:42 AM",,"MED","N","B","M","21","DE","N","Y","110-125.25","N"
"20250887","05/28/2026 08:53:00 PM",,"MED","N","B","M","19","DE","N","N","160.15","N"
"20194031","03/27/2026 12:09:00 AM",,"MAX","N","B","M","26","DE","N","Y","265.03","Y"
"20242944","04/22/2025 08:31:57 PM",,"MAX","Y","O","M","24","DE","N","N","125.25","Y"
"20243680","05/25/2025 12:53:09 AM",,"MIN","Y","B","M","24","DE","N","N","110-120.10","Y"
"20035389","06/21/2026 10:21:16 PM",,"MIN","Y","B","M","32","DE","N","Y","FOA 900.00","N"
"20122658","12/12/2025 12:17:18 AM",,"MAX","Y","B","M","30","DE","N","Y","105.17","Y"
"20111444","05/27/2026 04:00:06 PM",,"MED","N","B","M","34","SSR","N","N",,"N"
"20173838","03/12/2026 03:48:56 PM",,"MAX","Y","B","M","26","DE","N","Y","265.03","Y"
"39060","04/05/2026 05:10:10 PM",,"MIN","Y","B","M","60","CSP","N","N","VOP","N"
"20223481","02/07/2026 11:59:00 AM",,"MIN","Y","W","F","50","DE","N","N","140.20","N"
"20251745","07/12/2026 03:39:53 PM",,"MED","Y","B","M","35","DE","N","N","130.52","N"
"20217010","07/11/2026 11:20:00 PM",,"MED","Y","B","M","24","DE","N","N","110-160.15","N"
"20250827","05/27/2026 01:24:14 AM",,"MED","Y","B","M","20","DE","N","Y","105.17","N"
"20248981","07/08/2026 10:40:06 AM",,"MED","N","B","M","31","DE","N","N","140.30","N"
"20251803","07/15/2026 05:32:00 PM",,"MED","N","B","M","60","DE","N","N","130.65","N"
"20226096","04/21/2026 12:07:59 AM",,"MIN","Y","O","M","33","DE","N","N","155.35","Y"
"20243501","05/16/2025 07:00:02 PM",,"MIN","Y","B","M","26","DE","N","N","265.03","Y"
"20251778","07/14/2026 05:24:11 PM",,"MED","N","O","M","23","DE","N","N","110-125.25","N"
"20108395","09/16/2025 02:38:00 PM",,"MAX","Y","B","M","44","DEP","N","Y","120.05","Y"
"20246293","11/26/2025 11:35:43 AM",,"MED","N","B","M","43","DE","N","N","155.35","Y"
"161777","02/26/2026 05:04:10 PM",,"MED","Y","W","M","37","DE","N","N","155.30","N"
"20244399","07/18/2025 07:14:41 PM",,"MED","Y","O","M","35","DE","N","N","125.25","Y"
"20170261","05/11/2026 01:05:32 PM",,"MIN","Y","O","M","29","CS","N","Y","215.50","N"
"61734","02/05/2026 05:04:17 PM",,"MED","Y","B","M","50","DE","N","N","140.20","Y"
"20209161","08/12/2025 02:36:18 PM",,"MAX","Y","B","M","28","DE","N","N","120.10","Y"
"20211676","05/07/2026 06:58:00 PM",,"MED","N","B","M","25","DE","N","Y","220.16","N"
"20039691","05/06/2025 02:46:43 PM",,"MAX","Y","O","M","32","DE","N","Y","140.25","Y"
"20251682","07/09/2026 03:13:34 PM",,"MED","N","B","M","19","DE","N","Y","105.15","N"
"81135","06/10/2026 06:13:27 PM",,"MED","Y","B","M","41","DEP","N","N","VOP","N"
"20095615","07/09/2026 12:01:44 PM",,"MAX","Y","B","M","30","DEP","N","N","140.20","N"
"20250193","06/06/2026 01:42:48 AM",,"MIN","Y","W","M","42","DE","N","N","140.20","N"
"20066105","05/12/2026 02:32:00 PM",,"MED","N","B","M","56","DE","N","N","125.25","N"
"20251318","07/03/2026 03:17:51 PM",,"MIN","N","B","F","42","DE","N","N","145.00","N"
"20241431","02/02/2025 03:19:44 PM",,"MAX","N","O","M","25","SSR","N","N",,"Y"
"20227870","11/02/2025 12:40:12 AM",,"MAX","N","B","M","23","DE","N","Y","265.03","Y"
"20078293","02/28/2026 01:34:20 AM",,"MIN","Y","B","M","44","DE","N","N","130.52","N"
"20246003","03/22/2026 04:57:29 PM",,"MAX","Y","B","M","24","DE","N","Y","110-125.25","N"
"20093444","08/21/2025 05:36:02 PM",,"MIN","N","B","M","34","DE","N","Y","110-125.25","Y"
"20209938","06/29/2026 10:42:51 PM",,"MED","Y","W","F","41","DE","N","N","110-120.10","N"
"20246341","09/29/2025 09:11:25 PM",,"MIN","N","O","M","44","DE","N","N","110-125.25","N"
"20250732","05/20/2026 07:15:18 PM",,"MED","N","B","M","29","DE","N","N","120.10","N"
"20233133","01/31/2026 01:42:05 AM",,"MED","N","B","M","26","DE","N","N","160.15","N"
"20247091","11/07/2025 04:22:38 PM",,"MAX","N","B","M","18","DE","N","Y","110-125.25","Y"
"20200982","04/22/2026 12:41:00 PM",,"MED","Y","O","M","74","DE","N","N","160.15","N"
"20169626","04/07/2026 11:44:15 AM",,"MAX","Y","O","M","30","DE","N","Y","140.25","Y"
"20178262","05/19/2026 12:18:45 PM",,"MIN","N","O","M","30","CS","N","N","VTL 1192.2","N"
"20251247","06/16/2026 08:29:59 PM",,"MED","Y","W","F","31","DE","N","N","120.10","N"
"20000219","03/28/2026 08:31:04 PM",,"MIN","N","W","M","46","CS","N","N",,"N"
"20240493","12/12/2024 09:19:04 PM",,"MED","Y","B","M","23","DE","N","N","130.95","Y"
"29808","07/13/2026 06:07:51 PM",,,"N","O","M","50","SSR","N","N",,"N"
"20250757","05/22/2026 12:03:47 AM",,"MIN","Y","B","M","39","DE","N","N","120.00","N"
"10001573","01/09/2026 09:00:15 PM",,"MIN","Y","O","M","63","DE","N","N","140.20","N"
"46222","11/14/2025 05:48:43 PM",,"MED","Y","O","M","44","DE","N","N","120.05","N"
"20241221","01/22/2025 02:05:10 PM",,"MED","N","B","M","22","DE","N","N","110-125.25","Y"
"20245901","09/09/2025 03:43:08 PM",,"MAX","N","B","M","27","DE","N","Y","125.25","Y"
"20249108","03/03/2026 12:43:30 AM",,"MAX","Y","O","M","29","DE","N","N","130.35","Y"
"118939","02/27/2026 01:08:00 AM",,"MIN","Y","B","M","47","DE","N","N","140.25","N"
"20247813","12/15/2025 01:31:00 AM",,"MIN","Y","B","M","28","DE","N","N","215.51","Y"
"20240467","06/08/2026 11:27:34 AM",,"MIN","Y","O","M","68","DE","N","N","220.43","N"
"141904","12/17/2025 09:40:17 PM",,"MAX","N","O","M","35","DE","N","N","265.01","Y"
"69574","05/02/2026 12:15:44 AM",,"MIN","Y","B","M","40","DE","N","N","120.05","Y"
"20229953","10/01/2025 05:19:19 PM",,"MED","Y","B","M","23","DE","N","N","140.25","Y"
"35994","11/26/2025 07:10:28 PM",,"MED","N","B","M","41","DE","N","N","220.16","Y"
"20017747","06/25/2026 12:20:37 PM",,"MED","Y","B","M","39","DE","N","N","120.05","N"
"20246831","02/15/2026 10:57:00 PM",,"MAX","N","B","M","23","DE","N","Y","130.35","Y"
"20096198","08/07/2025 12:20:34 AM",,"MED","Y","B","M","37","DE","N","N","220.16","Y"
"20247804","12/14/2025 03:46:27 PM",,"MED","Y","O","M","19","DE","N","N","120.05","Y"
"20251656","07/08/2026 01:02:02 AM",,"MIN","N","A","M","69","DE","N","N","215.50","N"
"20229271","05/13/2026 01:00:06 PM",,"MIN","N","B","M","60","DE","N","N","140.20","N"
"20154305","01/04/2026 01:31:08 PM",,"MED","Y","B","M","27","DE","N","Y","140.25","N"
"77060","05/15/2026 09:06:20 PM",,"MED","Y","O","M","40","DE","N","N","130.35","N"
"99494","05/13/2026 11:39:53 PM",,"MIN","N","B","M","57","DE","N","N","155.30","N"
"20243153","06/23/2026 10:07:47 AM",,"MIN","N","O","M","32","DNS","N","N","220.39","N"
"20240492","12/12/2024 07:36:38 PM",,"MED","Y","B","M","30","DE","N","N","135.25","Y"
"150724","06/24/2026 08:26:18 PM",,"MIN","Y","B","M","51","DE","N","N","FOA 900.00","N"
"20129103","05/17/2026 08:12:02 PM",,"MAX","Y","B","M","28","DE","N","Y","110-125.25","Y"
"20248892","04/04/2026 11:22:54 AM",,"MED","Y","I","M","30","DE","N","N","130.35","Y"
"56312","05/20/2026 11:20:21 AM",,"MIN","Y","O","M","37","CS","N","N",,"N"
"20239462","06/11/2026 12:00:05 PM",,"MED","Y","B","M","27","DE","N","N","140.25","N"
"20246111","09/18/2025 08:45:33 PM",,"MIN","N","O","M","43","DE","N","N","220.21","Y"
"20245120","08/03/2025 11:23:29 PM",,"MED","Y","B","M","28","DE","N","N","125.27","Y"
"20247474","11/25/2025 05:05:28 PM",,"MED","Y","O","F","59","DE","N","N","125.25","N"
"20238506","09/04/2024 08:10:13 PM",,"MAX","Y","A","M","26","DE","N","N","125.25","Y"
"20240855","01/03/2025 07:56:00 PM",,"MED","N","B","M","26","DE","N","N","125.25","N"
"20192649","06/27/2026 12:50:38 PM",,"MIN","N","O","M","33","DE","N","N","140.20","N"
"20232866","05/17/2026 01:03:56 AM",,"MED","Y","O","M","39","CS","N","N","155.25","N"
"20015353","01/15/2026 06:23:26 PM",,"MED","N","B","M","33","DE","N","Y","265.03","Y"
"20209557","06/15/2026 07:30:02 PM",,"MED","Y","B","M","49","DE","N","N","160.10","N"
"20208535","03/26/2026 06:47:03 PM",,"MAX","N","B","M","26","DE","N","Y","125.25","Y"
"20199061","01/13/2024 12:39:31 AM",,"MED","Y","O","M","26","DE","N","N","110-130.35","Y"
"27367","07/13/2026 05:29:53 PM",,"MAX","Y","B","M","38","DE","N","N","120.05","N"
"20150602","05/07/2025 01:14:00 AM",,"MAX","Y","B","F","32","DE","N","N","120.10","Y"
"20248652","02/04/2026 05:32:38 PM",,"MIN","Y","B","M","26","DE","N","N","FOA 900.00","Y"
"20238362","08/29/2024 05:12:15 PM",,"MIN","N","B","M","32","DE","N","Y","105.15","N"
"20079645","05/28/2025 11:51:17 AM",,"MIN","N","B","M","64","DE","N","N","120.10","N"
"20245903","12/09/2025 11:47:16 PM",,"MIN","Y","B","M","38","DNS","N","N",,"N"
"20195751","02/14/2023 05:28:49 PM",,"MED","Y","O","M","48","DE","N","N","125.25","N"
"20057019","06/24/2026 06:34:39 PM",,"MAX","Y","A","M","32","DE","N","N","110-160.15","Y"
"20227036","03/10/2026 01:32:42 AM",,"MED","Y","O","M","41","DE","N","N","110-120.10","Y"
"132774","02/11/2026 04:33:00 PM",,"MED","Y","B","M","45","DE","N","N","140.20","Y"
"16413","04/12/2026 01:02:43 PM",,"MIN","Y","B","M","64","DE","N","N","220.39","N"
"20231379","06/28/2026 05:03:27 PM",,"MAX","N","B","M","21","DE","N","Y","220.39","N"
"20246095","09/18/2025 11:24:13 AM",,"MAX","Y","O","M","19","DE","N","Y","110-125.25","Y"
"20223183","02/11/2026 03:42:30 PM",,"MIN","N","B","M","21","DE","N","N","160.15","Y"
"20245392","06/28/2026 03:46:01 PM",,"MAX","N","B","M","32","DE","N","Y","195.05","N"
"10005222","08/11/2025 06:30:00 PM",,"MED","Y","B","M","38","DE","N","N","160.15","Y"
"20133379","07/09/2026 05:30:41 PM",,"MAX","N","O","M","38","DE","N","N","140.25","N"
"20228611","09/24/2025 09:02:55 PM",,"MAX","Y","B","M","28","DE","N","N","110-125.25","Y"
"20250049","04/18/2026 12:21:55 PM",,"MIN","N","B","M","41","DE","N","N","120.10","N"
"20091732","03/16/2026 03:59:39 PM",,"MAX","Y","O","M","40","DE","N","N","120.05","Y"
"20240690","06/17/2026 10:07:42 AM",,"MED","Y","B","F","30","DE","N","N","160.10","N"
"20249837","04/09/2026 12:44:46 PM",,"MED","Y","O","M","38","DE","N","N","125.25","N"
"54902","03/29/2026 12:54:31 PM",,"MIN","N","W","M","57","CS","N","N",,"N"
"20128337","06/09/2026 05:46:31 PM",,"MED","Y","B","M","32","DE","N","N","160.10","N"
"70566","02/27/2026 11:21:40 PM",,"MIN","N","O","M","45","CSP","N","N","220.03","N"
"31298","05/19/2026 04:03:19 PM",,"MAX","N","B","M","44","DE","N","Y","110-125.25","Y"
"20247466","11/25/2025 01:05:47 PM",,"MED","Y","O","M","24","DE","N","N","110-125.25","Y"
"153472","08/20/2024 05:49:21 PM",,"MAX","N","O","M","35","DE","N","N","110-125.27","Y"
"20222602","01/12/2023 08:36:38 PM",,"MED","Y","B","M","22","DE","N","N","125.25","Y"
"20240452","05/18/2026 12:51:40 PM",,"MIN","N","B","M","46","CS","N","N","155.35","N"
"20119964","03/18/2026 02:08:30 PM",,"MAX","Y","O","M","29","DEP","N","N","140.30","Y"
"20250971","06/02/2026 04:32:16 PM",,"MED","N","B","M","21","DE","N","Y","110-125.25","N"
"20032985","05/07/2026 03:38:22 PM",,"MIN","N","B","M","35","CS","N","N",,"Y"
"20086038","02/28/2023 04:57:20 PM",,"MAX","Y","B","M","30","DE","N","Y","125.25","Y"
"20060667","05/29/2026 12:21:00 AM",,"MED","Y","O","M","34","DE","N","N","265.03","N"
"20229008","05/12/2026 01:15:35 PM",,"MED","Y","A","M","28","DNS","N","N",,"Y"
"20000770","01/31/2026 01:53:45 AM",,"MIN","Y","B","M","54","DE","N","N","220.03","Y"
"20251714","07/10/2026 10:58:00 PM",,"MED","N","A","M","22","DE","N","N","140.25","N"
"20251814","07/16/2026 01:16:56 AM",,"MED","N","B","M","64","DE","N","N","220.16","N"
"20108174","03/26/2026 12:38:00 AM",,"MIN","Y","O","M","59","DE","N","N","110-140.25","N"
"20247822","03/26/2026 01:13:38 PM",,"MIN","Y","A","F","39","DE","N","N","220.16","N"
"20221950","03/08/2023 05:04:24 PM",,"MAX","Y","B","M","28","DE","N","N","105.15","Y"
"20241654","04/13/2026 08:38:13 PM",,"MIN","N","O","M","45","DE","N","N","140.20","N"
"20104835","11/18/2024 04:50:12 PM",,"MED","Y","O","M","60","DE","N","N","125.25","Y"
"20250988","06/03/2026 01:00:14 PM",,"MIN","Y","B","M","24","CS","N","N",,"N"
"20089740","10/31/2025 12:47:23 PM",,"MAX","Y","A","M","31","DEP","N","Y","120.05","Y"
"20095775","01/15/2026 12:04:22 PM",,"MAX","Y","B","M","33","DE","N","N","120.10","N"
"58295","05/12/2026 01:12:29 AM",,"MAX","Y","B","M","41","DE","N","N","160.15","Y"
"20232104","04/07/2025 09:43:06 AM",,"MED","Y","B","M","37","DE","N","N","135.20","Y"
"20038486","05/05/2026 09:15:40 PM",,"MIN","N","B","M","48","DE","N","N","120.05","N"
"20244884","11/06/2025 11:16:00 PM",,"MIN","N","A","M","45","DE","N","N","140.30","N"
"20240608","01/16/2026 12:51:52 PM",,"MIN","N","B","M","28","CS","N","N","110-265.03","N"
"20218472","05/03/2026 01:17:16 AM",,"MED","Y","O","M","37","DE","N","N","120.05","Y"
"20250687","05/18/2026 02:11:15 AM",,"MIN","Y","B","F","53","CS","N","N",,"N"
"20247323","02/27/2026 10:10:22 AM",,"MIN","N","B","M","26","DE","N","Y","220.43","N"
"58469","02/13/2025 11:20:25 AM",,"MED","Y","B","M","44","DE","N","N","110-120.10","Y"
"20143476","05/29/2026 07:46:00 PM",,"MIN","Y","B","F","39","DE","N","N","155.30","N"
"20073449","04/16/2025 12:48:38 PM",,"MED","Y","B","M","33","DE","N","N","125.25","N"
"20176851","04/10/2026 04:06:48 PM",,"MED","Y","B","F","29","CS","N","N",,"Y"
"20232689","04/14/2026 01:15:00 AM",,"MAX","Y","B","M","22","DE","N","N","140.25","Y"
"41367","06/28/2025 11:46:14 AM",,"MED","N","B","M","46","DE","N","N","125.25","Y"
"20238413","01/22/2026 03:56:04 PM",,"MIN","Y","B","M","51","DE","N","N","110-125.25","N"
"20114291","07/03/2026 08:53:58 PM",,"MIN","N","O","M","54","DE","N","N","140.25","N"
"20230331","09/09/2024 07:59:06 PM",,"MED","Y","W","M","43","DE","N","N","125.25","Y"
"20246840","10/24/2025 07:16:34 PM",,"MIN","N","O","M","41","DE","N","N","110-125.25","Y"
"57638","08/03/2024 12:05:43 AM",,"MED","Y","O","M","65","DE","N","N","125.25","Y"
"20239332","05/31/2026 11:47:00 AM",,"MAX","Y","W","M","28","DE","N","N","160.10","Y"
"20251024","06/04/2026 04:30:13 PM",,"MED","N","O","M","47","DE","N","N","130.30","N"
"20239108","04/07/2026 11:27:33 AM",,"MED","Y","B","M","40","DE","N","N","130.95","N"
"20233295","07/14/2026 05:58:47 PM",,"MED","Y","B","M","37","DE","N","N","125.25","N"
"20172579","07/15/2026 07:40:08 AM",,"MED","N","B","M","27","DPV","N","Y",,"N"
"20251534","07/01/2026 04:56:00 PM",,"MED","N","B","M","21","DE","N","Y","265.03","N"
"76853","06/30/2026 12:00:12 PM",,"MIN","N","B","M","44","SSR","N","N","110-265.03","N"
"20078780","12/16/2025 04:50:34 PM",,"MED","N","O","M","31","DE","N","N","220.77","N"
"20109261","06/17/2026 04:47:00 PM",,"MED","Y","O","M","38","DE","N","N","140.25","N"
"66029","01/28/2026 12:33:45 PM",,"MED","N","O","M","45","DE","N","N","120.10","N"
"164585","09/26/2025 12:39:20 AM",,"MIN","Y","B","M","67","DE","N","N","110-125.25","N"
"2964","06/15/2026 04:19:51 PM",,"MED","Y","O","M","55","DE","N","N","140.20","N"
"26973","01/23/2025 01:10:53 AM",,"MIN","Y","B","M","39","DE","N","N","155.40","Y"
"28030","06/25/2026 10:56:00 PM",,"MED","N","W","M","46","DE","N","N","120.05","N"
"4632","01/08/2025 03:19:06 PM",,"MIN","Y","B","M","63","DE","N","N","110-125.25","Y"
"20061045","03/17/2026 11:22:46 AM",,"MED","Y","B","M","61","DE","N","N","120.05","Y"
"10011596","03/21/2026 04:20:21 PM",,"MAX","N","O","M","35","DE","N","N","160.15","N"
"20140903","04/14/2026 03:07:20 PM",,"MAX","N","A","M","29","DE","N","Y","120.10","Y"
"20230145","05/30/2026 12:53:21 AM",,"MED","N","O","M","30","DE","N","N","155.30","N"
"157186","01/19/2026 01:17:53 AM",,"MED","Y","B","M","60","DE","N","N","160.15","Y"
"20182191","03/10/2026 07:21:00 PM",,"MED","Y","B","M","40","CS","N","N",,"N"
"20246025","09/14/2025 08:32:12 PM",,"MAX","Y","B","M","22","DE","N","Y","110-125.25","Y"
"24679","09/14/2025 11:49:49 PM",,"MED","N","B","M","37","DE","N","N","160.15","Y"
"20191707","07/09/2025 03:31:14 PM",,"MIN","Y","O","M","32","DNS","N","N",,"Y"
"20250872","05/28/2026 01:33:09 PM",,"MIN","N","A","M","74","CS","N","N",,"N"
"169641","06/01/2026 04:26:34 PM",,"MED","N","B","M","39","DE","N","N","120.10","N"
"20251721","07/11/2026 01:05:13 PM",,"MAX","Y","B","M","23","DE","N","N","110-125.25","N"
"20143109","04/15/2026 03:30:00 PM",,"MIN","N","B","M","27","CS","N","Y","145.00","N"
"20077967","07/07/2026 03:25:20 PM",,"MED","Y","O","M","40","DE","N","N","140.25","N"
"20187507","06/12/2026 04:27:00 PM",,"MIN","N","B","M","26","DE","N","Y","265.03","N"
"43416","07/27/2024 12:24:05 AM",,"MIN","Y","W","M","58","DE","N","N","155.40","N"
"20045558","03/16/2026 01:01:06 AM",,"MED","Y","O","M","38","DE","N","N","120.05","N"
"20211564","06/23/2026 04:16:16 PM",,"MIN","Y","M","M","44","CS","N","N",,"N"
"10000723","06/22/2023 04:14:08 PM",,"MED","Y","B","M","39","DE","N","N","125.25","Y"
"20245431","08/19/2025 11:33:51 AM",,"MIN","N","B","M","43","DE","N","N","110-125.25","Y"
"20153083","07/25/2025 04:51:15 PM",,"MED","Y","B","M","28","DE","N","N","125.25","N"
"20246362","10/01/2025 10:28:40 AM",,"MED","N","B","M","30","DE","N","N","265.03","Y"
"20247227","11/13/2025 08:34:43 PM",,"MED","N","W","M","34","DE","N","N","140.25","Y"
"20247525","11/28/2025 11:14:21 PM",,"MED","Y","B","M","32","DE","N","N","125.25","N"
"20216142","12/09/2025 04:26:52 PM",,"MED","N","O","M","27","DE","N","Y","110-125.25","Y"
"20219488","07/04/2022 01:05:27 AM",,"MED","Y","W","M","26","DE","N","N","125.25","Y"
"20212893","11/14/2025 11:38:00 PM",,"MAX","Y","B","M","28","DEP","N","Y","160.15","Y"
"20210236","10/16/2025 12:54:00 AM",,"MAX","N","O","M","24","SSR","N","N",,"Y"
"20232744","04/24/2026 12:29:10 AM",,"MIN","N","W","M","33","CS","N","N","220.06","N"
"20025048","08/27/2025 12:00:55 PM",,"MAX","Y","B","M","38","DE","N","N","220.16","Y"
"41185","03/04/2023 08:41:38 PM",,"MED","N","B","M","41","DE","N","N","220.21","Y"
"20163655","11/06/2025 01:15:56 PM",,"MED","N","O","M","31","DE","N","N","125.25","Y"
"20131388","06/04/2026 01:04:26 PM",,"MAX","Y","B","M","37","DE","N","N","140.25","N"
"10566","11/08/2025 08:57:16 PM",,"MIN","N","B","M","54","DE","N","N","160.10","N"
"75169","06/22/2026 07:19:07 PM",,"MIN","Y","O","M","40","DE","N","N","168-T","N"
"20251669","07/08/2026 08:48:52 PM",,"MED","N","B","M","63","DE","N","N","130.35","N"
"20251187","06/12/2026 02:22:23 PM",,"MIN","N","O","M","29","DE","N","N","220.21","N"
"20251236","06/16/2026 11:08:15 AM",,"MED","Y","O","M","24","DE","N","N","120.05","N"
"20217463","05/12/2026 12:41:32 PM",,"MIN","N","B","M","30","CS","N","N","120.00","N"
"20246906","10/28/2025 04:54:58 PM",,"MED","N","B","M","24","DE","N","N","125.25","Y"
"20249650","05/13/2026 11:25:56 AM",,"MIN","N","B","M","25","DE","N","N","265.03","N"
"20133892","07/13/2026 12:14:00 AM",,"MAX","N","O","M","31","DE","N","N","110-125.25","N"
"101834","04/18/2026 01:19:40 AM",,"MIN","Y","B","M","41","DE","N","N","140.20","N"
"20198681","03/13/2026 08:28:04 PM",,"MIN","Y","B","M","56","DE","N","N","265.03","N"
"20243535","05/18/2025 12:59:30 AM",,"MED","Y","B","F","21","DE","N","Y","110-125.25","Y"
"20241470","02/05/2025 10:25:13 AM",,"MIN","N","O","M","31","SSR","N","N",,"N"
"25470","01/08/2026 02:21:17 PM",,"MED","Y","B","M","52","CS","N","N",,"Y"
"7192","12/09/2025 11:01:44 AM",,"MED","Y","O","F","60","DE","N","N","160.10","N"
"20183420","05/27/2026 12:49:47 AM",,"MIN","Y","W","F","58","CS","N","N",,"N"
"20238333","07/15/2026 01:29:29 PM",,,"Y","B","M","21","DE","N","Y","145.10","N"
"20193450","06/29/2026 03:17:26 PM",,"MAX","Y","B","M","31","DE","N","N","160.05","N"
"20219312","03/20/2026 07:51:13 PM",,"MAX","N","O","M","32","DE","N","N","140.20","Y"
"20181098","08/14/2025 12:44:00 AM",,"MIN","Y","B","M","33","DNS","N","N",,"N"
"58513","03/31/2026 12:08:08 PM",,"MIN","Y","B","M","38","DE","N","N","120.05","N"
"17972","04/24/2026 12:41:23 PM",,"MIN","Y","B","M","42","DE","N","N","120.05","Y"
"20250365","06/17/2026 12:21:52 PM",,"MIN","N","B","M","34","DE","N","N","140.30","N"
"20152153","12/19/2025 01:15:44 PM",,"MIN","N","I","M","35","DE","N","N","160.05","N"
"137092","02/13/2026 05:38:00 PM",,"MED","N","B","M","37","DE","N","N","220.16","N"
"20247894","12/19/2025 01:02:30 PM",,"MED","Y","O","M","20","DE","N","N","105.10","Y"
"95079","05/07/2026 08:33:00 PM",,"MIN","Y","B","M","60","DE","N","N","240.75","N"
"20249226","03/09/2026 12:31:00 AM",,"MED","N","A","M","30","DE","N","N","110-125.25","Y"
"20232677","07/17/2024 04:38:21 PM",,"MIN","N","O","M","49","DE","N","N","110-125.25","N"
"20251801","07/15/2026 04:30:43 PM",,,"N","W","M","48","DE","N","N","120.14","N"
"20221462","07/15/2026 12:25:43 AM",,"MIN","N","O","M","32","DE","N","N","140.20","N"
"134264","06/21/2024 08:01:02 PM",,"MAX","Y","B","M","53","DE","N","N","160.15","Y"
"20219798","08/29/2024 05:05:31 PM",,"MED","N","B","M","22","DE","N","Y","105.15","Y"
"10255","06/09/2026 04:39:26 PM",,"MAX","Y","B","M","43","DE","N","Y","160.10","Y"
"20209720","04/22/2026 04:46:59 PM",,"MAX","Y","B","M","26","DE","N","Y","110-130.35","Y"
"20250033","04/17/2026 05:06:32 PM",,"MIN","Y","O","M","25","DE","N","N","110-125.25","Y"
"20221569","02/09/2026 07:51:12 PM",,"MIN","Y","B","M","48","DE","N","N","140.20","N"
"20246613","10/13/2025 05:23:03 PM",,"MED","Y","A","M","28","DE","N","N","125.25","N"
"20246294","09/27/2025 12:49:00 AM",,"MED","N","B","M","58","DE","N","N","265.03","Y"
"20110130","05/28/2026 12:39:40 PM",,"MED","N","B","M","38","DE","N","N","140.30","N"
"20219270","04/27/2025 11:49:20 PM",,"MAX","Y","B","F","23","DE","N","N","135.20","Y"
"20071418","05/20/2026 03:58:20 PM",,"MAX","Y","B","M","32","DE","N","Y","265.03","Y"
"20084745","06/25/2026 06:49:22 PM",,"MED","Y","U","M","30","DE","N","N","125.25","N"
"20225693","04/28/2026 04:45:11 PM",,"MIN","Y","O","M","33","CS","N","Y",,"N"
"20010323","04/30/2025 04:31:54 PM",,"MAX","N","B","M","33","DE","N","Y","110-125.25","Y"
"20221511","06/29/2026 06:33:45 PM",,"MED","N","B","M","37","DE","N","N","130.80","Y"
"20247104","11/08/2025 12:51:00 AM",,"MIN","N","B","M","29","SSR","N","N",,"Y"
"20250368","05/05/2026 01:17:16 AM",,"MIN","N","O","M","25","CS","N","N",,"N"
"20231265","02/06/2026 05:57:00 PM",,"MAX","Y","B","M","28","DE","N","N","140.20","Y"
"20247556","12/01/2025 09:06:04 PM",,"MIN","Y","O","M","37","DE","N","N","110-125.25","Y"
"93561","01/28/2026 11:16:28 AM",,"MIN","Y","B","M","48","DE","N","N","140.25","N"
"20007473","01/16/2026 03:26:58 PM",,"MIN","N","B","M","67","CS","N","N","155.30","N"
"20203505","06/25/2024 04:18:49 PM",,"MED","Y","B","M","29","DE","N","N","110-130.35","Y"
"20144740","03/30/2026 11:48:51 AM",,"MIN","Y","O","M","31","CS","N","N","120.05","N"
"20222506","05/10/2026 11:56:44 AM",,"MED","Y","B","M","23","DE","N","Y","110-125.25","N"
"133491","05/07/2024 12:30:07 PM",,"MIN","Y","O","M","68","DE","N","N","110-125.25","N"
"10007420","04/08/2026 11:48:02 PM",,"MIN","N","O","M","36","DE","N","N","140.20","N"
"54723","04/25/2026 06:53:00 PM",,"MIN","N","B","M","37","DEP","N","N","265.03","Y"
"17151","03/07/2024 12:16:00 AM",,"MED","Y","B","M","49","DE","N","N","125.25","Y"
"20111012","04/17/2026 12:58:00 AM",,"MAX","Y","O","M","40","DEP","N","N","120.05","Y"
"20225219","06/10/2026 08:22:48 PM",,"MAX","Y","O","M","31","DE","N","N","160.15","N"
"20086381","05/12/2026 12:54:18 PM",,"MED","Y","B","M","32","CS","N","N","220.03","N"
"20251776","07/14/2026 04:27:00 PM",,"MED","N","B","M","22","DE","N","N","220.16","N"
"20230038","03/07/2024 10:22:33 PM",,"MED","N","B","M","51","DE","N","N","125.27","Y"
"20251157","06/11/2026 01:13:56 PM",,"MIN","N","O","M","27","CS","N","N","C-COM","N"
"20249342","03/13/2026 08:35:59 PM",,"MIN","N","O","M","38","DE","N","N","220.21","Y"
"20041087","04/06/2026 03:26:10 PM",,"MAX","Y","O","M","58","CS","N","N","155.30","N"
"137027","11/22/2024 01:37:32 PM",,"MAX","Y","B","M","34","DE","N","Y","160.15","Y"
"129451","06/10/2026 03:22:59 PM",,"MIN","Y","B","F","34","DE","N","N","120.05","N"
"20231659","02/12/2025 09:26:07 AM",,"MED","Y","B","F","48","DE","N","N","140.30","N"
"20249046","02/27/2026 04:58:35 PM",,"MIN","Y","W","M","34","DE","N","N","220.43","N"
"20239759","06/12/2026 01:47:00 PM",,"MIN","Y","W","F","42","CS","N","N","155.25","Y"
"139903","06/18/2026 08:14:00 PM",,"MAX","Y","O","F","48","DE","N","N","140.25","N"
"20251753","07/13/2026 12:42:54 AM",,"MIN","N","W","M","37","DE","N","N","140.25","N"
"113212","03/14/2024 07:11:27 PM",,"MAX","N","B","M","35","DE","N","N","125.25","Y"
"20146912","04/30/2026 08:45:37 PM",,"MED","Y","B","M","30","DE","N","N","160.05","N"
"20176120","06/01/2026 12:15:05 AM",,"MIN","Y","W","M","58","DE","N","N","FOA 900.00","N"
"20061944","06/18/2026 08:01:57 PM",,"MED","N","B","M","37","DE","N","N","130.35","N"
"20242400","07/03/2026 11:49:00 PM",,"MIN","N","B","M","52","DE","N","N","215.52","N"
"20241401","01/31/2025 03:22:38 PM",,"MED","Y","O","M","30","DE","N","N","125.25","Y"
"20241533","02/08/2025 05:27:47 PM",,"MED","Y","O","M","32","DE","N","N","130.35","Y"
"8001","06/05/2026 01:03:53 AM",,"MED","Y","O","M","61","DE","N","N","140.25","N"
"125969","04/21/2026 06:24:13 PM",,"MIN","Y","O","M","44","DE","N","N","120.05","N"
"20251552","07/02/2026 04:01:54 PM",,"MED","Y","B","M","18","DE","N","Y","110-125.25","N"
"20250983","06/03/2026 01:25:21 AM",,"MIN","N","O","M","32","CS","N","N",,"N"
"20251547","07/02/2026 01:07:17 PM",,"MIN","N","A","F","54","DE","N","N","110-140.25","N"
"20228357","12/03/2023 11:44:06 AM",,"MED","Y","O","M","27","DE","N","N","130.25","Y"
"130122","10/26/2025 12:47:18 AM",,"MED","Y","B","F","40","DE","N","N","110-120.10","Y"
"20248163","02/10/2026 03:27:11 PM",,"MIN","N","O","M","21","DE","N","N","160.15","Y"
"98967","06/29/2026 05:09:41 PM",,"MED","Y","O","M","45","DE","N","N","160.15","N"
"145782","04/06/2026 12:17:00 AM",,"MED","Y","O","M","38","DEP","N","N","VOP","N"
"20242792","06/10/2025 12:17:02 PM",,"MAX","Y","B","M","19","DE","N","Y","160.15","Y"
"20245906","09/09/2025 05:16:22 PM",,"MIN","Y","B","M","42","DE","N","N","265.13","N"
"158398","04/08/2026 11:53:21 AM",,"MED","Y","B","M","43","DE","N","N","130.35","N"
"20245276","02/08/2026 03:34:19 PM",,"MIN","N","B","M","54","CS","N","N",,"N"
"20247642","12/05/2025 05:18:27 PM",,"MED","N","O","M","22","CS","N","N",,"N"
"89762","03/08/2025 08:08:47 PM",,"MED","Y","O","M","48","DE","N","N","125.25","Y"
"4191","04/03/2026 11:18:00 AM",,"MIN","N","B","M","58","DE","N","N","140.20","N"
"20057369","12/18/2025 09:14:12 PM",,"MIN","Y","B","F","60","DE","N","N","165.45","Y"
"20214199","08/26/2025 01:56:08 AM",,"MAX","Y","O","M","29","DE","N","Y","140.30","Y"
"20003172","11/20/2025 04:50:53 PM",,"MED","N",,,"56","DE","N","N","110-125.25","N"
"20249464","03/20/2026 01:41:42 AM",,"MIN","N","U","M","65","DE","N","N","220.21","N"
"20186115","05/27/2026 11:03:50 AM",,"MIN","Y","O","M","46","DE","N","N","140.20","N"
"20244825","07/12/2026 05:35:03 PM",,"MED","N","A","F","27","DE","N","N","215.56","N"
"20251297","06/19/2026 12:28:03 AM",,"MIN","N","O","M","26","DE","N","N","120.05","N"
"20224399","04/01/2025 04:23:33 PM",,"MAX","Y","B","M","34","DE","N","Y","125.25","Y"
"20248475","01/24/2026 12:40:13 AM",,"MAX","N","O","M","21","DE","N","N","160.10","Y"
"33447","02/02/2026 05:00:27 PM",,"MIN","N","O","M","42","DE","N","N","230.34","N"
"20004309","05/09/2026 01:25:51 PM",,"MIN","N","B","M","39","DE","N","N","110-125.25","N"
"20012263","11/25/2025 01:59:22 AM",,"MED","Y","B","M","38","DE","N","Y","150.15","N"
"20180833","06/03/2026 11:09:20 AM",,"MIN","Y","O","M","27","DE","N","N","265.03","N"
"61605","07/08/2026 05:10:44 PM",,"MIN","N","O","M","51","DE","N","N","220.16","N"
"20188068","09/25/2025 10:22:07 AM",,"MAX","Y","W","M","33","DE","N","N","120.10","Y"
"20231549","05/24/2024 12:23:00 PM",,"MED","Y","B","F","44","DE","N","N","125.25","N"
"72077","12/20/2024 01:13:06 AM",,"MED","N","O","M","49","DE","N","N","110-130.35","Y"
"20226042","07/26/2023 01:47:28 PM",,"MED","N","B","M","45","DE","N","N","125.25","Y"
"20232084","05/05/2026 03:07:17 PM",,"MIN","Y","O","M","44","DE","N","N","265.03","N"
"20249408","03/17/2026 05:00:24 PM",,"MIN","N","O","M","48","DE","N","N","220.43","N"
"20222717","06/06/2026 04:19:07 PM",,"MED","N","O","M","28","DE","N","N","110-125.25","N"
"20248048","04/28/2026 12:27:45 PM",,"MED","N","B","M","20","DE","N","Y","265.03","N"
"20227183","09/28/2023 12:51:00 PM",,"MED","Y","B","M","34","DE","N","N","125.25","N"
"20249946","04/14/2026 04:28:48 PM",,"MIN","Y","B","M","50","CS","N","N",,"Y"
"20240275","06/22/2026 01:24:06 PM",,"MED","N","O","M","22","CS","N","Y",,"N"
"20245604","11/11/2025 12:26:03 PM",,"MIN","N","O","M","46","DE","N","N","110-125.25","Y"
"20207877","05/02/2026 06:44:13 AM",,,"Y","O","M","34","DE","N","N","160.10","N"
"20249863","04/10/2026 10:47:23 AM",,"MIN","Y","B","M","32","DE","N","N","220.21","N"
"20250790","06/21/2026 08:10:51 PM",,"MED","N","O","M","27","DE","N","N","160.15","N"
"20250127","04/22/2026 10:57:55 AM",,"MIN","N","B","M","25","DE","N","N","110-125.25","N"
"20210991","06/26/2026 11:39:31 PM",,"MIN","Y","B","M","26","DE","N","N","120.05","N"
"78668","03/09/2025 01:15:47 AM",,"MED","N","B","M","55","DE","N","N","130.35","Y"
"20251715","07/11/2026 12:19:42 AM",,"MED","N","B","M","24","DE","N","N","FOA 900.00","N"
"84057","03/18/2026 11:56:01 PM",,"MIN","N","B","M","47","SSR","N","N",,"Y"
"20244389","06/29/2025 10:34:45 AM",,"MAX","N","O","M","43","SSR","N","N",,"N"
"71853","06/12/2025 12:04:37 AM",,"MIN","Y","B","M","56","SSR","N","N",,"Y"
"20148740","11/04/2025 08:00:58 PM",,"MED","N","B","M","39","DE","N","N","125.25","Y"
"20249123","03/03/2026 03:53:49 PM",,"MED","N","B","M","31","DE","N","N","160.15","N"
"20249217","03/08/2026 12:08:55 PM",,"MED","N","O","M","34","DE","N","N","130.35","N"
"20245091","08/01/2025 06:01:13 PM",,"MED","N","U","M","47","DE","N","N","130.96","N"
"20249849","04/09/2026 08:33:00 PM",,"MIN","Y","B","M","50","DE","N","N","110-125.25","N"
"20218063","06/17/2026 02:56:32 PM",,"MED","Y","B","M","46","DE","N","N","265.03","N"
"20172391","04/22/2025 01:52:47 PM",,"MAX","Y","B","M","26","DE","N","Y","125.25","Y"
"20068334","07/15/2026 12:43:43 PM",,"MED","N","W","M","39","DE","N","N","165.50","N"
"10007573","04/18/2026 02:26:00 PM",,"MAX","Y","B","M","38","DEP","N","N","220.16","N"
"48532","04/09/2025 01:07:11 AM",,"MED","N","B","M","43","CSP","N","Y",,"Y"
"20248974","02/24/2026 10:11:17 AM",,"MAX","Y","W","M","21","DE","N","N","120.05","Y"
"20102472","01/09/2026 07:36:30 PM",,"MAX","Y","B","M","38","DE","N","N","125.25","Y"
"37418","07/14/2026 05:06:00 PM",,"MED","N","B","M","48","DE","N","N","220.03","N"
"20029960","08/21/2025 08:05:45 PM",,"MAX","N","B","M","33","DE","N","Y","110-125.25","Y"
"20250948","05/31/2026 11:38:13 PM",,"MED","Y","B","M","32","DE","N","N","220.16","Y"
"20229796","04/04/2026 05:18:34 PM",,"MIN","Y","B","M","30","DE","N","N","160.10","N"
"20244273","06/11/2026 05:26:23 PM",,"MIN","N","O","M","61","DE","N","N","215.51","N"
"20247766","12/12/2025 12:30:25 AM",,"MIN","N","O","M","25","DE","N","N","140.25","Y"
"20196364","07/15/2026 05:27:00 PM",,,"N","B","M","32","DE","N","N","120.00","N"
"20181433","11/09/2024 01:12:40 AM",,"MED","Y","A","M","29","DE","N","N","110-125.25","Y"
"3272","06/15/2020 06:27:47 PM",,"MED","Y","B","M","49","DE","N","Y","125.25","Y"
"48685","06/29/2026 01:06:48 AM",,"MIN","Y","O","M","40","DE","N","N","265.03","N"
"20189041","04/29/2026 06:25:47 PM",,"MAX","N","B","M","43","DEP","N","N","215.50","Y"
"20247116","04/19/2026 12:40:23 PM",,"MIN","Y","O","M","27","DE","N","N","140.20","N"
"20121209","07/15/2025 11:46:18 AM",,"MED","Y","B","M","29","DE","N","N","125.10","N"
"20136895","10/20/2025 10:49:08 AM",,"MAX","Y","B","M","32","DE","N","N","120.05","Y"
"20204191","12/12/2025 10:49:59 AM",,"MAX","N","B","M","28","DE","N","N","160.05","Y"
"20249369","03/15/2026 01:20:39 AM",,"MIN","Y","O","M","45","DE","N","N","110-125.25","N"
"20208810","03/11/2020 04:25:00 PM",,"MED","Y","O","M","50","DE","N","N","125.25","Y"
"20251798","07/15/2026 03:58:19 PM",,"MIN","N","B","M","25","DE","N","N","265.12","N"
"20241493","06/26/2026 09:40:25 PM",,"MIN","Y","O","M","45","DE","N","N","155.25","N"
"20250247","04/28/2026 11:27:11 PM",,"MED","Y","B","M","28","DE","N","N","120.10","N"
"20245498","07/02/2026 11:34:43 AM",,"MED","N","B","M","21","DE","N","Y","160.10","N"
"7324","06/16/2026 01:29:25 AM",,"MED","N","B","M","49","DE","N","N","140.20","N"
"20249008","05/20/2026 01:33:16 AM",,"MED","N","W","M","29","DE","N","N","140.20","N"
"120184","02/10/2026 11:33:55 AM",,"MED","Y","O","M","42","DE","N","N","121.12","Y"
"20229124","07/18/2025 03:25:09 PM",,"MAX","Y","B","M","33","DE","N","N","125.25","Y"
"20071709","06/03/2026 01:04:42 PM",,"MED","N","O","M","37","DE","N","N","135.20","N"
"20249151","03/05/2026 12:32:45 AM",,"MED","Y","O","M","39","DE","N","N","110-125.25","N"
"20208295","06/07/2026 02:08:58 PM",,"MAX","N","W","M","35","DE","N","N","240.75","N"
"20245990","09/12/2025 07:53:37 PM",,"MED","N","B","M","38","DE","N","N","130.25","N"
"20136443","07/08/2026 08:41:00 PM",,"MAX","Y","B","M","28","DE","N","N","160.10","N"
"1465","01/14/2026 05:02:00 PM",,"MED","Y","O","M","57","CSP","N","N","220.03","Y"
"12486","10/28/2025 12:27:56 AM",,"MIN","Y","O","M","59","DEP","N","N","155.30","N"
"20196918","09/24/2025 06:56:28 PM",,"MAX","N","B","M","26","DE","N","N","125.25","N"
"20219185","03/06/2026 06:51:42 PM",,"MAX","Y","B","M","23","DE","N","N","110-125.25","Y"
"20248217","03/15/2026 04:41:56 PM",,"MED","Y","O","M","25","CS","N","N","160.15","Y"
"20241806","02/12/2026 07:06:38 PM",,"MIN","Y","O","M","35","DE","N","N","220.16","N"
"20232108","06/20/2024 01:18:55 AM",,"MED","Y","W","M","20","DE","N","Y","110-125.25","Y"
"20248877","02/17/2026 06:29:15 PM",,"MIN","N","O","M","35","DE","N","N","220.21","N"
"20231181","10/25/2024 05:05:43 PM",,"MED","N","O","M","36","DE","N","N","130.65","N"
"20240795","03/10/2026 12:24:24 PM",,"MED","N","B","M","27","DE","N","N","160.10","N"
"20100395","02/28/2026 05:08:00 PM",,"MIN","Y","B","M","33","DE","N","N","160.10","N"
"2060","07/03/2026 04:44:15 PM",,"MIN","N","O","M","54","DE","N","N","215.51","N"
"20147119","03/27/2026 08:12:33 PM",,"MED","Y","B","M","31","DE","N","N","130.35","N"
"20222280","02/06/2026 11:45:58 AM",,"MIN","N","B","M","54","CS","N","N",,"N"
"20102059","06/08/2026 12:41:15 AM",,"MED","N","B","M","38","DE","N","N","125.25","N"
"20221267","11/20/2025 11:58:29 PM",,"MAX","Y","O","M","23","DE","N","Y","110-120.07","Y"
"20251307","06/19/2026 04:58:50 PM",,"MED","Y","O","M","31","DE","N","N","125.25","N"
"20074973","10/27/2025 04:21:30 PM",,"MAX","N","B","M","30","DE","N","N","160.15","Y"
"20052240","06/10/2026 07:19:35 PM",,"MED","N","O","M","35","CS","N","N",,"N"
"20246852","06/12/2026 03:48:15 PM",,"MED","Y","B","F","34","CS","N","N","155.25","N"
"55820","10/16/2025 11:45:05 PM",,"MED","Y","B","M","44","DNS","N","N",,"Y"
"20200609","05/16/2026 11:26:14 AM",,"MAX","N","B","M","29","DE","N","Y","155.25","Y"
"20231313","02/01/2026 09:04:55 PM",,"MIN","Y","B","M","39","DE","N","N","160.05","Y"
"20181025","03/24/2026 11:17:44 PM",,"MED","Y","B","M","40","DE","N","N","265.03","N"
"20224602","10/03/2025 04:02:01 PM",,"MAX","Y","B","M","23","DE","N","Y","160.15","Y"
"20228314","06/18/2025 09:05:45 PM",,"MED","Y","B","M","21","DE","N","Y","105.15","Y"
"20020501","06/10/2026 05:27:43 PM",,"MIN","N","U","F","59","DE","N","N","AC 999.99","N"
"20221873","07/14/2025 11:45:32 PM",,"MAX","Y","B","M","25","DE","N","Y","265.03","Y"
"20145764","06/23/2026 12:58:11 PM",,"MED","Y","B","M","60","DEP","N","N","VOP","N"
"20250566","05/13/2026 01:22:46 AM",,"MED","N","O","M","27","DE","N","N","130.35","N"
"20238131","09/14/2025 12:55:37 PM",,"MAX","Y","O","M","22","DE","N","N","140.25","Y"
"20138180","06/17/2026 01:00:53 AM",,"MIN","Y","A","F","66","DE","N","N","120.14","N"
"20221265","03/30/2026 06:00:38 PM",,"MAX","Y","B","F","22","DE","N","N","110-125.25","Y"
"20226400","05/22/2026 07:16:09 PM",,"MED","N","B","M","27","DE","N","Y","265.03","N"
"20108643","10/07/2025 04:49:16 PM",,"MED","N","B","M","31","DE","N","N","125.25","N"
"20030262","07/12/2026 01:13:44 AM",,"MIN","N","O","M","38","DE","N","N","220.03","N"
"10009102","05/21/2026 05:18:54 PM",,"MED","N","W","M","42","DE","N","N","140.20","N"
"20247491","11/26/2025 01:11:54 PM",,"MIN","N","O","M","48","DE","N","N","AC 999.99","Y"
"20246499","10/07/2025 09:02:16 PM",,"MED","N","O","M","20","DE","N","Y","125.25","Y"
"20240221","11/03/2025 11:48:28 AM",,"MIN","Y","B","M","46","DE","N","N","110-125.25","Y"
"20242449","03/28/2025 08:31:00 PM",,"MED","Y","B","M","44","DE","N","N","130.65","Y"
"10014702","02/04/2026 05:20:04 PM",,"MAX","Y","B","M","33","DE","N","Y","130.95","Y"
"20248543","01/28/2026 04:07:14 PM",,"MAX","N","O","M","20","DE","N","N","160.15","Y"
"20229038","08/18/2025 01:19:00 AM",,"MIN","Y","W","M","24","CS","N","N",,"N"
"20244314","06/25/2025 04:18:12 PM",,"MAX","N","O","M","22","DE","N","N","110-125.25","Y"
"20251692","07/09/2026 08:25:14 PM",,"MED","N","O","M","31","DE","N","N","160.15","N"
"20251020","06/04/2026 03:37:20 PM",,"MED","N","A","M","21","DE","N","N","125.20","N"
"20231257","02/27/2026 01:17:20 AM",,"MAX","N","B","M","21","DE","N","Y","265.03","N"
"20227915","01/04/2025 05:11:00 PM",,"MAX","Y","B","M","25","DE","N","N","265.03","Y"
"10004462","05/02/2026 01:32:27 AM",,"MED","N","O","M","35","CSP","N","N","145.00","N"
"89117","08/27/2025 01:14:59 AM",,"MED","N","B","M","36","DE","N","Y","265.03","Y"
"20245106","08/02/2025 07:45:29 PM",,"MIN","Y","W","M","47","DE","N","N","110-120.10","Y"
"20224270","01/27/2026 12:59:00 AM",,"MIN","Y","B","F","35","DE","N","N","120.05","Y"
"20240456","12/11/2024 03:07:11 AM",,"MED","N","U","M","61","DE","N","N","130.96","N"
"20180442","05/16/2026 12:06:22 PM",,"MIN","N","O","M","40","DE","N","N","215.50","Y"
"168465","04/01/2026 02:36:54 PM",,"MIN","N","O","M","42","DE","N","N","265.03","N"
"39423","04/04/2026 12:58:32 AM",,"MIN","N","B","M","62","DE","N","N","140.20","N"
"20055673","04/17/2026 07:35:30 PM",,"MIN","Y","O","M","58","DE","N","N","140.20","N"
"155657","05/29/2026 04:28:22 PM",,"MED","N","O","M","74","DE","N","N","165.40","N"
"137301","07/07/2025 08:54:15 AM",,"MED","Y","B","M","56","DE","N","N","240.75","Y"
"20187068","07/10/2026 07:56:40 PM",,"MED","N","A","M","29","DE","N","N","165.40","N"
"20243135","05/01/2025 03:58:59 PM",,"MAX","N","B","M","19","DE","N","Y","125.25","Y"
"20015112","06/17/2026 04:36:54 PM",,"MIN","Y","O","M","52","DE","N","N","155.25","N"
"20251526","07/01/2026 12:40:44 PM",,"MED","N","B","M","27","SSR","N","N",,"N"
"20174513","06/02/2024 01:23:58 AM",,"MAX","Y","B","M","28","DE","N","Y","120.10","Y"
"20229020","01/11/2024 09:00:24 PM",,"MED","N","B","M","33","DE","N","N","125.25","Y"
"20071458","06/05/2026 09:40:41 AM",,"MIN","Y","B","M","53","CSP","N","N","VOP","N"
"20005310","01/04/2026 08:14:32 PM",,"MED","N","B","M","55","DE","N","N","140.30","N"
"20203808","12/31/2025 08:23:13 PM",,"MIN","Y","B","M","55","DE","N","N","240.75","N"
"28552","09/06/2025 12:29:00 AM",,"MIN","Y","W","M","44","CS","N","N",,"Y"
"20251055","07/08/2026 11:52:47 AM",,"MIN","Y","W","M","42","CS","N","N","155.25","N"
"20248184","01/09/2026 12:06:22 AM",,"MED","Y","O","M","23","DE","N","N","110-125.25","N"
"7323","04/25/2025 07:54:35 PM",,"MED","N","B","M","40","DE","N","Y","265.03","Y"
"20000056","11/13/2025 04:45:33 PM",,"MED","N","B","M","34","DE","N","Y","600(2)","Y"
"154856","07/21/2025 12:20:18 AM",,"MED","Y","B","M","61","DE","N","N","110-125.25","N"
"20250962","06/01/2026 05:20:27 PM",,"MIN","N","M","F","29","DE","N","N","FOA 900.00","N"
"81310","02/20/2025 08:24:42 PM",,"MED","Y","O","M","36","DE","N","N","110-125.27","N"
"20194699","05/20/2026 11:28:00 AM",,"MED","Y","B","M","38","DE","N","N","220.39","N"
"20122753","07/14/2026 08:55:00 PM",,"MAX","Y","B","M","33","DE","N","N","160.10","N"
"156483","01/05/2024 01:09:16 AM",,"MIN","Y","O","M","60","DE","N","N","110-125.25","Y"
"20247629","05/19/2026 09:16:53 PM",,"MAX","Y","B","M","27","DEP","N","N","140.10","N"
"20251614","07/05/2026 07:09:40 PM",,"MED","N","B","M","21","DE","N","Y","110-125.25","N"
"20237156","05/20/2026 11:18:09 PM",,"MED","Y","B","F","45","DEP","N","N","120.05","Y"
"20249237","03/09/2026 02:21:00 PM",,"MIN","N","O","M","36","DE","N","N","140.25","Y"
"20241296","07/03/2026 07:24:52 PM",,"MED","N","B","M","30","DE","N","Y","120.14","N"
"20143863","06/17/2026 10:22:48 AM",,"MIN","Y","W","F","40","DE","N","N","140.20","N"
"20165863","07/05/2024 11:10:28 PM",,"MED","N","W","M","56","DE","N","N","125.25","Y"
"20250038","04/17/2026 05:30:12 PM",,"MED","Y","B","F","36","DE","N","N","150.15","N"
"20065276","05/26/2026 02:38:36 PM",,"MAX","Y","O","M","34","DE","N","Y","160.15","N"
"20242876","04/18/2025 05:28:10 PM",,"MAX","Y","W","M","23","DE","N","Y","160.10","Y"
"20205798","04/08/2026 08:35:53 PM",,"MAX","Y","B","M","34","DE","N","N","263.10","Y"
"20227779","06/18/2026 12:55:08 AM",,"MIN","N","O","M","32","DE","N","N","120.00","N"
"20250006","04/16/2026 03:38:52 PM",,"MIN","Y","W","M","28","DE","N","N","160.10","N"
"20241592","09/25/2025 12:22:17 AM",,"MAX","Y","B","M","21","DE","N","Y","160.15","Y"
"20222898","02/01/2023 04:46:56 PM",,"MAX","Y","B","M","22","DE","N","Y","110-125.25","Y"
"20243627","05/22/2025 04:27:20 PM",,"MAX","Y","B","M","23","DE","N","Y","110-125.25","Y"
"20046349","12/12/2025 11:27:37 PM",,"MAX","Y","B","M","36","DE","N","Y","215.52","Y"
"20232027","03/31/2026 05:14:00 PM",,"MED","N","O","M","33","CS","N","N",,"Y"
"20244236","05/05/2026 12:05:00 AM",,"MIN","Y","W","M","35","DE","N","N","155.25","Y"
"20219747","07/21/2022 12:10:30 AM",,"MAX","N","B","M","22","DE","N","Y","125.25","Y"
"20159068","07/15/2026 12:02:00 PM",,,"N","B","M","28","DE","N","Y","120.10","N"
"26516","04/26/2026 03:58:53 PM",,"MED","N","B","M","37","DE","N","N","265.03","N"
"20142093","06/25/2026 03:25:15 PM",,"MAX","Y","B","F","39","DE","N","N","150.15","N"
"68544","06/25/2026 08:18:35 PM",,"MED","Y","B","M","55","CS","N","N","140.20","N"
"20121167","12/10/2023 05:11:05 PM",,"MED","N","B","M","40","DE","N","Y","125.25","Y"
"29915","06/29/2026 12:36:16 AM",,"MAX","Y","B","M","44","DE","N","N","120.05","N"
"20145377","07/03/2026 04:32:09 PM",,"MED","Y","O","M","33","DE","N","Y","120.05","N"
"20230425","03/28/2024 01:07:17 PM",,"MIN","Y","O","M","47","DE","N","N","120.05","Y"
"20071890","06/19/2026 10:36:21 AM",,"MIN","Y","B","M","33","DE","N","N","110-125.25","N"
"103412","04/18/2026 05:05:01 PM",,"MED","Y","B","M","39","DE","N","N","240.32","Y"
"20126619","07/02/2025 04:47:30 PM",,"MED","N","B","M","33","DE","N","N","125.25","N"
"20217830","09/16/2025 12:24:29 PM",,"MED","Y","B","M","33","DE","N","N","AC 000.00","Y"
"20094408","07/14/2026 04:17:00 PM",,"MED","Y","B","M","38","DE","N","N","FOA 900.00","N"
"20240232","11/29/2024 06:37:18 PM",,"MIN","Y","B","M","32","DE","N","N","110-125.25","N"
"30945","04/27/2025 11:24:00 PM",,"MIN","N","B","M","40","DE","N","N","220.16","Y"
"17727","06/23/2026 12:21:42 PM",,"MIN","Y","B","M","60","DE","N","N","155.30","N"
"20199396","03/19/2026 10:40:00 PM",,"MIN","Y","B","M","30","DE","N","N","265.03","N"
"3741","07/04/2026 08:11:00 PM",,"MIN","N","B","M","41","DE","N","N","265.03","N"
"20160484","12/22/2025 03:32:52 PM",,"MAX","N","B","M","26","DE","N","Y","230.34","Y"
"20146286","05/23/2024 12:04:13 AM",,"MAX","Y","B","M","32","DEP","N","N","160.15","Y"
"18404","05/18/2021 08:24:00 PM",,"MAX","Y","B","M","54","DE","N","Y","125.25","Y"
"20213170","07/02/2025 04:19:40 PM",,"MED","N","B","M","25","DE","N","N","265.03","Y"
"20015713","03/20/2026 01:26:00 AM",,"MAX","Y","B","M","43","CS","N","N","155.35","N"
"20067844","09/14/2024 09:04:52 PM",,"MED","Y","B","M","47","DE","N","N","110-125.25","Y"
"140921","05/23/2024 05:16:17 PM",,"MED","Y","B","M","56","DE","N","N","125.25","Y"
"20047723","07/14/2026 11:07:18 AM",,"MED","Y","O","M","55","DE","N","N","140.30","N"
"20241671","06/25/2026 11:53:10 AM",,"MIN","Y","O","M","26","DE","N","N","110-125.25","N"
"20251688","07/09/2026 05:22:54 PM",,"MIN","Y","B","M","28","DE","N","N","110-125.25","N"
"20248117","01/05/2026 03:27:54 PM",,"MIN","Y","O","M","27","DE","N","N","110-120.10","N"
"20244501","01/06/2026 12:43:57 PM",,"MAX","Y","B","M","41","CS","N","N","120.00","Y"
"20232452","10/05/2025 12:47:34 PM",,"MIN","Y","B","M","39","CS","N","N",,"Y"
"20108428","01/02/2026 08:47:59 PM",,"MED","N","B","M","29","DE","N","Y","140.25","N"
"20215191","06/04/2026 11:34:14 AM",,"MED","N","B","M","26","DE","N","N","125.25","N"
"20251773","07/14/2026 04:05:10 PM",,"MAX","N","B","M","22","DE","N","N","125.25","N"
"20231248","08/22/2024 10:53:00 PM",,"MAX","Y","B","M","21","DE","N","Y","125.25","Y"
"20103388","04/29/2026 11:52:11 AM",,"MIN","N","O","M","62","DE","N","N","140.20","N"
"20251011","06/04/2026 12:43:19 PM",,"MIN","N","O","M","45","DE","N","N","220.21","N"
"20232653","03/29/2026 01:50:25 AM",,"MAX","Y","O","M","54","DE","N","N","140.25","N"
"126283","02/22/2026 12:46:22 AM",,"MIN","N","O","M","40","DE","N","N","140.20","N"
"87656","05/12/2026 08:34:45 PM",,"MIN","N","B","M","42","CS","N","Y","165.40","N"
"20143153","07/28/2025 05:01:36 PM",,"MIN","Y","B","M","70","DE","N","N","110-125.25","N"
"163168","09/19/2024 05:07:30 PM",,"MAX","N","B","M","41","DE","N","N","125.25","Y"
"20232942","05/26/2025 04:47:00 PM",,"MAX","Y","O","M","26","DE","N","N","125.20","Y"
"20223825","11/16/2025 12:50:55 AM",,"MED","Y","B","M","28","DE","N","N","140.20","Y"
"20165094","03/07/2026 08:07:39 PM",,"MED","N","B","M","45","DE","N","Y","160.15","N"
"20238381","05/19/2026 01:47:38 AM",,"MED","N","B","M","43","DE","N","N","120.05","N"
"20144950","06/21/2026 12:39:05 PM",,"MIN","Y","O","M","54","DE","N","N","120.05","N"
"160876","12/28/2025 11:28:00 PM",,"MED","Y","B","F","44","DE","N","N","140.20","Y"
"20239708","02/27/2026 08:52:00 PM",,"MIN","Y","W","M","35","CS","N","N","120.00","N"
"20040035","07/12/2026 08:47:04 PM",,"MED","Y","B","M","42","DE","N","N","160.05","N"
"20160440","04/13/2026 11:06:48 AM",,"MAX","Y","B","M","26","DE","N","Y","110-120.10","Y"
"34903","07/12/2026 05:20:41 PM",,"MIN","N","B","M","37","DE","N","N","110-120.10","N"
"20251573","07/03/2026 08:38:33 PM",,"MIN","N","O","M","50","DE","N","N","120.05","N"
"20057898","05/13/2025 11:33:03 PM",,"MAX","Y","O","M","35","DE","N","N","265.03","Y"
"14443","04/29/2026 05:08:54 PM",,"MED","Y","B","M","42","DE","N","N","140.25","N"
"20242576","04/04/2025 12:27:00 AM",,"MAX","Y","B","M","27","DE","N","Y","125.25","Y"
"20148128","12/19/2025 04:33:16 PM",,"MIN","Y","A","M","32","CS","N","N",,"Y"
"20081147","06/22/2023 03:12:32 PM",,"MED","Y","B","M","32","DE","N","Y","125.25","Y"
"20206375","07/11/2026 04:24:00 PM",,"MAX","N","B","F","30","DE","N","N","120.00","N"
"135934","07/09/2026 05:24:56 PM",,"MAX","Y","B","M","38","DE","N","N","110-125.25","N"
"20020380","05/13/2026 12:04:55 AM",,"MIN","Y","O","M","45","DE","N","N","140.20","N"
"147699","12/15/2024 03:54:27 PM",,"MED","Y","B","M","38","DE","N","Y","130.35","N"
"51414","10/23/2024 01:30:50 PM",,"MED","N","B","M","37","DE","N","Y","125.25","Y"
"20249886","04/11/2026 11:33:40 AM",,"MIN","Y","B","M","37","DE","N","N","265.03","N"
"20220466","03/27/2026 11:41:15 AM",,"MED","Y","O","M","36","DE","N","N","120.05","Y"
"20250058","04/18/2026 04:37:18 PM",,"MED","N","B","M","26","DE","N","N","265.03","Y"
"72982","07/15/2026 08:25:28 AM",,"MIN","N","B","M","42","DE","N","N","121.12","N"
"20166724","09/16/2025 11:11:16 AM",,"MED","Y","B","F","36","DE","N","N","110-125.25","Y"
"101313","04/07/2026 03:00:50 PM",,"MAX","Y","B","M","41","DNS","N","N",,"N"
"20209756","07/25/2023 04:20:42 PM",,"MAX","N","O","M","25","DE","N","Y","105.15","Y"
"20251006","06/04/2026 11:36:45 AM",,"MIN","Y","O","M","39","DE","N","N","145.10","N"
"20239637","10/31/2024 05:36:00 PM",,"MED","Y","B","M","31","DE","N","N","125.25","Y"
"20251478","06/28/2026 04:40:20 PM",,"MED","N","B","M","20","DE","N","Y","110-125.25","N"
"64902","03/07/2025 05:34:45 PM",,"MED","Y","O","M","46","DE","N","N","135.20","Y"
"20123480","03/20/2026 07:58:51 AM",,"MED","Y","B","M","41","DEP","N","N","VOP","N"
"20162934","02/03/2026 11:22:48 AM",,"MAX","Y","B","M","45","DE","N","Y","120.00","Y"
"15953","05/26/2026 01:44:05 AM",,"MED","Y","W","M","40","DE","N","N","140.20","Y"
"20250302","05/01/2026 04:05:37 PM",,"MIN","N","B","M","19","DE","N","N","105.17","Y"
"20238915","09/24/2024 04:21:00 PM",,"MAX","Y","B","M","22","DE","N","N","110-125.25","Y"
"20230300","06/16/2026 11:39:11 AM",,"MAX","Y","B","M","23","DE","N","Y","120.05","Y"
"20227528","03/27/2026 02:34:48 PM",,"MIN","Y","B","M","21","CS","N","Y","110-120.05","Y"
"20232770","03/16/2026 12:59:08 PM",,"MIN","Y","B","M","49","DE","N","N","160.15","N"
"20250354","05/04/2026 12:41:28 PM",,"MIN","N","O","M","34","DE","N","N","220.16","N"
"20212279","04/11/2025 12:51:33 PM",,"MIN","N","B","M","40","CS","N","N",,"Y"
"20246819","10/23/2025 08:10:40 PM",,"MIN","N","A","M","27","DE","N","N","110-105.15","N"
"20241614","02/13/2025 05:29:00 PM",,"MED","Y","B","M","26","DE","N","N","125.25","N"
"95863","10/11/2025 01:07:31 AM",,"MED","Y","B","M","48","DE","N","N","140.30","N"
"145217","07/15/2026 12:18:14 PM",,"MED","N","O","M","39","DE","N","N","265.01","N"
"20247783","12/12/2025 11:11:01 PM",,"MAX","Y","B","M","19","DE","N","Y","160.10","Y"
"20248270","01/13/2026 04:07:58 PM",,"MAX","Y","B","M","34","DE","N","N","130.35","Y"
"20239318","02/20/2026 12:31:50 AM",,"MIN","Y","W","M","32","DE","N","N","140.25","N"
"20223002","10/22/2025 11:06:21 AM",,"MED","Y","B","M","32","DE","N","N","160.10","N"
"20119683","11/06/2024 05:10:00 PM",,"MED","N","B","M","59","DE","N","N","125.25","Y"
"20143131","06/12/2026 12:55:04 PM",,"MAX","N","B","M","27","DE","N","Y","265.03","N"
"20248553","05/06/2026 12:06:13 PM",,"MIN","Y","B","M","28","DE","N","N","120.10","N"
"20031530","02/20/2026 08:05:16 PM",,"MIN","Y",,,"61","DE","N","N","155.30","N"
"20248885","05/02/2026 12:46:28 AM",,"MIN","Y","O","M","36","DE","N","N","140.20","N"
"20248736","04/25/2026 12:44:27 PM",,"MIN","Y","W","M","41","DE","N","N","215.50","N"
"20141806","10/01/2024 06:01:59 PM",,"MAX","Y","B","M","29","DE","N","Y","125.25","Y"
"20251076","06/07/2026 03:27:07 PM",,"MED","N","B","M","35","DE","N","N","140.25","N"
"114701","05/01/2026 12:26:50 PM",,"MED","N","B","M","35","DE","N","N","105.17","N"
"20230693","04/11/2024 08:42:09 PM",,"MED","Y","B","F","45","DE","N","N","125.27","N"
"20120639","04/17/2023 10:57:57 AM",,"MED","Y","O","M","39","DE","N","Y","125.25","Y"
"20240505","04/13/2026 08:26:10 PM",,"MIN","Y","W","M","54","DE","N","N","140.20","N"
"20104853","05/12/2026 02:18:50 PM",,"MIN","Y","B","F","42","DE","N","N","160.15","N"
"20238356","08/29/2024 01:08:50 PM",,"MAX","Y","O","M","26","DE","N","Y","125.25","Y"
"20233238","08/13/2024 11:13:27 PM",,"MED","Y","B","M","20","DE","N","Y","125.25","Y"
"20218825","07/26/2024 07:35:43 PM",,"MAX","N","B","M","26","DE","N","Y","105.15","Y"
"75012","05/22/2026 12:48:09 PM",,"MIN","Y","O","M","38","DE","N","N","120.10","N"
"20220355","06/12/2026 03:21:20 PM",,"MED","N","O","M","26","DE","N","N","220.21","N"
"20156243","05/23/2025 01:04:06 PM",,"MED","Y","B","M","44","DE","N","N","125.20","Y"
"20247786","07/11/2026 05:01:34 PM",,"MED","N","O","M","33","DE","N","N","140.20","N"
"20243939","07/08/2026 02:46:44 PM",,"MED","Y","O","M","39","DE","N","N","120.05","N"
"20212944","04/16/2026 09:53:05 PM",,"MAX","Y","B","M","24","DE","N","N","155.35","N"
"20241009","01/12/2025 01:27:25 AM",,"MIN","Y","O","M","25","DE","N","N","110-125.25","N"
"20224933","05/29/2023 11:10:00 PM",,"MAX","N","O","M","27","DE","N","N","125.25","Y"
"20232849","03/28/2025 06:10:55 PM",,"MAX","Y","B","M","21","DE","N","Y","105.15","Y"
"20250317","05/02/2026 01:15:02 PM",,"MED","Y","O","M","18","DE","N","N","263.15","Y"
"10004458","07/09/2026 08:17:11 PM",,"MED","Y","B","M","57","DEP","N","N","VOP","N"
"20239779","05/15/2026 06:46:00 PM",,"MIN","Y","B","M","22","DE","N","N","160.05","N"
"20021645","03/25/2026 12:16:00 AM",,"MED","Y","B","M","53","DE","N","N","160.10","N"
"20069878","02/05/2025 01:05:30 PM",,"MAX","Y","B","M","32","DE","N","N","130.35","Y"
"20244540","04/18/2026 07:56:24 PM",,"MIN","N","O","M","32","CS","N","N",,"N"
"20022518","01/30/2026 12:23:35 PM",,"MAX","Y","B","F","34","DE","N","N","140.20","Y"
"20221887","08/07/2025 05:16:24 PM",,"MED","Y","B","M","21","DE","N","N","120.05","Y"
"20243493","05/16/2025 01:33:11 PM",,"MAX","N","O","M","26","DE","N","N","110-125.25","Y"
"20221028","10/06/2022 04:58:00 PM",,"MED","Y","B","M","46","DE","N","N","125.25","Y"
"20246656","06/23/2026 04:14:57 PM",,"MED","Y","B","F","29","DE","N","N","120.05","N"
"20161427","02/14/2026 12:37:38 PM",,"MAX","Y","B","M","30","DE","N","N","110-125.25","Y"
"20251142","06/10/2026 05:14:00 PM",,"MED","Y","B","M","37","DE","N","N","215.51","Y"
"20046347","04/06/2026 01:24:26 PM",,"MIN","N","B","M","54","DE","N","N","220.16","N"
"20239992","08/24/2025 04:01:38 PM",,"MAX","Y","B","M","21","DE","N","N","160.15","Y"
"20165817","06/04/2026 04:57:48 PM",,"MIN","Y","B","M","30","DE","N","N","110-125.25","N"
"20210522","08/15/2025 04:17:17 PM",,"MED","Y","O","M","26","DE","N","N","160.15","Y"
"149197","12/23/2025 07:33:56 PM",,"MAX","Y","B","M","47","DE","N","N","160.15","Y"
"20191166","02/16/2026 05:30:53 PM",,"MAX","Y","O","M","37","DEP","N","N","140.20","Y"
"20245974","09/12/2025 01:55:28 AM",,"MED","Y","O","M","35","DE","N","N","130.75","N"
"20249795","04/07/2026 08:56:22 PM",,"MED","N","A","M","37","DE","N","N","470.20","N"
"73653","06/26/2026 11:27:25 AM",,"MED","Y","O","M","52","DE","N","N","160.10","N"
"20241886","06/05/2026 12:13:18 AM",,"MED","N","O","M","25","DE","N","N","140.20","N"
"13946","06/29/2026 04:31:03 PM",,"MED","N","B","M","44","CS","N","Y","120.00","N"
"20188492","02/06/2026 06:59:23 PM",,"MIN","Y","B","M","25","DE","N","Y","120.05","Y"
"27540","11/04/2023 12:13:00 PM",,"MAX","N","O","M","46","DE","N","Y","110-125.25","Y"
"20121909","03/14/2026 04:59:44 PM",,"MIN","Y","O","F","42","CS","N","N",,"Y"
"20146065","10/28/2023 03:57:00 PM",,"MAX","Y","B","M","29","DEP","N","Y","125.25","Y"
"84934","11/27/2024 11:39:54 PM",,"MIN","Y","B","M","66","DE","N","N","110-125.25","N"
"20044148","11/04/2024 01:42:00 PM",,"MED","Y","B","M","60","DE","N","N","125.25","N"
"20247403","11/21/2025 04:13:58 PM",,"MIN","Y","O","M","39","DE","N","N","110-125.25","N"
"140322","03/13/2025 05:00:07 PM",,"MED","Y","B","M","36","DE","N","N","110-125.25","Y"
"20230322","07/23/2025 12:19:28 PM",,"MED","Y","A","M","49","DE","N","N","125.20","N"
"20238831","03/26/2026 05:48:11 PM",,"MED","N","O","M","21","CS","N","N",,"N"
"20239176","11/13/2025 05:37:41 PM",,"MIN","N","B","M","50","DE","N","N","160.15","Y"
"18524","07/17/2025 12:37:04 AM",,"MED","Y","B","M","63","DE","N","N","125.25","N"
"20218400","04/27/2022 04:05:31 PM",,"MAX","Y","B","M","39","DE","N","N","125.25","Y"
"58375","11/26/2025 05:06:24 PM",,"MIN","Y","O","M","58","DE","N","N","140.25","Y"
"147158","07/26/2025 03:44:10 PM",,"MAX","N","B","M","37","DE","N","Y","125.25","Y"
"20610","06/21/2026 12:55:45 AM",,"MIN","Y","B","M","37","DE","N","N","FOA 900.00","N"
"20188355","11/29/2025 10:56:18 AM",,"MED","N","B","M","32","DE","N","N","140.30","N"
"20227588","02/26/2026 05:08:23 PM",,"MAX","N","B","M","21","DE","N","N","220.16","N"
"20126057","07/15/2026 04:54:34 PM",,"MED","Y","O","M","35","DE","N","N","160.05","N"
"18560","02/05/2025 07:29:47 PM",,"MIN","Y","B","M","44","DE","N","N","220.16","Y"
"97436","02/06/2026 12:22:12 AM",,"MIN","N","B","M","37","SSR","N","N","220.16","N"
"20118596","05/10/2026 07:32:19 PM",,"MAX","Y","B","M","35","CSP","N","N","VOP","Y"
"20251691","07/09/2026 08:16:01 PM",,"MED","Y","B","M","30","DE","N","N","FOA 900.00","N"
"10004275","06/17/2026 04:39:05 PM",,"MAX","N","B","M","33","DE","N","Y","160.15","N"
"20230049","07/09/2025 11:33:54 AM",,"MIN","Y","B","M","38","DE","N","N","110-125.25","N"
"20070803","04/10/2026 12:21:26 PM",,"MED","Y","O","M","37","DEP","N","N","VOP","N"
"18641","06/13/2026 12:39:38 PM",,"MIN","Y","B","M","67","DE","N","N","140.25","N"
"15582","06/25/2026 02:15:51 PM",,"MAX","Y","O","M","39","CS","N","N","195.05","N"
"20106078","06/17/2026 05:21:33 PM",,"MIN","Y","B","M","42","DE","N","N","145.00","N"
"25159","07/15/2026 12:52:32 PM",,,"N","W","F","47","DE","N","N","140.25","N"
"117359","06/18/2024 07:21:04 PM",,"MED","N","B","M","55","DE","N","Y","125.25","Y"
"20194862","01/16/2025 01:15:42 PM",,"MAX","Y","B","M","24","DE","N","Y","110-125.25","Y"
"37308","09/12/2025 12:47:11 AM",,"MED","Y","B","M","43","DE","N","N","125.27","Y"
"20150996","05/24/2024 05:16:39 PM",,"MED","Y","B","M","29","DE","N","Y","125.25","Y"
"20248651","02/04/2026 05:06:00 PM",,"MIN","N","B","M","25","DE","N","N","110-125.25","N"
"2358","11/02/2023 01:46:30 PM",,"MED","N","O","M","54","DE","N","N","125.25","N"
"134592","05/25/2026 11:52:22 PM",,"MED","N","O","M","37","DE","N","N","160.05","Y"
"20224103","04/15/2023 08:59:39 PM",,"MED","Y","B","M","56","DE","N","N","125.25","N"
"20248389","01/20/2026 01:25:45 AM",,"MED","Y","W","M","42","DE","N","N","120.10","Y"
"20119220","01/26/2026 08:40:23 PM",,"MIN","N","B","M","33","DE","N","N","121.12","Y"
"20245183","08/06/2025 09:35:58 PM",,"MED","Y","B","M","41","DE","N","N","130.96","N"
"20058285","07/15/2026 12:04:22 PM",,,"N","O","M","49","DNS","N","N",,"N"
"20248714","04/14/2026 12:30:42 PM",,"MIN","N","B","M","19","DE","N","N","110-125.25","N"
"20229198","07/15/2026 01:35:56 PM",,,"N","W","F","46","DE","N","N",,"N"
"20222958","12/13/2025 09:06:37 PM",,"MED","Y","B","M","34","CS","N","N","155.25","Y"
"20160521","07/15/2026 04:59:00 PM",,,"N","O","F","45","DE","N","N","155.25","N"
"12834","01/05/2026 02:15:14 PM",,"MAX","Y","W","M","52","DE","N","N","160.15","Y"
"20249118","03/03/2026 12:28:00 PM",,"MIN","N","B","M","56","DE","N","N","140.25","N"
"20075921","02/05/2026 01:06:36 PM",,"MAX","Y","B","M","34","DE","N","Y","140.30","Y"
"17917","07/15/2026 11:48:19 AM",,"MIN","N","O","M","67","DE","N","N","155.30","N"
"20246801","10/22/2025 11:57:33 PM",,"MAX","N","O","M","23","DE","N","Y","110-125.25","Y"
"20214838","10/25/2024 08:31:53 PM",,"MED","Y","B","M","24","DE","N","N","110-125.25","Y"
"20213287","03/14/2023 05:02:44 PM",,"MAX","N","B","M","29","DE","N","Y","125.25","Y"
"20251323","06/20/2026 01:42:00 AM",,"MIN","N","M","M","29","CS","N","N","155.25","N"
"20241883","03/02/2025 01:31:13 AM",,"MAX","Y","B","M","20","DE","N","Y","110-125.25","Y"
"20225081","11/27/2024 11:02:51 AM",,"MIN","Y","A","M","43","SSR","N","N",,"N"
"20156232","07/15/2026 03:55:29 PM",,"MED","N","O","M","48","DE","N","N","140.15","N"
"20006569","06/11/2026 09:56:09 PM",,"MIN","N","B","M","61","DE","N","N","220.03","N"
"20162691","05/31/2026 06:35:43 PM",,"MAX","Y","B","M","31","CS","N","N","140.25","N"
"20244411","07/12/2026 12:26:38 PM",,"MED","N","B","M","21","DE","N","N","140.20","N"
"20249655","03/31/2026 12:51:15 PM",,"MED","Y","B","M","21","CS","N","N","265.02","Y"
"36249","05/27/2026 12:47:20 PM",,"MAX","N","B","M","41","DE","N","Y","220.43","N"
"20250318","05/02/2026 01:21:06 PM",,"MED","Y","O","F","19","CS","N","N","215.55","Y"
"20203403","02/09/2023 05:45:28 PM",,"MAX","Y","B","M","25","DE","N","N","130.35","Y"
"20165175","06/29/2026 01:58:15 PM",,"MED","Y","W","F","39","DE","N","N","140.20","N"
"20245713","08/30/2025 09:06:19 PM",,"MED","Y","B","F","66","DE","N","N","110-125.25","Y"
"20251193","06/12/2026 06:18:28 PM",,"MIN","N","W","M","26","DE","N","N","220.21","N"
"20224316","07/15/2026 04:50:36 PM",,"MIN","Y","B","M","46","DE","N","N","120.05","N"
"20240007","02/27/2026 12:58:14 AM",,"MED","N","B","M","20","DE","N","Y","110-125.25","N"
"20251317","06/19/2026 11:35:00 PM",,"MED","N","O","M","35","DE","N","N","120.10","N"
"130825","12/09/2025 06:22:33 PM",,"MIN","N","O","M","47","DE","N","N","110-125.25","Y"
"19875","09/09/2025 11:38:48 AM",,"MAX","Y","B","M","53","DE","N","N","110-120.10","Y"
"20227196","10/16/2025 02:02:18 PM",,"MED","Y","W","M","60","DE","N","N","125.25","Y"
"20251785","07/15/2026 12:49:40 AM",,"MIN","N","W","M","22","DE","N","N","145.00","N"
"20231297","07/11/2025 12:16:42 PM",,"MAX","N","O","M","23","DE","N","N","160.15","Y"
"20116765","07/15/2026 08:53:04 PM",,"MIN","N","W","M","36","DE","N","N","110-160.05","N"
"20219209","07/06/2026 12:03:52 AM",,"MED","Y","O","M","28","DE","N","Y","265.03","N"
"20231261","01/30/2026 09:53:12 PM",,"MIN","N","O","M","41","DE","N","N","155.30","Y"
"20059158","03/29/2026 08:02:25 PM",,"MED","Y","B","M","49","DE","N","N","130.53","N"
"20238248","08/23/2024 12:37:26 AM",,"MAX","Y","B","M","20","DE","N","Y","110-125.25","Y"
"20233052","08/24/2025 01:27:26 AM",,"MAX","Y","O","M","32","DE","N","N","140.25","Y"
"20248564","01/29/2026 03:09:23 PM",,"MED","N","B","M","18","DE","N","Y","160.15","Y"
"20232438","06/20/2026 12:00:39 PM",,"MAX","N","O","M","20","DE","N","N","160.05","N"
"20246608","04/05/2026 11:36:15 PM",,"MIN","N","O","M","28","CS","N","N","220.03","N"
"20251421","06/25/2026 12:23:42 PM",,"MIN","N","O","M","26","CS","N","N","110-265.03","Y"
"20245205","04/12/2026 01:40:00 AM",,"MIN","N","B","M","38","CS","N","N","215.50","Y"
"6925","10/28/2025 11:13:07 AM",,"MAX","Y","W","F","42","DE","N","N","110-140.30","N"
"20179660","05/19/2026 12:41:06 AM",,"MAX","Y","B","M","27","CS","N","N",,"N"
"20125929","06/07/2026 03:46:28 PM",,"MED","N","B","M","31","DE","N","N","160.15","N"
"20189876","07/13/2026 06:59:59 PM",,,"Y","B","M","28","DE","N","N","140.25","N"
"20201782","06/27/2026 06:55:51 PM",,"MAX","Y","B","M","35","DE","N","N","140.25","N"
"20250077","04/19/2026 04:44:08 PM",,"MIN","Y","A","M","26","DE","N","N","220.39","N"
"20250520","05/11/2026 04:14:32 PM",,"MED","N","B","M","18","DE","N","Y","160.15","Y"
"67524","07/14/2026 07:16:09 PM",,"MED","N","O","M","40","DEP","N","N","VOP","N"
"20220500","10/06/2025 01:01:37 PM",,"MED","Y","O","M","21","DE","N","Y","125.25","Y"
"55397","05/08/2023 01:08:17 AM",,"MIN","Y","B","M","71","DE","N","N","110-120.10","N"
"20140892","06/18/2026 06:35:21 PM",,"MIN","Y","O","F","34","DE","N","N","140.25","N"
"20169324","05/14/2025 10:52:33 AM",,"MAX","Y","B","M","32","DE","N","N","110-125.27","Y"
"44694","06/29/2026 12:19:31 AM",,"MED","Y","B","M","47","DE","N","N","160.10","N"
"20249658","03/31/2026 04:49:58 PM",,"MIN","N","B","M","23","CS","N","Y",,"N"
"20212351","03/09/2024 03:26:12 PM",,"MED","N","B","M","45","DE","N","N","220.21","Y"
"20246345","09/30/2025 12:48:58 AM",,"MAX","Y","B","M","22","DE","N","Y","130.35","Y"
"140974","05/22/2026 12:30:21 PM",,"MIN","Y","B","M","59","DE","N","N","155.35","N"
"20207575","10/20/2025 08:17:28 AM",,"MAX","Y","B","M","30","DE","N","N","125.25","Y"
"20015838","09/30/2025 09:40:43 PM",,"MAX","Y","B","M","36","DE","N","Y","120.05","Y"
"17426","10/22/2025 10:30:15 PM",,"MAX","Y","B","M","41","DE","N","Y","160.15","Y"
"20251663","07/08/2026 12:56:03 PM",,"MED","N","B","M","42","DE","N","N","150.15","N"
"20199711","07/14/2026 11:12:00 PM",,"MAX","Y","O","M","32","DE","N","N","140.20","N"
"20250712","05/19/2026 04:36:08 PM",,"MIN","Y","B","M","35","DE","N","N","140.25","N"
"20241688","05/10/2026 12:57:12 PM",,"MIN","N","O","M","30","DE","N","N","140.30","N"
"20040826","09/19/2025 10:46:15 AM",,"MAX","N","O","M","42","DE","N","N","130.35","Y"
"10009340","05/28/2025 07:10:00 PM",,"MIN","N","B","M","43","SSR","N","N",,"N"
"20232912","07/11/2026 11:38:02 AM",,"MIN","N","B","F","42","DE","N","N","120.14","N"
"20088572","07/04/2026 07:59:24 PM",,"MAX","Y","B","M","33","DE","N","N","120.05","N"
"20153354","01/10/2026 12:26:38 AM",,"MIN","N","O","M","38","DE","N","N","220.21","N"
"20185943","11/12/2025 03:04:18 PM",,"MIN","Y","B","M","37","DE","N","N","145.00","N"
"20207467","06/16/2026 10:46:48 AM",,"MED","Y","B","M","51","DE","N","N","160.10","N"
"20251755","07/13/2026 10:44:29 AM",,"MED","Y","B","M","21","DE","N","N","125.25","N"
"20244783","05/14/2026 11:27:00 PM",,"MIN","Y","O","M","36","DE","N","N","145.10","N"
"167931","06/21/2026 12:50:15 AM",,"MED","N","B","M","39","DE","N","N","140.30","N"
"124272","11/15/2025 08:35:31 PM",,"MAX","Y","B","M","41","DEP","N","N","110-125.25","N"
"20249479","03/20/2026 11:28:45 PM",,"MED","Y","B","M","24","DE","N","N","220.39","Y"
"20232460","05/11/2026 12:36:45 PM",,"MAX","N","O","M","22","DE","N","N","110-120.10","Y"
"20240734","12/26/2024 08:40:15 PM",,"MIN","N","B","M","31","DE","N","N","265.03","N"
"20251666","07/08/2026 04:50:03 PM",,"MED","N","O","M","36","DE","N","N","FOA 900.00","N"
"20246346","07/08/2026 02:01:52 AM",,"MIN","Y","O","M","41","DE","N","N","215.50","N"
"20238414","05/03/2025 10:46:01 AM",,"MED","Y","O","M","31","DE","N","N","120.05","Y"
"20239182","10/07/2024 07:50:21 PM",,"MIN","Y","U","M","45","DE","N","N","220.43","N"
"20184125","02/01/2026 01:14:55 AM",,"MED","Y","B","M","30","DE","N","N","120.05","Y"
"20168813","06/04/2026 12:57:41 PM",,"MIN","N","B","M","28","DE","N","N","215.51","N"
"129146","12/10/2025 12:45:13 AM",,"MIN","N","O","M","45","CS","N","N","140.20","N"
"20083138","10/04/2025 07:00:34 AM",,"MAX","Y","O","M","31","DE","N","N","155.30","Y"
"20191146","04/28/2026 12:41:00 PM",,"MED","N","B","M","31","CS","N","Y",,"N"
"20014590","12/11/2025 01:00:32 AM",,"MAX","Y","O","M","36","DE","N","Y","160.15","Y"
"20207217","07/08/2026 04:50:41 PM",,"MED","N","B","M","28","DE","N","N","FOA 900.00","N"
"20152874","06/10/2025 11:28:53 AM",,"MED","Y","B","M","30","DE","N","N","110-130.30","N"
"20060411","11/30/2025 03:37:00 PM",,"MIN","Y","O","M","50","DE","N","N","220.39","N"
"20251230","06/15/2026 11:50:50 AM",,"MED","Y","O","M","31","SSR","N","N","AC 000.00","N"
"20190245","11/25/2025 01:49:55 PM",,"MAX","Y","B","F","28","DE","N","N","220.39","Y"
"72535","06/11/2026 08:55:25 PM",,"MIN","Y","O","M","67","DE","N","N","215.50","N"
"20048073","04/17/2026 01:35:24 PM",,"MIN","Y","B","M","66","DE","N","N","140.20","N"
"20249819","04/08/2026 06:24:53 PM",,"MED","Y","W","M","67","DEP","N","N","CO","N"
"20161128","03/22/2026 08:30:00 PM",,"MIN","N","O","M","39","DE","N","N",,"Y"
"23134","08/11/2023 08:18:50 PM",,"MAX","Y","O","M","58","DEP","N","N","130.95","Y"
"20247985","01/12/2026 12:46:34 PM",,"MED","N","A","M","42","DE","N","N","135.20","N"
"20231044","06/22/2026 08:39:01 PM",,"MED","Y","B","M","40","DE","N","N",,"N"
"20139317","06/12/2026 03:44:00 PM",,"MAX","Y","B","M","30","DE","N","Y","140.20","N"
"20250580","05/13/2026 05:27:40 PM",,"MIN","N","O","M","19","DE","N","Y","105.15","Y"
"15240","06/25/2026 12:47:01 AM",,"MIN","Y","B","M","47","DE","N","N","155.25","N"
"18459","03/28/2026 11:25:00 PM",,"MED","Y","B","M","61","DE","N","N","120.10","N"
"20246727","10/18/2025 09:13:37 PM",,"MED","Y","B","M","65","DE","N","N","125.25","N"
"20211515","03/10/2026 04:02:26 PM",,"MED","N","B","M","45","DE","N","N","110-125.25","Y"
"20250356","05/04/2026 12:56:36 PM",,"MIN","N","B","M","35","DE","N","N","120.10","N"
"20240542","11/21/2025 01:35:51 AM",,"MIN","Y","O","M","33","DE","N","N","160.10","Y"
"20228287","02/15/2026 03:58:50 PM",,"MAX","Y","O","M","25","CSP","N","Y","140.25","N"
"20157983","06/10/2025 05:18:11 PM",,"MAX","Y","B","M","38","DE","N","N","125.25","Y"
"20164525","01/24/2026 01:15:25 PM",,"MAX","Y","B","M","27","DE","N","Y","140.20","Y"
"166383","07/15/2026 10:44:00 PM",,,"N","B","M","37","DE","N","N","220.16","N"
"20222073","11/19/2025 01:17:06 AM",,"MED","Y","B","M","55","DE","N","N","240.30","N"
"20249741","04/04/2026 06:06:40 PM",,"MED","Y","B","M","53","DE","N","N","265.03","Y"
"20158204","06/24/2026 04:22:34 PM",,"MIN","Y","B","M","36","DE","N","N","160.10","N"
"20251812","07/16/2026 01:14:10 AM",,,"N","B","M","29","DE","N","N","110-125.25","N"
"20194068","09/07/2024 08:18:37 PM",,"MAX","Y","B","M","25","DE","N","Y","135.20","Y"
"20231641","07/15/2026 05:49:50 PM",,,"N","O","M","20","DE","N","N",,"N"
"20249614","03/27/2026 11:54:10 PM",,"MED","Y","B","M","32","DE","N","N","120.00","Y"
"20240063","12/12/2024 04:58:10 PM",,"MED","Y","O","F","31","DE","N","N","230.25","Y"
"20153975","05/25/2026 12:08:53 PM",,"MED","Y","O","F","32","DE","N","N","120.05","Y"
"20250301","05/01/2026 02:49:15 PM",,"MED","Y","O","M","23","DE","N","N","125.25","Y"
"20251665","07/08/2026 04:01:00 PM",,"MED","N","B","M","58","DE","N","N","125.25","N"
"20250298","05/14/2026 04:34:11 PM",,"MIN","N","O","M","18","DE","N","Y","160.15","Y"
"20204346","07/12/2026 04:35:00 PM",,"MAX","N","B","M","26","DE","N","Y","110-125.25","N"
"20245934","09/10/2025 09:25:14 PM",,"MED","N","O","M","41","DE","N","N","125.25","N"
"20205465","05/25/2026 07:05:26 PM",,"MAX","N","H","M","25","DEP","N","Y","160.10","Y"
"20059623","05/13/2025 10:23:01 PM",,"MED","N","B","M","36","DE","N","N","125.25","Y"
"20211007","03/26/2025 11:03:29 AM",,"MED","N",,,"30","DE","N","Y","125.25","Y"
"1228","07/12/2026 01:13:00 AM",,"MIN","N","O","M","42","DE","N","N","140.20","N"
"20244361","04/14/2026 08:36:46 PM",,"MIN","Y","B","M","50","DE","N","N","263.15","N"
"20223653","09/24/2025 12:49:15 AM",,"MED","N","O","M","39","DE","N","N","120.05","Y"
"20132653","07/08/2026 01:06:20 AM",,"MAX","Y","O","F","32","DE","N","N","120.05","N"
"20226536","06/15/2026 02:52:27 PM",,"MED","N","B","M","23","DE","N","N","110-125.25","N"
"20224567","05/04/2026 08:24:19 PM",,"MIN","Y","B","M","59","CS","N","N","155.25","N"
"20225905","07/19/2023 08:45:49 PM",,"MED","Y","B","M","50","DE","N","N","125.25","Y"
"20249271","03/11/2026 02:01:31 PM",,"MAX","N","B","M","22","DE","N","Y","125.25","Y"
"137771","02/27/2025 08:02:17 PM",,"MAX","Y","O","M","37","DE","N","Y","160.15","Y"
"20229427","12/16/2024 02:14:23 PM",,"MED","Y","B","F","33","DE","N","N","125.15","Y"
"20165858","07/28/2025 05:50:29 PM",,"MED","Y","B","M","35","DE","N","N","110-140.25","Y"
"20003507","10/15/2025 06:25:49 PM",,"MIN","Y","U","M","34","DE","N","N","220.43","Y"
"20248384","01/19/2026 08:05:36 PM",,"MED","Y","B","M","31","DE","N","Y","140.30","N"
"16881","06/28/2026 06:42:51 PM",,"MIN","Y","W","F","60","DE","N","N","240.75","N"
"20228762","05/09/2026 01:37:51 AM",,"MED","Y","B","M","21","DE","N","N","160.15","N"
"20001717","10/08/2024 10:40:32 PM",,"MAX","Y","B","M","37","DE","N","N","160.15","Y"
"19547","09/24/2025 09:07:03 PM",,"MIN","Y","O","M","40","DE","N","N","155.35","Y"
"20223067","06/02/2026 04:52:00 PM",,"MIN","Y","B","M","50","DE","N","N","140.20","N"
"20246986","11/02/2025 01:26:05 AM",,"MED","N","O","M","57","DE","N","N","130.65","N"
"20044149","03/24/2026 12:58:11 AM",,"MAX","Y","O","M","34","DE","N","Y","120.05","Y"
"127351","01/02/2026 03:49:33 PM",,"MED","Y","W","M","56","CS","N","N",,"N"
"40340","04/30/2026 12:11:49 AM",,"MIN","Y","O","M","62","DE","N","N","140.20","N"
"20223569","06/11/2026 03:05:09 AM",,"MED","Y","B","M","25","DE","N","Y","265.03","N"
"101643","05/25/2025 01:04:10 AM",,"MIN","Y","B","M","61","DE","N","N","265.03","N"
"40339","09/04/2024 04:04:35 PM",,"MED","Y","B","M","50","DE","N","N","125.25","N"
"20251813","07/16/2026 01:20:34 AM",,"MIN","N","B","M","30","DE","N","N","160.05","N"
"20123226","02/05/2025 03:57:36 PM",,"MAX","N","B","M","33","DE","N","Y","220.21","Y"
"20245651","08/28/2025 01:08:03 PM",,"MED","Y","B","M","21","DE","N","Y","105.15","Y"
"20118210","05/29/2026 04:41:49 PM",,"MAX","Y","B","M","31","DE","N","N","490.20","Y"
"20251313","06/19/2026 07:47:37 PM",,,"N","W","M","52","DE","N","N","150.15","N"
"796","04/05/2026 12:06:12 PM",,"MAX","Y","B","M","40","DE","N","N","220.16","Y"
"20137294","05/21/2024 11:04:38 AM",,"MAX","Y","B","M","28","DE","N","Y","110-125.25","Y"
"45842","01/07/2026 11:31:53 PM",,"MIN","Y","B","M","45","DE","N","N","140.25","N"
"20251054","06/06/2026 02:01:18 PM",,"MED","N","A","M","44","DE","N","N","130.65","N"
"20215400","05/17/2026 01:04:00 AM",,"MAX","N","B","M","23","DE","N","Y","120.07","N"
"20249168","03/05/2026 06:19:53 PM",,"MIN","N","B","M","31","DE","N","Y","265.13","Y"
"22186","12/18/2025 05:00:56 PM",,"MED","Y","B","M","55","DE","N","N","160.05","Y"
"20189590","09/11/2025 10:53:00 PM",,"MAX","Y","B","M","29","DE","N","Y","265.03","Y"
"20239852","11/12/2024 04:44:43 PM",,"MED","Y","B","M","35","DE","N","N","125.25","Y"
"20094418","05/03/2026 05:36:18 PM",,"MED","Y","B","M","43","DE","N","N","160.10","Y"
"20242182","03/14/2025 06:16:08 PM",,"MED","N","A","M","20","DE","N","Y","105.15","Y"
"20248020","12/29/2025 01:24:52 PM",,"MIN","N","W","M","42","DE","N","N","265.03","N"
"20230970","05/11/2026 11:46:52 AM",,"MIN","Y","B","M","33","DE","N","N","120.00H","N"
"52073","11/18/2025 01:23:00 AM",,"MIN","Y","O","M","40","CS","N","N",,"N"
"20242171","06/30/2026 05:26:10 PM",,"MIN","N","B","M","37","CS","N","N",,"N"
"20035327","01/27/2026 01:57:11 PM",,"MED","Y","B","M","32","DE","N","N","120.05","Y"
"20251126","06/09/2026 09:17:20 PM",,"MAX","N","B","M","19","DE","N","Y","110-125.25","Y"
"3386","06/26/2026 04:36:00 PM",,"MIN","N","B","M","57","DE","N","N","140.20","N"
"20007469","05/12/2026 08:52:22 PM",,"MIN","Y","B","M","52","CS","N","N","155.25","N"
"20233163","05/23/2025 04:23:33 PM",,"MAX","N","O","M","23","DE","N","Y","160.10","Y"
"20238986","04/17/2025 12:15:20 AM",,"MED","Y","B","M","44","DE","N","N","155.35","Y"
"20239835","11/11/2024 05:05:29 PM",,"MED","N","B","M","35","DE","N","N","125.25","N"
"20132129","10/02/2020 07:43:09 PM",,"MAX","Y","B","M","29","DE","N","Y","105.17","Y"
"20242132","03/13/2025 12:49:05 AM",,"MAX","Y","B","M","19","DE","N","Y","160.15","Y"
"20247664","05/19/2026 10:13:19 AM",,"MIN","Y","B","M","51","DE","N","N","155.25","Y"
"20218971","08/27/2024 01:06:22 PM",,"MIN","Y","B","F","52","DE","N","N","110-125.25","N"
"20077716","08/01/2025 04:29:46 PM",,"MAX","Y","O","M","31","DE","N","Y","110-125.25","Y"
"20251448","06/26/2026 04:55:42 PM",,"MED","Y","B","M","23","DE","N","N","150.15","N"
"115967","06/28/2026 06:40:05 PM",,"MAX","Y","B","M","49","DE","N","N","160.15","N"
"20218408","04/07/2025 07:45:06 PM",,"MAX","Y","B","M","31","DE","N","N","160.15","Y"
"20176785","01/23/2026 12:54:13 PM",,"MIN","N","B","M","30","DE","N","N","265.03","N"
"20229683","07/02/2026 05:39:29 PM",,"MIN","N","O","M","27","DE","N","N","1192(2)","N"
"20243281","07/13/2026 01:31:17 PM",,"MAX","Y","W","M","32","DE","N","N","155.35","N"
"20007778","04/24/2026 04:51:57 PM",,"MED","N","B","M","45","DE","N","N","130.35","N"
"20027834","04/10/2024 06:03:38 PM",,"MAX","Y","B","M","32","DNS","N","Y",,"Y"
"104537","04/02/2026 03:19:34 PM",,"MIN","Y","B","F","43","DE","N","N","230.34","N"
"21348","02/17/2026 10:40:13 AM",,"MIN","Y","B","M","46","DE","N","N","150.10","N"
"20242931","04/21/2025 09:25:16 PM",,"MAX","Y","B","M","24","DE","N","N","125.25","Y"
"20249806","04/08/2026 01:10:02 PM",,"MAX","Y","B","M","21","DE","N","Y","265.03","Y"
"10009655","12/12/2025 01:12:00 AM",,"MAX","Y","B","M","36","DE","N","Y","110-125.25","Y"
"37060","05/02/2025 01:28:00 AM",,"MAX","N","B","M","41","DE","N","N","263.05","Y"
"20080663","12/18/2025 12:46:41 PM",,"MIN","Y","A","M","42","DE","N","N","120.00H","N"
"130920","05/18/2026 05:23:59 PM",,"MAX","N","O","M","39","DE","N","N","125.25","N"
"20241478","02/05/2025 04:45:23 PM",,"MED","Y","W","M","53","DE","N","N","130.35","Y"
"38432","06/24/2026 12:39:26 PM",,"MED","N","O","M","43","DEP","N","N","VOP","N"
"20251256","06/17/2026 02:22:41 PM",,"MED","Y","B","F","25","DE","N","N","125.25","N"
"108523","06/30/2026 12:07:31 PM",,"MED","N","B","M","40","DE","N","N","140.30","N"
"20248022","12/29/2025 02:43:21 PM",,"MED","Y","B","M","22","DE","N","N","125.25","Y"
"20245439","08/19/2025 04:28:23 PM",,"MED","Y","O","M","41","DE","N","N","130.35","Y"
"20121608","12/11/2025 04:21:41 PM",,"MED","Y","O","M","30","CS","N","N",,"N"
"107266","06/17/2026 11:09:28 AM",,"MIN","N","B","M","61","DE","N","N","215.51","N"
"20248550","01/28/2026 09:04:39 PM",,"MAX","Y","B","M","27","DEP","N","N","130.35","Y"
"10014191","06/17/2026 08:38:16 PM",,"MED","Y","B","M","36","DE","N","N","120.05","N"
"20228449","12/07/2023 07:24:05 PM",,"MED","Y","U","M","22","DE","N","N","125.27","N"
"18048","01/20/2026 06:49:00 PM",,"MED","Y","O","M","60","DE","N","N","140.25","N"
"20244555","07/07/2025 12:38:41 PM",,"MED","Y","W","M","38","DE","N","N","140.25","Y"
"20249566","03/25/2026 08:29:21 PM",,"MED","Y","B","M","27","DE","N","N","140.25","N"
"20248954","02/22/2026 01:21:41 AM",,"MAX","N","O","M","19","DE","N","Y","125.27","Y"
"20250438","05/07/2026 07:47:00 PM",,"MIN","Y","B","M","24","DE","N","N","353-A(1)","Y"
"20221982","12/12/2025 12:42:15 PM",,"MED","Y",,,"34","DE","N","N","265.03","N"
"20051503","07/17/2025 06:52:29 PM",,"MED","Y","B","M","44","DE","N","N","160.10","Y"
"20077296","09/11/2025 12:46:04 PM",,"MIN","Y","I","M","32","DE","N","N","160.15","Y"
"20249321","03/13/2026 10:18:28 AM",,"MED","N","B","M","25","DE","N","N","130.35","N"
"107330","02/16/2026 11:52:59 PM",,"MAX","Y","B","F","43","DE","N","N","160.10","Y"
"42318","02/19/2026 03:58:30 PM",,"MIN","Y","B","M","66","DE","N","N","140.20","N"
"133057","09/11/2025 08:04:36 PM",,"MIN","N","B","M","37","DE","N","N","160.15","Y"
"20238949","09/25/2024 09:16:40 PM",,"MED","N","B","M","56","DE","N","N","125.25","Y"
"20241086","01/16/2025 12:51:35 AM",,"MAX","Y","O","M","24","DE","N","N","110-125.25","Y"
"20251397","06/24/2026 04:06:03 PM",,"MIN","N","O","M","36","CS","N","N","220.09","N"
"20059727","05/08/2026 01:17:00 AM",,"MIN","Y","W","M","41","DE","N","N","215.51","N"
"20228378","04/25/2026 04:43:58 PM",,"MAX","Y","O","M","30","DE","N","N","120.05","Y"
"20230325","11/18/2024 12:16:39 PM",,"MAX","Y","B","M","23","DE","N","Y","125.25","Y"
"20249202","05/05/2026 09:53:58 AM",,"MIN","N","O","M","31","CS","N","N","155.25","N"
"20242990","04/24/2025 06:47:12 PM",,"MED","N","B","M","30","DE","N","N","165.54","Y"
"20040710","07/05/2026 05:05:13 PM",,"MED","Y","A","M","40","DE","N","N","140.30","N"
"20241004","04/08/2026 09:11:05 PM",,"MIN","N","A","M","33","CS","N","N","220.16","N"
"20164210","02/20/2026 12:30:16 AM",,"MAX","Y","O","M","27","DE","N","Y","125.25","Y"
"20229048","05/26/2026 03:05:38 PM",,"MED","Y","U","M","20","CS","N","N",,"N"
"39661","06/05/2026 03:46:39 PM",,"MED","N","O","M","37","DE","N","N","110-125.25","N"
"20247693","12/09/2025 12:21:08 PM",,"MED","N","O","M","21","DE","N","Y","160.10","Y"
"20215856","06/20/2026 04:29:19 PM",,"MAX","N","B","M","23","DE","N","Y","110-125.25","N"
"20017882","03/19/2026 07:24:41 PM",,"MED","N","A","M","44","DE","N","N","140.25","N"
"35575","05/15/2026 11:19:56 PM",,"MIN","Y","W","F","48","CS","N","N",,"N"
"20243608","07/30/2025 12:20:37 PM",,"MED","Y","O","M","31","DE","N","N","140.25","Y"
"20142367","02/05/2026 05:21:00 PM",,"MIN","Y","B","M","65","DE","N","N","140.20","N"
"99429","12/04/2025 12:10:06 AM",,"MED","Y","W","M","46","DEP","N","N","140.25","Y"
"43580","12/23/2025 05:13:34 PM",,"MAX","Y","O","M","42","DE","N","Y","140.25","N"
"20239044","03/25/2026 10:57:00 PM",,"MIN","Y","B","F","36","DE","N","N","220.16","Y"
"72770","12/06/2025 04:46:53 PM",,"MIN","Y","B","F","44","CS","N","N","155.25","Y"
"20201635","07/03/2026 05:13:56 PM",,"MED","N","B","F","42","DE","N","N","125.25","N"
"20245119","08/03/2025 10:46:00 PM",,"MED","Y","W","M","68","DE","N","N","125.25","N"
"20223846","02/19/2026 06:36:36 PM",,"MED","Y","B","M","22","DE","N","Y","105.15","Y"
"20244310","06/25/2025 02:35:00 PM",,"MED","Y","O","M","35","DE","N","N","125.25","Y"
"20195101","07/12/2026 04:04:22 PM",,"MAX","N","B","M","26","DE","N","Y","160.15","N"
"20186021","07/09/2026 06:15:30 PM",,"MED","N","B","M","64","DEP","N","N","155.25","N"
"107242","07/13/2026 12:23:37 PM",,"MED","N","O","M","45","DE","N","N","110-125.25","N"
"20198343","02/02/2025 01:01:19 PM",,"MIN","N","B","M","55","DE","N","N","220.16","N"
"20244877","07/22/2025 04:53:48 PM",,"MIN","N","A","M","46","SSR","N","N","165.52","N"
"20251696","07/10/2026 12:34:00 AM",,"MED","Y","A","M","45","DE","N","N","110-125.25","N"
"20244616","07/15/2025 11:28:11 AM",,"MIN","Y","B","M","40","SSR","N","N",,"N"
"20251594","07/04/2026 04:51:08 PM",,"MED","N","B","M","21","DE","N","N","265.03","N"
"20245982","09/12/2025 01:00:45 PM",,"MED","Y","B","M","20","DE","N","N","110-125.25","Y"
"20110807","12/06/2025 10:49:12 PM",,"MIN","N","B","M","39","DE","N","N","220.39","N"
"64886","09/09/2025 05:11:58 PM",,"MIN","Y","B","M","40","DE","N","N","265.13","Y"
"20238852","07/09/2026 05:28:09 PM",,"MED","Y","B","M","37","DE","N","N","155.25","N"
"114349","05/13/2026 11:39:59 PM",,"MIN","N","B","M","58","DE","N","N","AC 888.88","N"
"20249309","03/12/2026 02:11:48 PM",,"MED","N","O","M","18","DE","N","Y","125.25","Y"
"20181959","05/18/2026 07:22:38 PM",,"MAX","N","B","M","27","DE","N","Y","265.03","N"
"20239750","07/07/2026 12:40:31 AM",,"MED","N","O","M","35","DE","N","N","220.39","N"
"20214889","06/11/2026 04:59:09 PM",,"MAX","N","B","M","24","DE","N","Y","120.10","Y"
"20234956","12/25/2025 08:50:26 PM",,"MIN","Y","O","M","56","DE","N","N","265.03","Y"
"20245996","09/12/2025 10:41:26 PM",,"MIN","Y","A","M","37","DE","N","N","120.10","Y"
"20143908","04/29/2025 04:22:19 PM",,"MED","Y","B","M","29","DE","N","N","125.25","Y"
"20198014","07/05/2026 01:19:50 AM",,"MED","N","O","M","28","DE","N","Y","110-125.25","N"
"47707","10/31/2025 10:47:01 AM",,"MIN","Y","B","M","53","DE","N","N","110-125.25","N"
"20245664","05/13/2026 03:15:41 PM",,"MIN","Y","O","F","56","DE","N","N","140.20","N"
"20246247","09/25/2025 12:50:01 PM",,"MED","N","B","M","22","CS","N","Y","265.01B","Y"
"20213698","05/08/2026 10:14:04 PM",,"MIN","Y","O","M","53","DE","N","N","140.20","N"
"20227718","10/29/2023 04:23:01 PM",,"MED","N","O","M","48","DE","N","N","110-125.27","Y"
"20238623","09/10/2024 03:41:10 PM",,"MIN","N","O","M","26","DE","N","N","110-125.25","Y"
"20224917","04/26/2024 02:23:29 PM",,"MED","Y","B","F","29","DE","N","N","125.25","Y"
"20037047","04/13/2026 04:03:13 PM",,"MAX","N","O","M","34","DE","N","Y","265.03","Y"
"20204353","06/11/2026 04:51:47 PM",,"MIN","Y","W","M","50","DE","N","N","160.10","N"
"20245198","08/07/2025 01:17:32 PM",,"MED","Y","B","M","23","DE","N","Y","125.25","Y"
"20247905","06/25/2026 08:40:52 PM",,"MED","Y","W","M","22","DE","N","N","155.25","N"
"20079650","05/08/2025 01:35:48 AM",,"MAX","Y","B","M","38","DE","N","N","110-120.10","Y"
"20213457","02/11/2026 03:27:43 PM",,"MED","N","O","M","31","CS","N","N",,"N"
"20251136","06/10/2026 01:00:22 PM",,"MED","Y","B","M","21","DE","N","N","105.15","N"
"20246451","10/05/2025 11:45:10 PM",,"MED","Y","A","M","51","DE","N","N","125.20","Y"
"20225738","03/23/2026 12:02:59 PM",,"MAX","Y","O","M","33","DE","N","N","160.10","Y"
"138941","05/04/2026 12:40:06 AM",,"MAX","Y","O","M","40","CSP","N","N","120.14","Y"
"20251086","06/08/2026 12:28:12 AM",,"MIN","Y","B","M","19","DE","N","N","265.03","Y"
"108989","07/08/2026 12:18:00 PM",,"MIN","N","B","M","35","DE","N","N","265.03","N"
"20249232","03/21/2026 03:35:21 PM",,"MED","Y","B","M","45","DE","N","N","120.60","N"
"20251234","06/15/2026 04:58:32 PM",,"MIN","Y","B","M","45","DE","N","N","265.03","N"
"20209982","08/22/2025 11:33:16 PM",,"MAX","Y","O","M","29","DE","N","N","120.05","Y"
"20055038","09/30/2025 07:03:02 PM",,"MAX","N","O","M","38","DE","N","N","220.43","Y"
"20249808","04/08/2026 03:06:19 PM",,"MIN","N","O","M","25","DE","N","N","140.25","N"
"75944","02/17/2026 09:03:19 PM",,"MAX","Y","B","M","38","DEP","N","N","160.05","N"
"20168617","08/10/2023 01:09:55 AM",,"MAX","Y","B","M","26","DE","N","Y","110-125.25","Y"
"20109542","06/25/2026 12:49:12 AM",,"MIN","Y",,,"43","DE","N","N","155.25","N"
"20247057","11/05/2025 07:45:19 PM",,"MIN","N","U","M","23","DE","N","N","230.34","N"
"20249787","04/07/2026 05:02:17 PM",,"MIN","Y","W","F","39","DE","N","N","230.34","N"
"20211826","12/25/2025 08:41:23 PM",,"MAX","Y","A","M","25","DE","N","Y","265.03","Y"
"20213936","09/24/2025 12:59:05 PM",,"MAX","Y","B","M","29","DE","N","N","120.10","Y"
"20240441","12/31/2025 08:17:50 PM",,"MED","Y","O","M","36","CS","N","N",,"N"
"20242008","03/07/2025 03:55:04 PM",,"MIN","N","B","M","45","DE","N","N","110-125.25","N"
"20250516","05/11/2026 01:07:06 PM",,"MED","Y","O","F","48","DE","N","N","120.10","Y"
"20245638","08/27/2025 09:20:04 PM",,"MIN","N","O","M","42","DE","N","N","220.21","N"
"81224","05/11/2026 01:48:20 AM",,"MIN","N","B","M","64","CS","N","N","165.40","N"
"20248896","02/19/2026 01:14:06 AM",,"MIN","N","B","M","24","DE","N","Y","110-125.25","N"
"56188","05/11/2025 12:50:02 AM",,"MAX","Y","O","M","38","DE","N","N","215.51","Y"
"20111213","01/23/2026 08:39:33 PM",,"MAX","Y","O","M","29","DE","N","Y","121.12","Y"
"20251739","07/12/2026 12:19:47 PM",,"MED","Y","O","M","23","DE","N","N","110-160.10","N"
"6500","12/16/2022 07:12:10 PM",,"MAX","Y","O","M","48","DE","N","Y","125.25","Y"
"20248218","01/29/2026 08:50:22 PM",,"MIN","N","B","M","41","DE","N","N","215.51","N"
"20238530","06/10/2026 01:23:09 PM",,"MED","Y","B","M","43","DE","N","N","160.10","N"
"10014661","06/03/2026 08:57:55 PM",,"MED","Y","O","M","34","DE","N","N","120.00","N"
"20246114","05/06/2026 04:03:56 PM",,"MIN","N","O","M","33","CS","N","N","140.20","N"
"20229118","02/03/2026 10:56:00 AM",,"MED","Y","B","M","36","DE","N","N","215.51","N"
"126158","06/09/2025 12:34:35 AM",,"MIN","N","B","M","49","DE","N","Y","140.30","Y"
"20101494","01/30/2026 08:05:39 PM",,"MIN","Y","O","M","37","CS","N","N",,"N"
"20249021","02/26/2026 04:52:23 PM",,"MIN","N","B","M","30","DE","N","N","230.34","N"
"20226219","08/26/2025 02:02:41 PM",,"MAX","Y","B","M","37","DE","N","Y","140.25","Y"
"20190368","03/25/2026 04:21:36 PM",,"MED","Y","B","M","29","DE","N","N","121.12","N"
"20045365","02/13/2025 01:27:45 AM",,"MAX","Y","B","M","57","DE","N","N","110-120.10","Y"
"20212548","04/15/2026 04:32:00 PM",,"MAX","Y","B","F","24","DE","N","N","110-125.25","Y"
"20246784","12/24/2025 04:43:35 PM",,"MED","N","B","M","21","DE","N","N","105.15","N"
"20247234","11/14/2025 12:10:20 AM",,"MED","N","O","M","40","DE","N","N","110-130.35","N"
"20171907","03/19/2025 11:53:54 AM",,"MAX","N","O","M","37","DE","N","N","220.18","Y"
"20106440","01/19/2026 11:14:04 AM",,"MAX","Y","O","M","30","DE","N","Y","160.10","Y"
"17583","12/28/2021 12:03:41 PM",,"MED","Y","B","M","63","DE","N","N","125.25","Y"
"20251194","06/12/2026 07:48:48 PM",,"MIN","Y","B","M","42","DE","N","N","120.05","N"
"20205294","03/24/2026 04:53:55 PM",,"MAX","Y","B","F","44","DE","N","N","140.20","N"
"20250648","05/16/2026 01:35:55 PM",,"MIN","N","B","F","35","CS","N","N",,"N"
"69693","01/26/2026 11:45:43 PM",,"MED","Y","W","M","39","CS","N","N",,"Y"
"20071910","05/27/2025 02:44:19 PM",,"MAX","Y","B","M","32","DE","N","N","130.65","Y"
"20093968","12/08/2021 07:39:54 PM",,"MED","Y","B","M","30","DE","N","Y","125.25","Y"
"20248239","01/11/2026 04:14:43 PM",,"MED","Y","B","M","31","DE","N","N","125.25","Y"
"20087315","06/10/2026 01:16:08 PM",,"MIN","Y","B","M","36","DE","N","N","120.14","N"
"31489","06/06/2026 12:58:00 AM",,"MIN","N","B","M","55","DE","N","N","160.10","N"
"20197923","04/25/2026 12:06:28 AM",,"MIN","Y","B","M","37","DE","N","N","155.35","N"
"20245697","08/30/2025 01:13:00 AM",,"MIN","Y","B","F","63","DE","N","N","140.25","Y"
"20245546","08/23/2025 12:32:16 PM",,"MIN","N","W","M","39","DE","N","N","120.07","N"
"20239881","11/13/2024 02:45:48 PM",,"MED","N","B","M","24","SSR","N","N",,"Y"
"16797","07/11/2026 01:07:01 PM",,"MED","Y","B","M","43","DE","N","Y","140.25","N"
"77228","04/17/2026 06:56:30 PM",,"MAX","Y","B","M","38","DE","N","N","120.05","N"
"87888","07/10/2026 12:27:55 AM",,"MAX","Y","B","M","36","DE","N","N","160.15","N"
"20097209","12/12/2024 07:58:13 PM",,"MED","Y","B","M","30","DEP","N","Y","220.16","Y"
"20212743","09/28/2025 12:57:56 PM",,"MAX","Y","B","M","26","DE","N","N","130.35","Y"
"20243691","05/23/2026 12:33:01 PM",,"MED","Y","O","M","30","DE","N","N","120.00","N"
"20128052","11/11/2025 12:12:01 PM",,"MIN","Y","O","M","31","DE","N","N","265.03","N"
"118804","05/17/2025 10:30:30 AM",,"MED","Y","B","M","45","DE","N","N","125.25","N"
"20215385","08/22/2025 12:45:32 PM",,"MED","Y","B","M","24","CS","N","Y","265.03","Y"
"96366","07/10/2026 04:16:05 PM",,"MIN","Y","B","M","50","DE","N","N","110-120.10","N"
"20042198","02/18/2026 08:10:28 PM",,"MAX","Y","O","M","32","DE","N","N","215.56","Y"
"20213387","06/04/2026 04:36:36 PM",,"MAX","Y","O","M","23","DE","N","N","120.05","Y"
"20024540","03/20/2026 11:50:00 PM",,"MIN","Y","B","M","49","DE","N","N","125.14","Y"
"20159095","03/11/2026 11:35:35 AM",,"MIN","N","O","M","53","CS","N","N",,"N"
"20240878","01/05/2025 03:32:41 PM",,"MED","Y","W","M","63","DE","N","N","125.25","N"
"20227884","11/19/2024 11:19:00 PM",,"MAX","Y","B","M","29","DE","N","Y","120.05","Y"
"20246598","10/12/2025 04:25:21 PM",,"MIN","Y","O","M","27","DE","N","N","160.15","Y"
"20055349","03/03/2026 01:28:40 PM",,"MIN","N","B","M","37","DE","N","N","155.40","N"
"20107857","11/15/2025 05:05:52 PM",,"MED","Y","B","M","33","DE","N","N","130.35","Y"
"20229750","01/17/2026 09:30:05 PM",,"MAX","Y","B","M","21","DE","N","N","120.05","Y"
"20240355","10/21/2025 05:25:55 PM",,"MED","Y","W","M","43","DE","N","N","490.20","N"
"20222845","07/09/2026 11:32:00 PM",,"MIN","N","B","M","42","DE","N","N","1192(2)-A","N"
"20108410","01/09/2026 08:02:24 PM",,"MED","N","O","M","35","DEP","N","N","155.30","N"
"20251243","06/16/2026 07:07:49 PM",,"MED","Y","B","F","29","DE","N","N","110-125.25","N"
"20227391","10/10/2023 03:22:55 PM",,"MIN","Y","B","M","29","SSR","N","N","220.43","N"
"162282","11/03/2022 05:27:14 PM",,"MAX","N","B","M","35","DE","N","N","125.25","Y"
"20075101","03/24/2024 01:22:29 AM",,"MAX","N","B","M","32","SSR","N","Y",,"Y"
"20248784","02/12/2026 03:24:00 PM",,"MIN","Y","W","M","36","DE","N","N","130.52","Y"
"54120","03/20/2026 12:38:14 PM",,"MIN","N","B","M","53","CS","N","N",,"N"
"20241523","02/07/2025 05:28:36 PM",,"MED","Y","B","M","32","DE","N","N","110-125.25","Y"
"20172163","06/13/2026 03:44:26 PM",,"MAX","N","B","M","28","CS","N","Y","215.50","N"
"20238266","05/21/2025 04:19:08 PM",,"MAX","Y","B","M","29","DE","N","N","140.25","Y"
"20089783","02/13/2021 02:50:00 PM",,"MED","Y","B","M","49","DE","N","N","125.25","Y"
"20172540","06/08/2024 01:14:41 AM",,"MAX","N","B","M","36","DE","N","Y","220.16","Y"
"20247688","12/08/2025 09:24:04 PM",,"MIN","Y","I","M","27","CS","N","N","VTL 1192.3","N"
"20244837","04/07/2026 01:09:33 PM",,"MIN","N","B","M","39","CS","N","N",,"N"
"20251563","07/02/2026 09:09:13 PM",,"MIN","N","B","M","29","DE","N","N","120.05","N"
"137651","02/04/2025 03:17:21 PM",,"MAX","Y","O","F","38","DE","N","N","140.25","Y"
"20243136","05/01/2025 04:42:55 PM",,"MAX","N","O","M","42","DE","N","N","125.20","Y"
"20077717","12/29/2025 01:57:43 PM",,"MAX","N","B","M","31","DE","N","Y","120.05","Y"
"20036670","10/02/2025 05:22:09 PM",,"MED","Y","W","M","32","DE","N","N","160.10","Y"
"20110141","08/12/2025 03:29:53 PM",,"MIN","Y","W","M","52","DE","N","N","160.10","Y"
"20041570","01/06/2025 12:55:00 AM",,"MED","Y","B","M","39","DE","N","Y","130.65","Y"
"20242359","03/24/2025 05:41:44 PM",,"MIN","N","B","M","26","DE","N","N","105.10","N"
"20248740","04/18/2026 07:53:21 PM",,"MIN","Y","B","F","40","DE","N","N","120.05","N"
"67782","11/30/2025 07:02:45 PM",,"MED","Y","B","F","56","DE","N","N","120.10","N"
"20171760","07/12/2024 05:40:29 PM",,"MED","N","B","M","54","DE","N","N","220.16","N"
"20062898","11/11/2025 01:27:04 AM",,"MIN","Y","B","M","35","DE","N","N","215.51","N"
"20248604","06/23/2026 11:12:46 AM",,"MIN","N","O","M","50","DE","N","N","215.50","N"
"74581","04/29/2026 08:54:10 PM",,"MIN","Y","W","M","37","DE","N","N","140.20","Y"
"20222795","07/26/2024 08:51:23 PM",,"MAX","Y","B","M","23","DE","N","Y","120.05","Y"
"20025053","04/15/2026 04:51:46 PM",,"MIN","Y","O","M","50","DE","N","N","105.15","N"
"20247771","06/29/2026 04:20:33 PM",,"MED","Y","B","M","19","DE","N","Y","160.15","N"
"20206293","08/10/2019 12:52:00 AM",,"MAX","N","B","M","26","DE","N","Y","125.25","Y"
"20212122","06/12/2026 11:54:00 AM",,"MIN","N","B","M","25","DE","N","Y","265.03","Y"
"20247276","11/15/2025 04:12:07 PM",,"MED","N","B","M","19","DE","N","Y","110-120.07","Y"
"20215235","04/20/2026 05:00:00 PM",,"MIN","Y","O","M","40","DE","N","N","160.10","N"
"20239984","11/18/2024 12:24:55 AM",,"MIN","Y","W","M","34","DE","N","N","110-120.10","Y"
"20219597","06/26/2026 11:09:04 PM",,"MAX","N","W","M","23","DE","N","Y","110-125.25","N"
"20109063","06/25/2026 05:05:48 PM",,"MED","Y","B","M","35","DE","N","N","160.15","N"
"10000941","06/10/2026 01:33:52 PM",,"MED","Y","B","M","63","DE","N","N","155.35","N"
"20245878","09/08/2025 03:53:00 PM",,"MED","Y","O","M","45","DE","N","N","125.25","N"
"20241593","02/12/2025 05:09:21 PM",,"MIN","Y","B","M","20","DE","N","Y","265.03","Y"
"20010804","05/06/2026 11:56:26 AM",,"MAX","Y","B","F","44","DE","N","N","160.15","N"
"20233316","08/16/2024 07:12:17 PM",,"MIN","Y","B","M","66","DE","N","N","110-125.25","N"
"20230021","08/21/2025 10:51:21 AM",,"MIN","Y","W","F","39","DE","N","N","140.25","N"
"20247978","12/25/2025 11:00:23 AM",,"MAX","Y","O","M","34","DE","N","Y","160.10","Y"
"20251056","06/06/2026 08:33:00 PM",,"MED","N","B","M","61","DE","N","N","130.65","N"
"20032355","11/13/2025 11:48:12 AM",,"MED","Y","W","M","39","DE","N","N","120.05","N"
"25573","09/06/2025 12:12:10 AM",,"MED","N","B","M","42","DE","N","Y","215.52","Y"
"20117805","05/18/2026 11:50:12 AM",,"MED","Y","O","M","32","DE","N","N","130.65","N"
"20250662","05/17/2026 12:12:05 PM",,"MED","Y","O","M","20","DE","N","N","110-125.25","N"
"20242886","04/19/2025 11:05:44 AM",,"MAX","Y","O","M","21","DE","N","N","160.15","Y"
"20245848","04/24/2026 06:59:24 PM",,"MIN","Y","B","M","39","CS","N","N","140.25","N"
"20251169","06/11/2026 10:30:49 PM",,"MIN","N","O","M","27","DE","N","N","220.21","N"
"20251428","06/25/2026 02:30:47 PM",,"MED","N","W","M","45","DE","N","N","FOA 900.00","N"
"20238692","12/12/2024 08:11:18 PM",,"MED","Y","B","M","40","DE","N","N","135.20","N"
"20077185","12/02/2025 11:09:00 AM",,"MAX","Y","B","M","33","DE","N","N","140.25","Y"
"20251596","07/04/2026 07:38:03 PM",,"MED","N","O","M","19","DE","N","Y","265.03","N"
"20251083","06/07/2026 08:24:54 PM",,"MIN","N","B","M","52","DE","N","N","160.15","N"
"20229484","10/15/2024 02:37:32 PM",,"MED","Y","W","M","48","DE","N","N","125.27","N"
"19591","05/05/2026 02:24:26 PM",,"MED","Y","B","M","36","DE","N","N","215.56","N"
"20251346","06/21/2026 08:03:20 PM",,"MED","N","B","M","76","DE","N","N","130.35","N"
"20243380","05/11/2025 08:55:58 PM",,"MAX","Y","B","M","25","DE","N","N","110-125.25","Y"
"20086825","01/06/2026 01:04:18 PM",,"MED","Y","O","M","71","DEP","N","N","140.20","N"
"20049724","03/30/2026 11:10:32 AM",,"MED","Y","B","F","32","DE","N","N","110-120.10","Y"
"153991","04/14/2026 03:15:04 PM",,"MIN","N","B","M","35","DE","N","N","160.10","N"
"20190605","06/08/2026 12:53:52 PM",,"MIN","N","O","M","35","DE","N","N","220.43","N"
"20223615","04/07/2026 01:23:17 PM",,"MAX","Y","B","M","21","DE","N","Y","120.07","Y"
"86873","03/10/2026 11:29:00 PM",,"MIN","Y","B","M","45","DE","N","N","140.20","Y"
"20168027","06/04/2026 08:59:15 PM",,"MAX","Y","B","M","29","DE","N","N","140.30","N"
"20225548","10/30/2025 04:41:33 PM",,"MIN","N","A","M","41","CS","N","N","215.55","N"
"20248600","05/04/2026 01:44:48 AM",,"MIN","Y","O","M","31","DE","N","N","110-140.25","N"
"20168216","07/12/2026 09:11:00 PM",,"MAX","N","B","M","27","DE","N","N","120.05","N"
"20251676","07/09/2026 11:37:49 AM",,"MIN","N","B","M","69","CS","N","N","120.05","N"
"20210172","02/26/2026 05:03:52 PM",,"MAX","N","O","M","53","DE","N","N","215.52","N"
"20250452","05/08/2026 02:24:48 PM",,"MIN","N","O","M","29","DE","N","N","110-120.10","N"
"14447","12/25/2024 12:55:00 PM",,"MAX","Y","B","M","44","DE","N","Y","135.20","Y"
"130718","06/12/2026 12:36:29 PM",,"MIN","Y","O","M","61","DE","N","N","140.20","N"
"20230190","03/15/2024 05:02:11 PM",,"MED","N","O","M","26","DE","N","N","125.27","Y"
"20232851","07/25/2024 04:38:06 PM",,"MAX","Y","O","M","25","DE","N","N","125.25","Y"
"20145746","09/18/2024 03:33:41 PM",,"MAX","Y","B","M","36","DE","N","Y","110-125.25","Y"
"20171930","07/03/2025 03:35:00 PM",,"MED","N","B","M","35","DE","N","N","125.25","N"
"20182972","05/14/2024 03:59:46 PM",,"MED","Y","O","F","47","DE","N","N","125.25","Y"
"20110492","03/10/2026 03:42:45 PM",,"MIN","N","B","M","39","DE","N","N","220.18","N"
"20238864","08/20/2025 09:18:28 PM",,"MAX","Y","B","M","33","DE","N","Y","110-160.10","Y"
"20241960","03/06/2025 12:45:35 AM",,"MIN","Y","O","M","51","DE","N","N","160.15","Y"
"20247456","11/24/2025 07:20:42 PM",,"MED","Y","B","M","25","DE","N","N","110-125.25","Y"
"20132472","04/20/2026 12:28:36 PM",,"MAX","Y","W","M","36","DE","N","Y","120.05","Y"
"78676","02/21/2026 12:04:48 AM",,"MED","Y","O","M","47","DE","N","N","125.25","N"
"10000341","06/06/2026 01:17:27 AM",,"MIN","N","B","M","39","DE","N","N","168-T","N"
"20217964","07/09/2026 08:44:09 PM",,"MED","N","B","M","22","DE","N","N","FOA 900.00","N"
"20065359","03/15/2025 09:14:40 PM",,"MIN","Y","O","M","31","DE","N","N","220.39","N"
"10002732","03/31/2026 08:50:00 PM",,"MIN","Y","B","M","56","DE","N","N","160.15","N"
"20247850","12/17/2025 12:16:19 AM",,"MIN","Y","B","F","46","DE","N","N","110-120.10","N"
"20228732","03/21/2026 12:56:00 PM",,"MED","N","W","M","39","DE","N","N","130.80","N"
"20238646","11/14/2024 01:33:42 PM",,"MIN","Y","B","M","36","DE","N","N","120.05","Y"
"20224670","05/15/2023 04:46:48 PM",,"MED","N","B","M","60","DE","N","N","125.25","Y"
"20242170","03/14/2025 10:50:09 AM",,"MIN","N","B","M","25","DE","N","N","120.10","Y"
"20054688","03/23/2026 01:22:08 PM",,"MED","Y","U","M","37","DE","N","Y","120.10","N"
"20250257","04/29/2026 04:51:35 PM",,"MAX","Y","B","M","32","DE","N","N","120.05","Y"
"20222855","05/30/2026 08:35:23 PM",,"MAX","Y","B","F","27","DE","N","N","160.10","Y"
"127430","12/12/2025 11:53:21 AM",,"MIN","Y","O","M","34","CS","N","N","140.15","N"
"20066239","06/25/2025 05:45:55 PM",,"MED","N","W","M","47","DE","N","N","130.35","N"
"20244896","11/11/2025 05:03:58 PM",,"MIN","Y","O","M","57","DE","N","N","160.15","Y"
"20240593","08/14/2025 05:56:17 PM",,"MED","Y","B","M","33","DE","N","N","130.95","Y"
"10004138","04/05/2026 08:55:14 PM",,"MIN","Y","B","M","56","DE","N","N","140.30","N"
"20151980","05/20/2026 08:44:35 PM",,"MED","Y","B","M","36","DE","N","N","150.15","N"
"20244563","07/08/2026 07:46:53 PM",,"MED","N","B","M","26","DE","N","N","120.07","N"
"20242513","04/02/2025 01:18:16 AM",,"MED","N","O","M","27","DE","N","N","220.41","Y"
"20210700","04/23/2026 09:28:56 PM",,"MIN","Y","A","M","50","DE","N","N","170.30","N"
"78209","05/18/2025 02:04:52 AM",,"MIN","Y","B","M","39","DE","N","Y","140.20","N"
"20244740","06/23/2026 11:34:02 AM",,"MED","Y","B","M","35","DE","N","N","130.65","N"
"20239709","11/05/2024 06:48:52 PM",,"MAX","Y","B","F","28","DE","N","N","110-125.25","Y"
"20216607","12/02/2021 11:46:30 PM",,"MED","Y","W","M","27","DE","N","N","125.25","Y"
"20246594","10/12/2025 10:58:17 AM",,"MAX","Y","O","M","21","DE","N","Y","160.15","Y"
"20225788","03/25/2026 04:09:25 PM",,"MED","Y","O","M","24","DE","N","Y","265.03","Y"
"46316","01/09/2025 05:44:28 PM",,"MED","Y","O","M","52","DE","N","N","110-125.25","Y"
"20199263","05/23/2026 02:19:53 PM",,"MAX","Y","W","M","49","DE","N","N","215.51","N"
"20100972","10/28/2025 10:06:14 AM",,"MIN","Y","B","F","43","CS","N","N",,"N"
"20065496","04/29/2026 01:16:56 AM",,"MIN","N","O","M","32","DE","N","Y","110-125.25","N"
"20161546","10/11/2025 08:08:02 PM",,"MED","Y","B","M","27","DE","N","N","130.35","Y"
"20226065","07/27/2023 03:25:00 PM",,"MAX","N","O","M","23","DE","N","Y","125.25","Y"
"20244699","07/14/2025 12:56:16 PM",,"MIN","Y","B","M","58","CS","N","N",,"N"
"20182656","01/26/2024 08:53:00 PM",,"MED","Y","B","M","42","DE","N","Y","125.25","Y"
"20249099","03/02/2026 03:09:06 PM",,"MIN","Y","B","M","30","DE","N","N","120.00","Y"
"137456","05/15/2026 06:45:00 PM",,"MIN","N","B","M","53","DE","N","N","140.20","N"
"20230288","03/21/2024 12:55:18 AM",,"MED","N","O","M","47","DE","N","N","125.25","Y"
"89695","06/05/2026 12:50:38 PM",,"MIN","N","H","M","47","DE","N","N","160.10","N"
"20247782","07/09/2026 11:18:51 AM",,"MIN","N","O","M","48","DE","N","N","155.40","N"
"20225401","05/29/2026 11:30:16 PM",,"MAX","Y","B","M","21","DE","N","Y","220.16","Y"
"20027715","04/11/2026 11:07:00 PM",,"MAX","Y","B","M","33","DE","N","N","120.05","Y"
"20120505","07/08/2026 02:45:23 PM",,"MAX","Y","B","M","34","DE","N","N","140.25","N"
"20222365","12/22/2025 11:52:03 PM",,"MAX","Y","B","M","24","DE","N","Y","265.03","Y"
"20239091","10/03/2024 11:23:55 AM",,"MED","Y","A","M","20","DE","N","N","110-125.25","Y"
"20243515","08/06/2025 12:31:45 PM",,"MED","Y","B","M","29","DE","N","N","160.15","Y"
"20242063","07/10/2026 04:12:31 PM",,"MED","Y","B","M","21","DE","N","N","FOA 900.00","N"
"84475","05/12/2025 08:10:03 PM",,"MAX","Y","B","M","43","DE","N","N","110-125.25","Y"
"20245844","01/10/2026 03:44:30 PM",,"MAX","N","B","M","26","DE","N","N","160.15","Y"
"20098647","07/29/2025 11:52:00 AM",,"MAX","Y","B","M","32","DE","N","Y","140.25","Y"
"20251199","06/13/2026 12:40:44 AM",,"MED","N","B","M","18","DE","N","Y","160.10","N"
"20078598","03/07/2023 06:46:23 PM",,"MAX","Y","B","M","34","DE","N","Y","125.27","Y"
"128577","01/15/2025 03:56:53 PM",,"MED","N","B","M","56","DE","N","Y","120.05","Y"
"20010846","04/22/2026 04:59:48 PM",,"MED","Y","B","M","33","DEP","N","Y","265.03","N"
"20246130","09/19/2025 04:45:09 PM",,"MIN","N","B","M","31","DE","N","N","235.22","N"
"20035917","01/14/2025 12:41:47 AM",,"MED","Y","O","M","44","DE","N","N","160.15","Y"
"20247342","11/19/2025 05:09:34 PM",,"MIN","N","A","M","59","DE","N","N","155.42","N"
"20123044","07/25/2022 11:45:00 PM",,"MED","Y","B","M","55","DE","N","N","125.25","Y"
"27417","04/11/2026 12:24:16 AM",,"MAX","Y","B","F","48","DEP","N","N","VOP","Y"
"20246291","09/26/2025 10:37:09 PM",,"MIN","N","B","M","31","DE","N","N","110-125.25","N"
"20247727","12/10/2025 01:52:08 PM",,"MIN","N","B","M","23","DE","N","N","165.15","Y"
"20197025","06/12/2026 03:38:18 PM",,"MED","Y","O","M","31","DE","N","N","160.15","N"
"20246611","10/13/2025 11:37:27 AM",,"MAX","N","O","M","27","DE","N","Y","110-125.25","Y"
"20035951","02/09/2025 05:25:16 PM",,"MAX","Y","O","M","32","DE","N","N","110-120.10","Y"
"20247054","11/05/2025 07:08:10 PM",,"MED","N","B","M","44","DE","N","N","110-125.25","Y"
"20071305","01/12/2025 08:46:13 PM",,"MAX","Y","B","M","36","DE","N","N","120.05","Y"
"20069213","01/18/2023 04:12:49 PM",,"MED","Y","B","M","49","DE","N","N","125.25","Y"
"20249328","03/13/2026 12:29:00 PM",,"MAX","N","B","M","18","DE","N","Y","110-125.25","Y"
"20242151","03/13/2025 05:03:00 PM",,"MIN","Y","W","M","45","DE","N","N","110-125.25","N"
"10004674","06/29/2026 04:09:00 PM",,"MED","Y","O","M","34","DE","N","N","165.45","N"
"20245572","03/29/2026 01:09:47 AM",,"MED","Y","B","M","22","DE","N","N","160.15","N"
"20241077","07/23/2025 01:35:09 PM",,"MIN","Y","A","F","44","DE","N","N","110-120.10","N"
"20009419","02/13/2023 02:39:56 PM",,"MED","N","O","M","36","DE","N","N","125.27","Y"
"20241121","01/17/2025 03:28:17 AM",,"MIN","Y","W","F","50","DE","N","N","125.21","N"
"20105667","06/20/2026 08:01:04 PM",,"MIN","N","W","M","54","DE","N","N","215.51","N"
"139605","07/08/2026 11:37:18 PM",,"MIN","N","B","M","40","DE","N","Y","265.03","N"
"20245813","09/04/2025 10:25:38 PM",,"MAX","N","B","M","20","DE","N","Y","125.25","Y"
"21889","05/19/2026 04:48:36 PM",,"MED","N","B","M","45","DE","N","N","160.15","N"
"20080581","06/17/2026 06:35:09 PM",,"MED","Y","B","F","50","DE","N","N","160.15","N"
"20188243","03/02/2025 11:38:19 PM",,"MAX","Y","B","M","25","DE","N","Y","110-125.25","Y"
"20251679","07/14/2025 07:23:09 PM",,"MED","Y","B","M","21","DE","N","N","105.17","Y"
"119811","11/04/2023 10:42:00 PM",,"MED","N","B","M","74","DE","N","N","125.25","N"
"20193213","07/02/2026 12:50:59 PM",,"MAX","N","B","M","30","DE","N","N","140.25","N"
"20250844","05/27/2026 05:09:42 PM",,"MAX","N","O","M","21","DE","N","Y","110-125.25","Y"
"20214164","04/30/2026 04:04:42 PM",,"MIN","Y","B","M","43","DE","N","N","120.05","N"
"20251581","07/04/2026 12:08:02 AM",,"MED","N","B","M","29","DE","N","N","110-125.25","N"
"20232320","01/22/2026 02:07:34 PM",,"MED","Y","O","M","42","CS","N","N","130.30","N"
"20093167","07/13/2026 12:04:24 AM",,"MED","N","B","M","30","DE","N","N","120.05","N"
"20001711","10/10/2024 12:27:05 AM",,"MIN","Y","B","M","54","DE","N","N","265.03","N"
"20251085","06/07/2026 11:51:50 PM",,"MED","N","O","M","24","DE","N","N","160.10","N"
"20169038","07/12/2025 06:49:34 PM",,"MAX","Y","O","M","32","DE","N","Y","140.25","Y"
"20248760","02/11/2026 01:20:56 AM",,"MIN","Y","O","M","40","DE","N","N","220.21","N"
"20100168","04/03/2026 12:37:58 AM",,"MIN","Y","B","M","33","DE","N","N","140.20","N"
"1264","02/02/2024 12:33:00 AM",,"MED","Y","B","M","41","DE","N","N","110-125.27","Y"
"20045404","07/11/2026 03:24:00 PM",,"MAX","Y","O","M","45","DE","N","N","110-160.15","N"
"26092","07/13/2026 07:08:56 PM",,"MIN","N","O","M","45","DE","N","N","155.25","N"
"20244849","03/29/2026 11:55:54 AM",,"MAX","Y","B","M","35","DE","N","N","160.10","Y"
"20186597","01/10/2026 08:43:00 PM",,"MED","Y","B","M","26","DE","N","N","265.03","N"
"20195578","04/11/2025 12:23:46 AM",,"MAX","Y","B","M","35","DE","N","Y","120.05","Y"
"71519","05/25/2025 12:07:00 AM",,"MAX","Y","O","M","39","DE","N","N","215.51","Y"
"147154","03/24/2026 12:40:57 AM",,"MIN","Y","W","M","60","CSP","N","N","155.25","N"
"144832","06/15/2026 03:52:58 PM",,"MAX","Y","O","M","59","DE","N","N","265.03","N"
"59750","06/25/2026 01:12:00 AM",,"MIN","N","B","M","59","DE","N","N","140.20","N"
"20023512","01/12/2023 02:50:57 PM",,"MED","N","B","M","31","DE","N","N","125.25","Y"
"20181387","02/28/2026 09:48:00 PM",,"MAX","Y","B","M","40","DEP","N","N","125.25","Y"
"138723","03/19/2026 09:04:13 PM",,"MIN","Y","W","M","55","DE","N","N","220.39","N"
"20025292","06/19/2025 08:14:18 PM",,"MED","Y","O","M","40","DE","N","N","220.21","Y"
"20179948","06/09/2026 04:32:01 PM",,"MAX","Y","B","M","30","DEP","N","N","140.20","N"
"20223789","05/29/2025 12:28:33 AM",,"MIN","Y","W","M","51","DE","N","N","145.05","N"
"20126177","06/25/2026 12:53:54 PM",,"MIN","N","W","M","46","DE","N","N","265.01B","N"
"20249191","03/12/2026 05:44:47 PM",,"MED","N","O","M","21","DE","N","N","160.15","Y"
"20247154","06/24/2026 12:07:18 AM",,"MIN","Y","B","F","52","DE","N","N","140.25","N"
"20229357","12/16/2025 11:29:21 AM",,"MIN","Y","O","M","34","CS","N","N","110-220.09","N"
"20242030","05/09/2026 12:57:42 PM",,"MIN","N","O","M","33","DE","N","N","215.55","N"
"20060641","08/03/2024 08:25:00 PM",,"MED","Y","O","M","34","DE","N","N","110-125.25","Y"
"20902","06/05/2026 10:02:38 PM",,"MIN","N","B","M","74","DE","N","N","110-125.25","N"
"20244122","06/12/2026 03:33:17 PM",,"MAX","N","O","M","28","DE","N","N","160.15","N"
"20248996","04/30/2026 01:08:53 AM",,"MIN","Y","B","F","37","DE","N","N","140.20","N"
"117275","01/25/2024 03:57:00 PM",,"MED","Y","B","F","35","DE","N","N","125.25","Y"
"20227645","05/15/2026 01:10:25 AM",,"MIN","Y","B","M","42","DE","N","N","120.05","N"
"20226822","06/06/2026 01:23:01 PM",,"MIN","Y","B","F","49","DE","N","N","160.05","N"
"10005269","12/04/2024 06:11:32 PM",,"MED","N","O","M","41","DE","N","N","125.25","Y"
"108145","06/30/2026 11:42:50 PM",,"MED","N","B","M","35","DE","N","N","160.15","N"
"3562","08/28/2025 06:50:00 PM",,"MAX","N","B","M","41","DE","N","Y","120.05","Y"
"20250512","05/11/2026 12:04:14 PM",,"MIN","N","W","M","64","DE","N","N","110-140.30","N"
"75810","07/08/2026 11:27:00 PM",,"MIN","N","B","M","51","DE","N","N","140.20","N"
"20064924","11/19/2025 08:14:42 PM",,"MED","Y","O","M","33","DE","N","Y","265.03","Y"
"20188900","10/16/2025 04:31:15 PM",,"MED","N","O","M","40","DNS","N","N",,"Y"
"20212657","06/03/2026 05:26:00 PM",,"MED","N","B","M","44","DE","N","N","265.02","N"
"46831","06/10/2026 05:28:19 PM",,"MIN","N","O","M","39","DE","N","N","155.35","N"
"21017","02/05/2026 01:27:34 AM",,"MIN","N","B","M","62","DE","N","N","140.25","N"
"20051489","08/13/2025 12:11:30 PM",,"MIN","Y","B","M","56","DE","N","N","265.03","N"
"20249868","04/10/2026 12:45:27 PM",,"MIN","Y","B","M","28","DE","N","N","140.20","N"
"20248133","06/18/2026 01:39:16 AM",,"MED","Y","O","F","34","DE","N","N","215.50","N"
"20152423","05/23/2026 04:44:22 PM",,"MED","N","W","M","36","DE","N","N","140.20","N"
"20120826","06/13/2025 05:02:21 PM",,"MAX","N","B","M","30","DE","N","Y","220.39","Y"
"20243202","05/04/2025 05:10:48 PM",,"MED","Y","B","M","20","DE","N","Y","265.03","Y"
"20215865","06/17/2026 04:38:19 PM",,"MIN","N","B","M","25","DE","N","N","265.03","N"
"25150","03/28/2026 08:30:42 PM",,"MED","N","O","F","43","SSR","N","N",,"N"
"20159241","04/17/2026 11:43:18 AM",,"MED","Y","O","M","29","DE","N","N","140.25","N"
"20231915","06/11/2024 05:41:05 PM",,"MED","N","O","M","25","DE","N","N","125.20","Y"
"20238816","06/26/2025 02:21:07 AM",,"MED","N","B","M","20","DE","N","N","110-125.25","Y"
"59031","03/05/2026 01:10:55 PM",,"MED","N","B","M","59","DE","N","N","155.30","Y"
"20235610","04/21/2026 12:54:53 PM",,"MIN","N","B","M","52","DE","N","N","265.03","N"
"3425","03/24/2026 08:23:00 PM",,"MED","Y","B","M","46","DE","N","N","160.05","Y"
"76686","04/25/2026 05:14:00 PM",,"MED","N","B","M","42","DE","N","N","110-125.25","N"
"20246356","11/15/2025 12:10:25 PM",,"MIN","Y","B","M","20","DE","N","N","140.20","Y"
"20243152","03/03/2026 03:28:14 PM",,"MAX","Y","B","M","21","DE","N","Y","265.03","Y"
"20249785","04/07/2026 03:54:00 PM",,"MED","Y","O","M","24","DE","N","N","125.25","N"
"20242530","04/02/2025 03:39:59 PM",,"MAX","Y","B","F","23","DE","N","N","125.25","Y"
"20175603","03/05/2025 09:34:06 PM",,"MAX","Y","U","M","27","DE","N","Y","125.15","Y"
"20232766","07/08/2026 08:17:52 PM",,"MED","N","O","M","22","DE","N","N","140.20","N"
"144480","06/27/2026 08:45:36 AM",,"MAX","Y","B","M","35","DE","N","N","160.10","N"
"88315","06/11/2025 07:58:45 PM",,"MAX","Y","B","M","39","DE","N","N","110-125.25","Y"
"20238693","04/08/2026 02:03:43 AM",,"MIN","N","W","M","38","DE","N","N","265.02","N"
"20074721","03/04/2025 03:02:30 PM",,"MIN","N","B","M","32","DE","N","N","110-125.25","N"
"20251110","06/30/2026 01:23:47 PM",,"MED","Y","O","F","19","DE","N","N","110-125.25","N"
"20225703","07/07/2023 05:37:20 PM",,"MAX","N","O","M","22","DE","N","Y","125.25","Y"
"20247734","12/10/2025 05:11:26 PM",,"MIN","N","B","M","20","DE","N","Y","265.03","Y"
"20249455","03/19/2026 08:35:59 PM",,"MED","Y","O","M","32","DE","N","N","AC 000.00","Y"
"101186","05/27/2023 04:17:24 PM",,"MED","N","B","M","41","SSR","N","Y",,"Y"
"83907","06/03/2025 12:46:13 AM",,"MAX","N","B","M","65","DE","N","N","140.25","Y"
"783","07/10/2026 05:02:45 PM",,"MED","N","W","M","47","DE","N","Y","FOA 900.00","N"
"20224607","05/12/2023 12:33:13 PM",,"MED","Y","O","M","22","DE","N","N","125.25","Y"
"10000114","01/08/2026 09:00:04 AM",,"MIN","N","B","M","43","DE","N","N","160.15","N"
"20246837","04/28/2026 12:00:33 PM",,"MED","Y","O","M","19","DE","N","Y","160.15","N"
"10004436","03/04/2026 05:36:06 PM",,"MAX","Y","O","M","36","DE","N","Y","120.10","N"
"20244202","06/20/2025 12:05:32 AM",,"MIN","N","B","M","31","DE","N","N","110-125.25","N"
"20101333","12/05/2025 02:52:43 PM",,"MIN","N","W","M","45","DE","N","N","220.18","N"
"20250273","04/30/2026 12:40:12 AM",,"MIN","N","O","M","32","DE","N","N","220.39","N"
"20247861","12/17/2025 08:37:45 PM",,"MED","N","O","M","20","DE","N","Y","110-125.25","Y"
"20242958","04/15/2026 12:58:33 PM",,"MED","Y","A","M","30","CS","N","N",,"N"
"20044532","05/18/2026 11:24:59 AM",,"MED","Y","O","M","37","DE","N","N","140.30","N"
"109470","06/07/2024 11:02:27 AM",,"MAX","Y","O","M","38","DE","N","N","120.10","Y"
"6459","08/28/2025 10:11:16 PM",,"MAX","Y","B","M","42","DEP","N","N","125.25","Y"
"20246441","10/05/2025 01:24:03 AM",,"MED","N","B","M","52","DE","N","N","220.21","N"
"20227172","04/26/2025 01:32:28 AM",,"MED","N","B","M","24","DE","N","N","125.25","Y"
"20245941","09/11/2025 01:01:00 AM",,"MED","Y","O","M","24","DE","N","N","160.15","Y"
"20177728","06/25/2025 12:00:51 AM",,"MED","N","B","M","27","DE","N","Y","130.35","Y"
"20249996","04/16/2026 12:18:25 PM",,"MIN","N","B","M","24","CS","N","N",,"N"
"20208405","04/25/2026 12:04:00 PM",,"MAX","N","B","M","32","DE","N","N","110-125.25","Y"
"20248612","02/02/2026 12:28:00 AM",,"MIN","N","O","M","55","DE","N","N","260.10","N"
"20239059","05/02/2026 12:23:00 PM",,"MED","Y","B","M","20","DE","N","Y","265.03","Y"
"20224807","06/13/2026 12:31:30 PM",,"MAX","N","O","M","31","DE","N","N","130.35","N"
"45489","02/21/2026 08:57:53 PM",,"MIN","Y","B","M","64","CS","N","N","215.55","N"
"20251671","07/08/2026 09:06:08 PM",,"MIN","N","O","M","45","DE","N","N","140.25","N"
"10005664","10/16/2025 05:30:19 PM",,"MED","Y","B","M","58","DE","N","N","130.35","N"
"20163657","07/04/2026 04:46:43 PM",,"MAX","N","O","M","28","DE","N","Y","120.05","N"
"20250315","05/02/2026 12:05:00 PM",,"MED","Y","B","M","48","DE","N","N","220.16","Y"
"20194225","01/16/2026 12:54:24 PM",,"MAX","Y","O","M","30","DE","N","N","140.25","Y"
"20245660","05/08/2026 09:02:18 PM",,"MIN","Y","B","M","39","DE","N","N","140.20","N"
"20045716","06/26/2025 05:45:19 PM",,"MIN","N","B","M","44","DE","N","N","110-125.25","N"
"20232045","06/18/2026 03:54:58 PM",,"MIN","N","O","M","35","DE","N","N","110-265.03","N"
"20168522","02/22/2026 12:48:27 PM",,"MED","Y","B","M","40","DE","N","N","140.20","Y"
"20251644","07/07/2026 01:58:11 PM",,"MED","Y","B","M","50","DE","N","N","120.05","N"
"20229529","03/18/2026 12:15:26 AM",,"MAX","N","O","M","24","DE","N","Y","110-125.25","Y"
"20206824","06/04/2025 11:22:15 AM",,"MAX","Y","B","M","24","DE","N","Y","130.35","Y"
"68797","06/30/2026 06:43:04 PM",,"MAX","Y","B","M","40","DE","N","Y","125.25","Y"
"20147805","01/05/2026 02:15:46 PM",,"MIN","Y","U","M","39","DE","N","N","140.25","Y"
"20202934","06/13/2025 07:39:20 PM",,"MED","Y","B","M","30","DE","N","N","120.10","N"
"135381","06/26/2026 10:28:18 AM",,"MIN","Y","W","M","62","DE","N","N","110-140.20","N"
"20240802","05/29/2026 01:18:56 PM",,"MIN","N","O","M","25","DNS","N","N","110-120.10","N"
"20230614","10/01/2025 02:28:15 AM",,"MED","Y","B","M","24","DE","N","N","160.10","N"
"20251588","07/04/2026 01:16:43 AM",,"MED","N","O","M","18","DE","N","N","160.10","N"
"20068205","06/14/2026 01:47:14 AM",,"MIN","N","B","M","34","CS","N","N",,"N"
"105389","05/21/2025 04:21:02 PM",,"MIN","N","B","M","36","DE","N","N","110-120.10","Y"
"20249844","04/09/2026 04:51:09 PM",,"MED","N","B","M","23","DE","N","Y","105.17","Y"
"20233256","08/14/2024 03:16:14 PM",,"MAX","Y","B","M","23","DE","N","Y","125.25","Y"
"106778","05/01/2026 11:29:00 PM",,"MIN","N","B","M","54","DE","N","N","110-125.25","N"
"20238284","08/24/2024 10:15:00 PM",,"MED","N","B","M","31","DE","N","N","230.34","Y"
"20247062","11/06/2025 12:35:05 AM",,"MED","N","B","M","21","DE","N","N","110-125.25","Y"
"20158630","08/09/2025 07:43:07 PM",,"MED","Y","B","M","36","DE","N","N","160.05","Y"
"20224926","05/29/2023 01:23:32 PM",,"MED","Y","A","F","43","DE","N","N","135.25","Y"
"155134","09/26/2024 07:19:40 PM",,"MED","Y","B","M","68","DE","N","N","140.20","N"
"20251453","06/26/2026 08:54:01 PM",,"MED","N","B","M","18","DE","N","N","265.03","N"
"20228203","12/31/2024 03:27:54 AM",,"MED","Y","B","M","21","DE","N","Y","110-125.27","Y"
"20222387","05/01/2026 01:16:24 AM",,"MIN","Y","B","M","33","DE","N","N","120.14","Y"
"20249311","03/12/2026 04:10:11 PM",,"MIN","N","O","M","42","DE","N","N","220.21","N"
"20250124","04/22/2026 01:22:30 AM",,"MIN","N","O","M","27","DE","N","N","160.10","N"
"20171507","04/02/2026 05:02:54 PM",,"MAX","Y","O","M","32","CS","N","N","215.56","N"
"20248084","01/02/2026 12:40:16 PM",,"MIN","Y","O","M","27","DE","N","N","140.25","N"
"20246682","03/17/2026 01:21:16 PM",,"MIN","N","O","M","37","CS","N","N",,"N"
"20134912","02/11/2026 04:18:49 PM",,"MED","Y","O","M","49","DE","N","N","125.25","N"
"20248844","02/15/2026 12:47:09 AM",,"MED","N","O","M","21","DE","N","N","110-125.25","Y"
"20034608","04/25/2026 04:28:08 PM",,"MAX","Y","B","M","32","DE","N","N","160.10","N"
"20203483","06/23/2026 12:20:34 PM",,"MIN","Y","O","M","48","DE","N","N","220.39","N"
"20102363","07/02/2026 04:55:19 PM",,"MIN","N","B","M","32","DE","N","N","265.03","N"
"20243426","05/15/2026 12:33:54 PM",,"MED","Y","O","M","40","DE","N","N","220.16","N"
"20213416","05/25/2026 03:24:55 PM",,"MED","Y","O","M","38","DE","N","N","120.05","N"
"75412","03/18/2026 10:37:00 PM",,"MAX","Y","O","M","55","DE","N","N","140.25","N"
"20222487","05/13/2026 12:44:58 PM",,"MED","N","B","M","49","CS","N","N",,"N"
"20184969","09/02/2025 04:57:13 PM",,"MED","N","B","M","41","DE","N","N","265.03","N"
"20173802","06/18/2026 07:28:10 AM",,"MED","Y","B","M","34","DE","N","N","140.25","N"
"20106514","06/17/2026 12:35:07 PM",,"MED","Y","O","M","36","DE","N","N","265.02","N"
"69891","05/09/2026 04:27:05 PM",,"MED","Y","B","M","37","DE","N","N","120.05","Y"
"136543","04/29/2026 12:23:58 AM",,"MED","Y","B","M","40","CS","N","N",,"N"
"20248800","02/13/2026 01:23:52 PM",,"MIN","Y","B","M","41","DE","N","N","110-125.25","Y"
"49063","05/19/2026 08:11:32 PM",,"MIN","N","O","M","58","DE","N","N","160.10","N"
"20248412","01/21/2026 12:18:34 PM",,"MAX","Y","O","M","22","DE","N","N","220.16","Y"
"20096831","01/22/2026 11:08:05 AM",,"MED","Y","B","F","30","DE","N","N","265.03","Y"
"20251034","06/05/2026 10:57:22 AM",,"MIN","N","O","M","30","DNS","N","N",,"N"
"20192204","09/16/2025 11:50:00 AM",,"MAX","Y","B","M","31","DE","N","N","120.05","Y"
"110103","11/15/2024 11:52:52 AM",,"MED","Y","B","M","54","DE","N","N","125.25","N"
"20242065","03/10/2025 07:18:00 PM",,"MIN","Y","B","F","47","DE","N","N","140.25","Y"
"20220834","05/17/2026 11:43:33 PM",,"MAX","Y","O","M","35","DEP","N","N","140.20","N"
"20241378","01/30/2025 05:31:18 PM",,"MED","N","O","M","26","DE","N","N","125.25","N"
"37393","05/27/2026 09:03:12 PM",,"MIN","N","B","M","47","DE","N","N","120.10","N"
"20245197","08/07/2025 01:00:10 PM",,"MED","Y","B","M","19","DE","N","N","125.25","Y"
"20247422","11/22/2025 02:37:08 PM",,"MAX","Y","B","F","31","DE","N","N","140.25","Y"
"20251529","07/01/2026 04:16:12 PM",,"MIN","N","O","M","26","DNS","N","N","265.03","N"
"20231219","05/06/2024 05:23:19 PM",,"MED","Y","O","M","21","DE","N","Y","125.25","Y"
"20061561","03/13/2024 04:34:55 PM",,"MED","Y","B","M","32","DE","N","N","125.25","Y"
"20208685","04/24/2026 11:26:25 AM",,"MIN","Y","O","M","37","DE","N","N","140.25","N"
"20230781","04/15/2024 03:38:17 PM",,"MAX","Y","O","M","20","DE","N","N","125.25","Y"
"20231890","05/09/2025 11:46:00 PM",,"MED","Y","B","M","21","DE","N","Y","110-125.25","Y"
"20249845","04/09/2026 04:54:00 PM",,"MIN","N","O","M","30","DE","N","N","160.15","N"
"20238867","01/21/2026 10:38:44 AM",,"MIN","Y","B","M","36","DE","N","N","110-125.25","N"
"61990","03/28/2026 11:27:00 PM",,"MIN","Y","W","M","60","CS","N","N","155.25","N"
"20250961","06/01/2026 04:36:20 PM",,"MED","Y","B","M","21","DE","N","N","125.25","N"
"20151332","03/19/2025 10:43:45 AM",,"MAX","Y","B","M","33","DE","N","N","105.10","Y"
"20210351","05/04/2026 02:41:37 PM",,"MIN","Y","O","M","27","DE","N","N","140.20","N"
"20247519","11/28/2025 12:20:22 PM",,"MIN","Y","W","M","51","DE","N","N","120.25","N"
"20215602","01/27/2026 01:21:45 PM",,"MIN","N","B","M","26","CS","N","N",,"N"
"87291","06/06/2026 04:58:37 PM",,"MAX","Y","O","M","35","DE","N","Y","110-125.25","N"
"20248742","02/10/2026 01:00:56 PM",,"MED","N","B","M","20","DE","N","Y","105.10","Y"
"20200580","04/08/2026 06:08:07 PM",,"MIN","N","B","M","40","DE","N","N","FOA 900.00","N"
"20209157","01/31/2020 01:30:00 PM",,"MED","Y","B","M","31","DE","N","N","125.25","N"
"71997","12/13/2025 01:00:09 PM",,"MIN","Y","B","M","45","CS","N","N",,"N"
"10000844","10/29/2025 01:51:36 AM",,"MIN","N","O","M","36","DE","N","N","120.07","Y"
"68588","07/08/2026 12:19:00 PM",,"MIN","N","B","M","57","DE","N","N","160.15","N"
"20089092","11/08/2024 04:57:00 PM",,"MED","N","B","M","47","SSR","N","N","110-265.03","Y"
"20227439","04/02/2026 12:46:25 PM",,"MED","Y","O","M","78","SSR","N","N",,"N"
"20251722","07/11/2026 01:05:16 PM",,"MIN","N","O","F","19","DE","N","N","265.03","N"
"20241851","02/27/2025 09:22:42 PM",,"MIN","N","B","M","58","DE","N","N","120.10","Y"
"20031120","07/09/2026 09:20:12 PM",,,"N","O","M","61","DEP","N","N","VOP","N"
"20231922","06/11/2024 11:31:41 PM",,"MED","Y","B","M","60","DE","N","N","130.35","N"
"20028725","03/07/2025 04:15:00 PM",,"MAX","Y","B","M","34","DE","N","Y","110-125.25","Y"
"20247859","12/17/2025 05:21:43 PM",,"MED","Y","B","M","28","DE","N","N","160.10","N"
"20249411","03/17/2026 05:26:46 PM",,"MIN","N","O","M","32","DE","N","N","140.20","N"
"114973","05/20/2026 01:24:44 PM",,"MAX","Y","B","M","38","DE","N","Y","110-125.25","Y"
"144653","08/22/2025 01:49:29 AM",,"MAX","Y","O","M","34","DE","N","Y","125.25","Y"
"68386","12/23/2025 03:40:02 PM",,"MIN","Y","O","M","46","CS","N","N","140.20","Y"
"105794","06/12/2026 11:33:41 PM",,"MED","Y","B","M","49","DE","N","N","140.20","N"
"20225671","04/10/2026 06:31:49 PM",,"MED","Y","U","M","23","DE","N","Y","110-125.25","N"
"20076197","05/04/2026 12:58:38 AM",,"MED","Y","B","M","59","DE","N","N","120.05","N"
"20169608","07/10/2026 08:57:25 AM",,"MAX","Y","B","M","31","DEP","N","Y","110-120.10","N"
"110443","07/09/2026 12:40:20 PM",,"MIN","Y","W","M","42","DE","N","N","155.25","N"
"20217832","06/23/2026 03:52:22 PM",,"MAX","Y","B","M","35","DE","N","N","110-120.10","N"
"20251569","07/03/2026 04:55:45 PM",,"MED","N","O","M","18","DE","N","N","165.45","N"
"20251749","07/12/2026 05:51:01 PM",,"MIN","Y","W","M","34","DE","N","N","155.25","N"
"20239935","07/01/2026 11:26:20 AM",,"MIN","N","B","M","21","SSR","N","Y","110-265.03","N"
"20228500","12/10/2023 01:33:04 PM",,"MED","Y","O","M","40","DE","N","N","125.27","Y"
"20169791","07/09/2026 02:27:13 AM",,"MED","N","O","M","28","DE","N","N","120.05","N"
"20251149","06/11/2026 12:14:01 AM",,"MED","Y","W","M","21","DE","N","N","120.05","N"
"20124200","08/02/2025 01:06:55 AM",,"MED","Y","B","M","32","DE","N","N","160.05","Y"
"4025","09/23/2025 10:15:34 PM",,"MED","Y","B","M","37","DE","N","Y","125.25","N"
"20250748","05/21/2026 03:55:55 PM",,"MED","N","O","M","22","DE","N","Y","105.17","Y"
"20162423","01/07/2026 12:52:37 AM",,"MAX","Y","A","M","26","DEP","N","Y","140.30","Y"
"20040075","04/08/2026 01:43:56 AM",,"MED","Y","B","M","51","DEP","N","N","160.15","N"
"20244147","06/17/2025 08:13:10 PM",,"MIN","Y","O","M","52","DE","N","N","220.21","N"
"95628","03/30/2023 05:31:00 PM",,"MED","N","B","M","50","DE","N","N","125.25","Y"
"88766","01/16/2026 05:57:08 PM",,"MAX","Y","U","M","41","DE","N","N","160.15","Y"
"20250334","05/03/2026 01:02:34 PM",,"MIN","Y","B","M","39","DE","N","N","220.39","N"
"20249161","03/05/2026 12:47:42 PM",,"MIN","N","W","M","32","DE","N","N","121.12","N"
"20249436","06/23/2026 12:52:56 AM",,"MED","Y","O","M","21","DE","N","N","160.10","N"
"20115015","05/08/2025 11:36:45 AM",,"MIN","Y","O","M","30","DE","N","N","265.03","Y"
"20188768","11/14/2024 12:52:31 AM",,"MED","Y","A","M","38","SSR","N","N",,"Y"
"103566","06/28/2026 10:07:41 AM",,"MAX","N","B","M","61","DE","N","N","220.16","N"
"57111","01/05/2026 05:01:56 PM",,"MED","N","O","M","49","DE","N","N","130.53","N"
"20241427","12/26/2025 09:43:24 AM",,"MIN","N","A","M","30","DE","N","N","230.34","N"
"20218617","05/07/2026 04:32:10 PM",,"MED","N","B","M","27","DE","N","Y","120.05","N"
"20069995","06/27/2024 11:57:59 PM",,"MAX","Y","O","M","31","DE","N","Y","110-125.25","Y"
"20135437","02/08/2023 11:49:15 AM",,"MED","Y","B","M","41","DE","N","N","125.25","Y"
"20049792","03/25/2026 07:43:00 PM",,"MED","N","O","M","48","DE","N","N","140.25","N"
"80759","07/27/2024 04:26:45 PM",,"MED","Y","O","M","65","DEP","N","N","125.25","Y"
"159642","10/24/2025 04:07:11 PM",,"MAX","Y","O","M","68","DE","N","N","125.25","N"
"20238375","08/30/2024 01:10:21 PM",,"MAX","N","B","M","28","DE","N","Y","125.25","Y"
"20097802","10/24/2025 11:44:52 AM",,"MED","N","B","M","31","DE","N","N","265.03","N"
"20057499","10/13/2024 04:50:29 PM",,"MAX","Y","O","M","33","DE","N","Y","110-125.25","Y"
"20091266","07/27/2025 12:49:44 AM",,"MAX","Y","B","M","41","DE","N","N","110-125.27","Y"
"20163836","05/21/2026 12:46:30 AM",,"MED","Y","O","F","36","DE","N","N","140.20","N"
"20120798","07/07/2026 02:10:51 PM",,"MED","Y","B","M","33","DE","N","N","120.05","N"
"20066354","07/04/2026 04:58:54 PM",,"MIN","N","O","M","43","DE","N","N","110-120.10","N"
"20231802","06/06/2024 12:21:51 PM",,"MED","Y","B","M","56","DE","N","N","125.25","Y"
"20227465","11/03/2025 12:20:52 AM",,"MED","N","B","M","22","DE","N","N","265.03","Y"
"20238407","09/01/2024 01:19:37 AM",,"MAX","N","U","M","26","DE","N","Y","125.25","Y"
"20203920","05/29/2025 12:51:00 PM",,"MAX","N","B","M","27","DE","N","Y","110-125.25","Y"
"20249952","04/14/2026 06:55:04 PM",,"MED","Y","B","M","21","DE","N","N","110-125.25","Y"
"72949","04/24/2026 12:40:25 AM",,"MED","N","O","M","52","CS","N","N","155.25","N"
"7041","03/08/2024 04:43:36 PM",,"MIN","Y","B","M","46","DE","N","N","265.03","N"
"20094171","07/08/2025 06:41:49 PM",,"MAX","Y","B","M","30","DE","N","N","110-125.25","Y"
"79935","07/01/2023 05:00:47 PM",,"MED","Y","O","M","49","DEP","N","N","120.10","N"
"33976","08/11/2025 04:46:00 PM",,"MED","Y","O","M","49","DE","N","N","140.25","Y"
"20844","06/08/2026 12:50:00 PM",,"MIN","N","B","M","63","DE","N","N","140.20","N"
"20231519","11/19/2025 04:45:59 PM",,"MED","N","B","M","21","DE","N","Y","105.15","Y"
"20228430","12/07/2023 12:29:07 AM",,"MED","N","A","M","43","DE","N","N","130.95","Y"
"20231191","08/23/2025 12:51:44 AM",,"MAX","N","O","M","27","DE","N","N","110-125.25","Y"
"20248390","01/20/2026 12:26:29 PM",,"MIN","Y","B","F","22","DE","N","N","110-125.25","Y"
"20251098","06/08/2026 06:31:55 PM",,"MIN","N","M","M","20","DE","N","N","260.10","N"
"168627","02/06/2026 11:59:00 AM",,"MIN","N","O","M","42","DE","N","N","140.25","Y"
"20245302","05/27/2026 01:03:16 AM",,"MED","Y","B","M","29","DE","N","N","140.25","N"
"20251101","06/08/2026 07:58:00 PM",,"MIN","Y","O","M","28","DE","N","N","110-160.10","N"
"20250803","05/25/2026 06:20:55 PM",,"MED","N","O","M","22","DE","N","Y","160.15","Y"
"20078531","07/04/2026 05:08:21 PM",,"MAX","Y","O","M","31","DE","N","Y","140.20","N"
"20251334","06/20/2026 04:31:33 PM",,"MED","N","O","M","25","DE","N","N","130.35","N"
"20204648","12/04/2025 08:01:32 PM",,"MED","N","B","M","31","DE","N","Y","215.51","Y"
"166223","04/17/2025 08:53:58 PM",,"MIN","N","U","M","44","DE","N","N","105.15","N"
"20009184","12/30/2025 01:23:55 AM",,"MAX","Y","B","M","33","CSP","N","Y","120.05","N"
"20240794","12/31/2024 11:18:55 AM",,"MAX","N","O","M","24","SSR","N","N",,"Y"
"20198812","08/06/2021 10:08:00 PM",,"MED","Y","W","M","53","DE","N","N","125.25","Y"
"20183297","06/06/2026 06:15:47 PM",,"MED","Y","B","M","36","DE","N","N","160.10","N"
"20168487","05/31/2026 11:38:21 AM",,"MED","Y","W","M","60","DEP","N","N","140.25","N"
"20018465","09/30/2025 04:15:21 PM",,"MIN","Y","B","M","57","DE","N","N","160.15","N"
"20218972","12/30/2025 12:01:00 AM",,"MED","Y","O","M","35","DE","N","N","160.15","Y"
"20249404","03/17/2026 12:42:09 PM",,"MAX","N","O","M","18","DE","N","N","160.15","Y"
"20247484","11/26/2025 12:22:56 AM",,"MIN","N","A","M","36","DE","N","N","220.21","N"
"20201023","03/01/2026 02:39:00 PM",,"MIN","Y","B","F","40","CS","N","N","140.20","N"
"20246887","10/27/2025 03:50:56 PM",,"MED","Y","B","M","20","DE","N","Y","105.15","Y"
"20251554","07/02/2026 04:02:25 PM",,"MED","N","B","M","26","DE","N","N","140.25","N"
"20251632","07/06/2026 05:06:32 PM",,"MIN","N","O","F","41","CS","N","N","155.25","N"
"170758","04/18/2026 02:15:45 PM",,"MED","Y","B","M","37","DE","N","N","160.10","Y"
"20229158","03/04/2025 11:53:45 AM",,"MAX","Y","B","M","29","DE","N","N","110-125.25","N"
"131605","02/04/2026 11:44:41 PM",,"MIN","N","O","M","58","DE","N","N","220.21","N"
"34960","02/13/2026 12:10:25 PM",,"MIN","N","B","M","42","CS","N","N",,"N"
"20102802","04/30/2026 12:02:28 PM",,"MAX","Y","B","M","31","DE","N","Y","125.25","Y"
"20251121","06/09/2026 06:42:25 PM",,"MIN","Y","A","M","25","DE","N","N","160.10","N"
"44434","03/28/2026 08:53:56 PM",,"MED","Y","B","M","43","DE","N","N","110-125.25","N"
"16674","05/06/2026 12:17:25 PM",,"MAX","Y","B","M","40","CS","N","N","120.05","N"
"20152999","06/27/2026 06:50:57 PM",,"MIN","Y","B","M","29","DE","N","N","110-125.25","N"
"20080801","08/01/2025 06:08:13 PM",,"MED","Y","W","M","38","DE","N","N","130.96","Y"
"101852","06/04/2026 01:00:16 PM",,"MIN","Y","B","M","39","DE","N","N","120.05","Y"
"20248809","02/13/2026 06:58:56 PM",,"MIN","Y","W","F","50","DE","N","N","120.05","N"
"20249958","04/14/2026 08:45:33 PM",,"MIN","N","O","M","34","DE","N","N","220.21","N"
"88672","01/23/2025 08:45:20 PM",,"MED","Y","B","F","70","DE","N","N","120.05","Y"
"20233195","04/01/2026 05:36:00 PM",,"MED","Y","A","M","54","DE","N","N","160.15","Y"
"20107099","09/15/2025 12:52:55 AM",,"MAX","N","B","M","29","DEP","N","Y","220.16","Y"
"20226035","07/26/2023 11:36:41 AM",,"MAX","N","B","M","25","DE","N","Y","105.15","Y"
"20169005","08/23/2024 01:51:55 AM",,"MED","Y","W","M","46","DE","N","N","110-125.25","Y"
"20091273","02/13/2026 07:41:30 PM",,"MAX","Y","O","M","30","DE","N","N","160.10","Y"
"20239515","10/25/2024 03:44:33 PM",,"MAX","Y","O","M","28","DE","N","Y","125.25","Y"
"20242871","04/18/2025 04:08:45 PM",,"MED","Y","O","M","21","DE","N","N","110-125.25","Y"
"20225482","04/06/2026 12:39:32 PM",,"MED","Y","O","M","40","CS","N","N",,"Y"
"20231905","12/14/2025 12:40:19 PM",,"MAX","Y","B","M","24","DE","N","N","120.02","N"
"20251073","06/07/2026 01:01:25 PM",,"MED","N","W","M","52","DE","N","N","FOA 900.00","N"
"20250271","04/30/2026 12:02:13 AM",,"MIN","Y","B","M","24","CS","N","N","215.55","N"
"20210002","07/01/2026 01:07:54 AM",,"MAX","Y","B","M","35","DE","N","Y","220.16","N"
"20251360","06/22/2026 03:33:59 PM",,"MED","N","O","M","20","DE","N","N","130.65","N"
"20085018","06/26/2026 07:56:41 PM",,"MED","N","B","M","35","DE","N","N","120.14","N"
"20216459","06/15/2025 06:35:00 PM",,"MED","N","B","M","23","DE","N","Y","160.15","Y"
"20214443","07/28/2023 12:24:31 AM",,"MED","Y","B","M","32","DE","N","N","125.25","Y"
"20232939","06/25/2025 01:06:00 AM",,"MED","Y","B","M","21","DE","N","Y","110-125.25","Y"
"20013483","12/17/2025 11:56:08 AM",,"MIN","N","W","M","43","DE","N","N","220.21","N"
"9852","09/30/2025 11:26:29 PM",,"MIN","N","O","M","50","DE","N","N","220.21","N"
"20047952","06/08/2026 03:52:20 PM",,"MAX","Y","B","M","44","DE","N","N","160.15","N"
"20248596","02/04/2026 12:13:29 PM",,"MIN","Y","O","F","31","DE","N","N","140.30","Y"
"20222620","01/13/2023 09:51:33 PM",,"MED","Y","B","M","59","DE","N","N","125.25","Y"
"20188439","02/22/2026 01:13:03 AM",,"MIN","N","O","M","46","CS","N","N","215.55","Y"
"20195560","11/07/2025 04:25:14 PM",,"MAX","Y","B","M","26","DE","N","Y","265.03","Y"
"20218015","07/02/2025 12:36:27 PM",,"MED","Y","A","M","45","DE","N","N","125.25","N"
"20240715","12/25/2024 12:09:12 AM",,"MAX","Y","B","M","19","DE","N","Y","110-125.25","Y"
"20246383","10/02/2025 01:09:46 AM",,"MIN","Y","O","M","29","CS","N","N","110-160.10","Y"
"20177518","05/10/2026 12:50:02 AM",,"MIN","Y","O","M","36","DE","N","N","120.05","N"
"20249443","03/19/2026 10:31:37 AM",,"MIN","Y","B","M","37","DE","N","N","120.05","N"
"20058980","03/03/2026 01:38:08 PM",,"MED","N","B","M","31","DE","N","N","110-125.25","Y"
"20231982","05/23/2026 12:15:52 PM",,"MED","Y","W","M","36","DE","N","N","140.20","N"
"20246472","10/06/2025 06:30:03 PM",,"MED","N","B","M","19","DE","N","N","125.25","Y"
"20251027","06/04/2026 06:55:36 PM",,"MIN","Y","O","M","25","DE","N","N","160.15","N"
"20095375","02/25/2026 07:31:48 PM",,"MIN","N","O","M","52","DE","N","N","220.43","N"
"20250073","04/19/2026 12:57:00 PM",,"MED","Y","O","M","45","DE","N","N","150.15","N"
"20250240","04/28/2026 05:06:38 PM",,"MED","N","B","M","22","DE","N","Y","125.25","N"
"20239373","06/17/2026 11:18:23 AM",,"MED","Y","B","F","39","DE","N","N","110-160.10","N"
"20238664","08/26/2025 12:04:21 AM",,"MAX","Y","O","M","20","DE","N","Y","125.25","Y"
"10001775","04/16/2026 08:51:00 PM",,"MED","Y","B","M","40","DE","N","N","160.15","Y"
"20250176","04/24/2026 01:09:38 AM",,"MIN","N","O","M","25","DE","N","N","160.10","N"
"20246647","05/14/2026 07:15:00 PM",,"MAX","Y","B","M","18","DE","N","Y","160.15","Y"
"20249536","03/24/2026 04:22:00 PM",,"MED","Y","O","M","27","DE","N","N","110-125.25","N"
"20245001","11/13/2025 05:14:35 PM",,"MED","Y","W","M","39","DE","N","N","145.05","Y"
"20066891","12/20/2022 06:12:44 PM",,"MAX","Y","O","M","31","DE","N","N","125.25","Y"
"20247622","12/04/2025 08:52:28 PM",,"MIN","Y","B","M","51","DE","N","N","110-125.25","Y"
"62534","05/14/2026 02:32:32 PM",,"MIN","Y","O","M","47","DE","N","N","155.40","N"
"20240619","12/19/2024 04:13:21 PM",,"MED","Y","A","M","60","DE","N","N","125.27","N"
"116910","05/29/2026 04:55:00 PM",,"MED","Y","B","M","47","DE","N","N","125.25","N"
"65117","02/17/2026 06:51:00 PM",,"MIN","Y","B","M","49","CS","N","N","220.03","N"
"20187609","05/21/2026 10:58:00 AM",,"MAX","Y","B","M","25","DE","N","N","120.05","Y"
"20227480","02/11/2026 05:36:49 PM",,"MED","N","B","M","21","DE","N","Y","105.17","Y"
"20134553","07/08/2026 07:44:00 PM",,"MAX","Y","O","M","34","DE","N","N","120.05","N"
"41726","06/04/2025 03:54:00 PM",,"MIN","N","W","M","59","CS","N","N","140.20","N"
"87501","07/04/2024 11:43:24 AM",,"MAX","Y","B","F","41","DE","N","N","125.25","Y"
"20227301","10/05/2023 01:31:06 AM",,"MED","N","O","M","41","DE","N","N","125.25","Y"
"20247888","12/19/2025 11:36:09 AM",,"MED","Y","B","M","20","DE","N","Y","110-125.25","Y"
"20151639","06/09/2026 03:49:54 PM",,"MIN","N","O","M","38","DE","N","N","140.20","N"
"20244956","02/26/2026 05:24:18 PM",,"MED","N","O","M","21","CS","N","N",,"Y"
"20217703","02/21/2025 03:38:51 PM",,"MED","Y","B","M","32","DE","N","Y","215.52","N"
"20056157","02/11/2026 03:57:17 PM",,"MIN","N","O","M","37","CS","N","N","155.25","N"
"20231994","06/06/2025 03:55:46 PM",,"MAX","Y","B","M","20","DE","N","Y","120.10","Y"
"48619","04/04/2026 08:41:00 PM",,"MED","Y","B","M","45","CS","N","Y","215.50","N"
"35877","05/15/2025 04:33:00 PM",,"MAX","Y","B","M","38","DE","N","Y","110-125.25","Y"
"20098972","11/05/2025 10:27:38 AM",,"MED","Y","W","M","41","DEP","N","N","VOP","N"
"161124","05/20/2026 02:22:00 PM",,"MED","Y","B","M","44","DE","N","Y","140.25","Y"
"20244153","03/01/2026 01:18:16 AM",,"MIN","N","B","M","31","CS","N","N","215.50","Y"
"20245649","08/28/2025 12:01:31 PM",,"MED","Y","B","M","31","DE","N","N","110-125.25","N"
"20222419","11/11/2025 07:11:55 PM",,"MED","Y","A","M","36","DE","N","N","120.05","N"
"20218454","07/12/2026 02:27:32 PM",,"MIN","Y","B","M","35","DE","N","N","130.52","N"
"20172320","09/18/2025 02:03:41 PM",,"MED","Y","B","M","34","DE","N","N","215.51","N"
"20230521","05/18/2026 04:04:32 PM",,"MAX","N","W","M","32","DE","N","N","120.00","N"
"20227190","01/28/2025 11:58:35 PM",,"MED","Y","O","M","28","DE","N","N","105.10","Y"
"20246078","10/16/2025 01:13:05 PM",,"MAX","Y","B","F","25","DE","N","N","120.05","Y"
"64734","03/15/2026 02:38:00 PM",,"MIN","N","W","M","39","CS","N","N",,"N"
"20230310","03/22/2024 11:00:36 AM",,"MAX","Y","O","M","26","DE","N","N","160.15","Y"
"20093483","08/07/2025 12:21:51 PM",,"MED","Y","O","M","35","DE","N","N","125.25","N"
"20229418","11/26/2025 11:06:19 AM",,"MAX","Y","B","M","26","DE","N","N","140.30","Y"
"20251275","06/17/2026 09:43:31 PM",,"MED","N","B","M","29","DE","N","N","125.25","N"
"20233227","08/13/2024 04:49:56 PM",,"MED","Y","B","M","32","DE","N","N","110-130.35","Y"
"20241473","05/07/2026 11:51:30 AM",,"MIN","N","B","M","60","CS","N","N",,"N"
"122395","04/16/2026 12:56:17 PM",,"MAX","Y","O","M","47","DE","N","N","110-120.10","N"
"150000","07/24/2025 12:03:25 AM",,"MIN","N","B","M","39","DE","N","N","230.34","N"
"18370","03/10/2026 11:48:56 PM",,"MIN","Y","B","M","50","CS","N","N","140.25","N"
"20215487","07/09/2026 12:31:06 PM",,"MAX","N","O","M","23","DE","N","N","120.10","N"
"20247637","12/05/2025 02:39:05 PM",,"MIN","N","O","M","19","DE","N","N","120.07","N"
"20207889","09/09/2025 11:59:57 AM",,"MED","N","B","M","34","DE","N","N","160.15","N"
"20067107","03/24/2026 01:28:54 PM",,"MIN","Y","O","M","40","DE","N","N","140.25","Y"
"20242536","06/25/2026 10:46:00 PM",,"MED","N","W","M","73","DEP","N","N","130.53","N"
"20251229","06/15/2026 12:49:17 AM",,"MED","N","B","M","18","DE","N","N","265.03","N"
"20251751","07/12/2026 07:41:06 PM",,"MED","Y","B","M","32","DE","N","N","135.25","N"
"20095412","08/18/2024 09:06:38 PM",,"MED","N","B","M","49","DE","N","N","135.20","N"
"15896","06/27/2026 11:55:20 AM",,"MIN","N","B","M","44","DE","N","N","120.00","N"
"20246069","09/17/2025 01:00:31 PM",,"MIN","Y","W","M","30","DE","N","N","265.03","N"
"20242340","03/17/2026 06:25:50 PM",,"MAX","N","B","M","25","DE","N","Y","160.10","Y"
"20219698","05/15/2024 02:09:41 PM",,"MAX","Y","O","F","30","DE","N","N","125.25","N"
"20167761","04/21/2023 12:20:38 PM",,"MED","N","B","M","48","DE","N","Y","125.25","Y"
"20247427","11/22/2025 04:19:58 PM",,"MED","N","O","M","22","DE","N","N","160.15","Y"
"73563","10/09/2025 01:55:11 PM",,"MIN","Y","B","M","66","DE","N","N","140.20","N"
"89217","05/15/2026 05:34:07 PM",,"MIN","Y","B","M","56","DE","N","N","120.05","N"
"20231403","05/16/2024 04:55:00 PM",,"MAX","Y","B","M","24","DE","N","Y","125.25","Y"
"20222359","01/12/2026 01:29:49 AM",,"MAX","Y","O","M","24","DE","N","N","130.35","Y"
"20251067","06/07/2026 11:08:33 AM",,"MED","Y","B","M","33","DE","N","N","155.25","N"
"20251531","07/01/2026 04:51:29 PM",,"MED","N","B","M","26","DE","N","N","125.20","N"
"61727","07/08/2026 05:08:53 PM",,"MIN","Y","B","M","46","DE","N","N","155.25","N"
"20230869","12/09/2025 12:22:23 PM",,"MED","Y","O","M","49","DE","N","N","120.10","N"
"10696","08/26/2023 11:48:00 AM",,"MED","Y","B","M","59","DE","N","N","125.25","Y"
"20245150","05/20/2026 08:41:36 PM",,"MAX","Y","B","M","44","DE","N","N","155.35","N"
"20011973","08/03/2025 12:45:25 AM",,"MIN","Y","B","M","44","DE","N","Y","265.03","Y"
"20197989","02/19/2025 02:57:39 PM",,"MED","N","B","M","48","DE","N","N","125.25","N"
"20207254","10/06/2021 04:46:30 PM",,"MAX","Y","O","M","27","DE","N","Y","125.20","Y"
"20251186","06/12/2026 02:21:22 PM",,"MIN","N","B","M","39","DE","N","N","220.21","N"
"20060512","06/05/2026 07:14:40 PM",,"MIN","Y","O","M","44","DE","N","N","110-125.25","N"
"20251263","06/17/2026 04:17:28 PM",,"MIN","Y","W","M","26","DE","N","N","1192(3)","N"
"20243232","02/26/2026 05:11:16 PM",,"MED","Y","B","M","20","DE","N","Y","110-125.25","Y"
"20248541","01/28/2026 02:45:06 PM",,"MED","Y","O","M","26","DE","N","Y","110-125.25","Y"
"20231989","04/24/2025 04:44:24 PM",,"MAX","N","B","M","24","DE","N","Y","160.15","Y"
"10011390","03/24/2026 04:27:21 PM",,"MED","Y","B","M","44","DE","N","N","160.15","Y"
"20223474","05/26/2026 11:18:00 AM",,"MAX","Y","B","M","21","DE","N","Y","110-125.25","Y"
"20153754","01/29/2026 04:04:45 PM",,"MED","Y","B","M","29","DE","N","N","110-160.10","Y"
"45065","04/10/2026 07:16:19 PM",,"MED","N","O","M","37","DE","N","Y","140.25","N"
"20232834","07/13/2026 04:13:30 PM",,"MED","Y","O","M","33","DE","N","N",,"N"
"20244062","03/30/2026 12:00:08 AM",,"MIN","Y","O","M","39","CS","N","N","140.20","Y"
"20248955","02/22/2026 12:27:00 AM",,"MAX","Y","B","M","22","DE","N","Y","155.35","Y"
"1916","12/02/2025 12:24:04 PM",,"MIN","Y","B","M","62","DE","N","N","155.35","N"
"20215545","12/23/2021 09:12:04 PM",,"MED","N","B","M","67","DEP","N","N","110-160.15","N"
"20241314","03/20/2026 03:08:32 PM",,"MIN","Y","B","M","25","DE","N","N","110-120.10","N"
"20051653","06/22/2026 12:53:50 PM",,"MIN","N","M","M","36","DE","N","N","140.20","N"
"20238652","09/12/2024 11:16:27 AM",,"MED","Y","O","M","29","DE","N","N","220.43","Y"
"20148264","03/29/2026 11:01:38 AM",,"MIN","Y","B","M","37","CS","N","N","120.14","Y"
"20238819","04/21/2026 11:12:00 AM",,"MED","Y","O","M","22","DE","N","Y","125.25","Y"
"20228632","04/19/2024 12:59:32 PM",,"MED","N","O","M","56","DE","N","N","125.25","Y"
"99127","05/02/2025 08:36:06 AM",,"MAX","Y","B","M","49","DE","N","Y","125.25","Y"
"20021533","06/22/2024 07:15:06 PM",,"MIN","N","W","M","60","DE","N","N","120.05","N"
"20243908","07/06/2026 11:54:21 AM",,"MED","N","B","M","20","CS","N","Y",,"N"
"20225340","01/12/2026 09:08:10 PM",,"MED","N","O","M","26","DE","N","N","160.15","Y"
"82530","10/23/2025 12:27:32 AM",,"MED","Y","B","M","63","DE","N","N","220.16","Y"
"20093983","05/26/2026 12:04:55 PM",,"MED","Y","O","M","40","DE","N","N","160.15","N"
"20174490","10/15/2025 01:10:00 PM",,"MIN","N","B","M","39","DE","N","N","225.20","N"
"20250234","04/28/2026 11:13:53 AM",,"MED","N","O","M","27","DE","N","N","110-125.25","N"
"20230314","03/22/2024 03:14:36 PM",,"MED","N","B","M","40","DE","N","N","125.25","Y"
"20245519","08/22/2025 04:10:56 PM",,"MAX","Y","O","M","26","DE","N","N","160.15","Y"
"20225885","12/11/2023 11:49:00 PM",,"MAX","N","B","M","29","DE","N","N","120.10","Y"
"20199697","03/16/2025 12:43:15 AM",,"MED","Y","O","M","35","DE","N","N","140.25","Y"
"20214633","05/31/2026 04:51:10 PM",,"MAX","N","O","M","29","CS","N","N","120.00","N"
"20226808","04/21/2026 07:44:17 PM",,"MED","Y","O","M","21","DE","N","N","120.10","N"
"20147467","11/07/2025 12:27:00 AM",,"MAX","Y","B","M","34","DE","N","N","110-120.10","Y"
"84228","06/12/2025 07:14:36 PM",,"MED","Y","B","M","45","DE","N","N","110-120.10","N"
"20225235","04/05/2026 12:33:06 PM",,"MAX","Y","B","M","23","DE","N","N","160.10","Y"
"10277","10/02/2025 12:46:33 AM",,"MAX","Y","B","M","43","DE","N","N","140.30","Y"
"117903","10/18/2024 12:33:34 AM",,"MAX","Y","B","M","43","DE","N","N","110-125.25","Y"
"20251262","06/17/2026 04:12:02 PM",,"MIN","N","O","M","35","DE","N","N","265.13","N"
"36669","11/12/2025 11:45:22 AM",,"MIN","Y","B","M","42","CS","N","N","155.30","N"
"20244353","07/14/2026 01:36:00 AM",,,"N","B","F","40","DE","N","N","220.16","N"
"20228552","07/18/2024 05:17:27 PM",,"MED","N","B","M","21","DE","N","Y","165.50","Y"
"20246246","09/25/2025 12:26:57 PM",,"MED","Y","O","M","22","DE","N","N","110-125.25","Y"
"52569","06/13/2026 07:28:42 PM",,"MIN","N","B","M","68","DE","N","N","121.12","N"
"20249135","03/04/2026 01:14:11 AM",,"MED","Y","B","M","22","DE","N","N","120.10","Y"
"20138311","06/12/2026 07:15:05 PM",,"MIN","Y","O","M","67","DE","N","N","155.25","N"
"20203660","07/12/2026 08:40:50 PM",,"MAX","Y","B","M","34","DE","N","N","160.05","N"
"20016866","01/21/2026 11:49:00 AM",,"MIN","Y","B","M","40","DE","N","N","120.05","N"
"20245418","05/05/2026 04:43:03 PM",,"MED","N","B","M","29","DE","N","N","140.20","N"
"20070102","07/09/2026 01:38:44 PM",,"MED","N","O","M","39","DE","N","N","CO","N"
"20247606","12/04/2025 12:53:00 PM",,"MED","N","W","M","35","DE","N","N","130.35","N"
"10010899","04/05/2026 12:40:58 PM",,"MIN","Y","B","M","49","DE","N","N","140.20","N"
"12329","07/03/2026 03:55:36 PM",,"MED","N","B","M","41","DE","N","N","125.25","N"
"20245536","04/15/2026 05:41:44 PM",,"MED","N","B","M","19","DE","N","N","110-125.25","N"
"20240589","12/18/2024 12:12:14 PM",,"MED","Y","O","M","20","DE","N","Y","110-125.25","Y"
"20223296","06/17/2026 08:26:27 PM",,"MIN","N","W","M","34","DE","N","N","155.25","N"
"20231511","05/22/2024 01:29:05 PM",,"MIN","Y","W","M","63","DE","N","N","155.42","Y"
"17936","09/08/2024 07:23:31 PM",,"MAX","Y","B","M","58","DE","N","Y","160.10H","Y"
"20084197","04/11/2023 05:25:00 PM",,"MAX","N","B","M","32","DE","N","N","125.25","Y"
"14896","11/21/2025 08:13:21 PM",,"MED","N","O","M","42","DE","N","N","130.65","N"
"81553","02/17/2026 12:33:27 AM",,"MED","Y","B","M","44","DE","N","N","120.05","N"
"20229858","07/09/2026 12:27:19 AM",,"MAX","N","O","M","21","DE","N","Y","110-125.25","N"
"20248628","02/03/2026 01:08:21 AM",,"MIN","N","O","M","45","DE","N","N","220.21","N"
"163121","07/07/2026 05:44:00 PM",,"MIN","Y","B","M","38","DE","N","N","155.30","N"
"947","09/20/2025 01:26:04 AM",,"MIN","N","O","M","42","DE","N","N","105.15","N"
"20132999","01/21/2026 03:32:07 PM",,"MED","N","O","M","37","DE","N","N","130.95","N"
"20208679","07/07/2026 08:06:20 PM",,"MAX","Y","B","M","32","DE","N","N","165.45","N"
"20231468","01/03/2026 08:13:25 PM",,"MED","Y","O","M","26","DE","N","N","160.10","Y"
"57492","01/25/2025 12:33:00 AM",,"MED","N","O","M","46","DNS","N","N",,"Y"
"20243254","02/10/2026 03:06:31 PM",,"MAX","N","B","M","20","DE","N","Y","110-125.25","Y"
"20242388","03/26/2025 12:13:00 AM",,"MED","N","O","M","19","DE","N","N","125.25","N"
"20071821","12/19/2025 12:06:18 PM",,"MIN","Y","B","M","44","DE","N","N","265.03","N"
"20103421","09/02/2025 11:07:00 AM",,"MED","Y","B","M","30","DE","N","Y","265.03","Y"
"20250498","05/10/2026 03:28:11 PM",,"MED","Y","W","M","28","DE","N","N","130.35","N"
"20053172","05/15/2024 05:16:41 PM",,"MAX","Y","B","M","32","DE","N","Y","485.05","Y"
"20146481","07/19/2025 11:32:00 AM",,"MAX","N","B","M","30","DE","N","Y","110-125.25","Y"
"20190670","06/25/2026 01:16:37 AM",,"MAX","Y","B","F","30","DE","N","N","160.15","N"
"20134657","11/21/2025 02:14:55 PM",,"MIN","Y","O","M","43","DE","N","N","220.39","Y"
"20243019","08/14/2025 01:23:40 AM",,"MAX","Y","B","M","22","DEP","N","Y","130.25","Y"
"68513","06/18/2026 08:26:55 PM",,"MIN","N","I","M","56","DE","N","N","FOA 900.00","N"
"20244777","04/13/2026 07:54:31 PM",,"MIN","Y","O","M","27","DE","N","N","215.51","N"
"7692","11/30/2025 11:48:59 AM",,"MAX","Y","B","M","49","DE","N","Y","155.30","Y"
"20222029","09/01/2025 12:50:17 AM",,"MAX","N","A","M","25","DE","N","Y","125.25","Y"
"165380","07/07/2026 03:20:05 PM",,"MED","N","B","M","34","CS","N","Y","110-140.25","N"
"20165153","02/21/2026 11:04:13 AM",,"MAX","Y","B","M","29","DE","N","N","130.35","Y"
"126906","04/24/2026 07:08:29 PM",,"MED","N","B","M","41","DE","N","N","140.25","N"
"20166834","06/13/2026 11:22:02 AM",,"MED","Y","I","M","30","DE","N","N","120.05","N"
"20249038","02/27/2026 11:42:29 AM",,"MAX","N","A","M","19","DE","N","Y","160.15","Y"
"20148996","12/02/2025 01:00:04 AM",,"MIN","Y","B","F","44","DE","N","N","110-125.25","Y"
"132668","11/30/2025 05:32:37 PM",,"MED","N","B","M","51","CS","N","N",,"N"
"20238760","06/01/2026 02:07:20 PM",,"MED","N","B","M","20","DE","N","Y","160.15","Y"
"20245744","06/24/2026 12:34:06 PM",,"MED","N","O","M","33","DE","N","N","160.10","N"
"20070042","06/30/2024 07:48:07 PM",,"MAX","Y","W","M","39","DE","N","N","125.27","Y"
"20246768","10/21/2025 12:16:47 PM",,"MED","Y","O","F","38","DE","N","N","130.75","N"
"20223222","06/14/2026 11:18:00 AM",,"MAX","Y","B","M","25","DE","N","N","160.15","N"
"20244478","01/25/2026 11:40:21 AM",,"MAX","Y","B","M","25","DE","N","N","110-130.35","Y"
"110730","05/15/2026 04:20:23 PM",,"MAX","N","O","M","40","DE","N","N","165.45","Y"
"20246463","03/02/2026 05:13:23 PM",,"MIN","N","A","M","45","DE","N","N","215.51","N"
"20173155","02/02/2026 12:59:55 PM",,"MED","Y","B","M","34","DE","N","N","130.65","N"
"20055915","12/07/2024 07:30:55 PM",,"MED","N","B","M","48","DE","N","N","125.25","Y"
"156314","07/01/2026 04:40:12 PM",,"MIN","Y","O","M","69","DE","N","N","110-140.25","N"
"20204658","09/16/2025 08:09:09 PM",,"MED","Y","B","M","53","DE","N","N","105.10","Y"
"20231414","09/13/2024 11:33:45 PM",,"MAX","Y","O","M","22","DE","N","Y","105.15","Y"
"20230432","11/06/2025 07:03:25 PM",,"MED","Y","B","M","24","DE","N","N","130.25","Y"
"20243587","11/20/2025 01:53:36 PM",,"MED","Y","B","M","35","DE","N","N","130.35","N"
"20109340","03/04/2025 01:23:57 PM",,"MAX","N","B","M","40","DE","N","Y","110-125.25","Y"
"20241238","12/01/2025 08:47:32 PM",,"MED","Y","B","M","35","DE","N","N","155.35","Y"
"20128023","10/19/2025 09:12:01 PM",,"MAX","N","B","M","32","DE","N","Y","160.15","Y"
"20202662","07/02/2026 05:33:41 PM",,"MED","Y","B","M","24","DE","N","N","265.03","N"
"20246578","10/11/2025 01:14:25 AM",,"MIN","Y","O","M","54","DE","N","N","220.21","Y"
"20012473","06/12/2026 04:25:30 PM",,"MIN","N","B","M","40","DE","N","Y","265.03","N"
"145752","11/06/2025 09:46:23 PM",,"MAX","Y","U","M","38","DEP","N","Y","120.05","Y"
"20228108","11/20/2023 05:06:00 PM",,"MED","Y","O","M","55","DE","N","N","125.27","N"
"20245282","01/26/2026 07:33:59 PM",,"MIN","N","O","F","49","DE","N","N","121.12","N"
"20161888","07/01/2026 03:56:25 PM",,"MED","Y","O","M","29","DE","N","N","170.25","N"
"122851","12/30/2025 10:50:00 PM",,"MED","N","B","M","44","DE","N","N","120.05","Y"
"20239497","10/24/2024 11:18:47 PM",,"MIN","Y","B","M","51","DE","N","N","220.21","N"
"20251657","07/08/2026 01:14:08 AM",,"MED","Y","B","M","31","DE","N","N","130.35","N"
"20227995","07/01/2026 03:43:29 PM",,"MAX","Y","B","M","21","DE","N","Y","110-125.25","N"
"20250155","04/23/2026 12:20:47 PM",,"MIN","Y","B","M","40","DE","N","N","120.10","N"
"20249592","03/26/2026 08:30:24 PM",,"MAX","N","B","M","24","DE","N","N","CO","Y"
"20099946","07/10/2026 01:36:00 AM",,"MED","N","B","M","44","DE","N","N","110-125.27","N"
"20251664","07/08/2026 03:51:42 PM",,"MED","Y","B","M","26","DE","N","N","125.25","N"
"20130203","09/09/2023 08:17:00 PM",,"MED","N","B","M","33","DE","N","N","105.10","Y"
"144329","04/08/2026 10:32:16 AM",,"MED","Y","O","M","45","DE","N","N","110-120.10","N"
"20242078","04/19/2026 07:15:35 PM",,"MIN","Y","O","M","36","DE","N","N","140.25","N"
"20246645","10/15/2025 03:54:19 PM",,"MAX","Y","B","M","25","DE","N","Y","110-120.10","Y"
"20021940","01/03/2024 08:17:33 PM",,"MED","Y","O","M","46","DE","N","N","120.10","Y"
"20242698","07/08/2026 01:03:36 PM",,"MIN","N","B","M","24","DNS","N","N","265.03","N"
"20134798","06/03/2025 08:11:19 PM",,"MED","Y","B","M","43","DE","N","N","120.10","Y"
"20226879","09/11/2023 12:21:00 AM",,"MAX","N","W","M","33","DE","N","N","125.25","Y"
"20208774","08/06/2025 08:30:00 PM",,"MAX","N","B","M","27","DE","N","Y","265.03","Y"
"74965","11/15/2025 05:11:40 PM",,"MED","Y","O","M","56","DE","N","N","160.15","N"
"20222184","06/04/2026 05:36:39 PM",,"MED","Y","B","M","21","DE","N","N","160.10","Y"
"20251513","06/30/2026 05:52:09 PM",,"MIN","Y","B","M","35","DE","N","N","130.52","N"
"20211192","09/11/2020 05:21:00 PM",,"MED","N","B","M","31","DE","N","N","125.25","Y"
"20250720","05/20/2026 01:25:00 AM",,"MED","Y","B","M","48","DE","N","N","120.05","Y"
"20226845","06/28/2026 01:01:45 AM",,"MED","Y","B","M","26","DE","N","N","165.40","N"
"20228342","12/02/2023 04:29:39 PM",,"MED","Y","O","M","38","DE","N","N","125.25","Y"
"20222120","09/12/2025 06:51:00 PM",,"MAX","N","B","M","23","DE","N","Y","105.15","Y"
"20173507","05/21/2025 11:23:32 PM",,"MED","Y","W","M","34","DE","N","N","140.20","Y"
"20251628","07/06/2026 12:09:30 PM",,"MED","N","B","M","21","DE","N","Y","110-125.25","N"
"20251746","07/12/2026 04:34:08 PM",,"MED","N","B","M","21","DE","N","N","120.05","N"
"20250735","05/20/2026 09:49:07 PM",,"MIN","Y","O","M","33","CS","N","N",,"N"
"20050243","06/25/2025 10:52:00 PM",,"MIN","Y","O","M","54","DE","N","N","140.20","N"
"20230383","06/30/2026 04:16:58 PM",,"MIN","N","B","M","41","CS","N","N","120.05","N"
"23686","06/29/2026 06:20:21 PM",,"MIN","Y","B","M","54","DE","N","N","140.20","N"
"20246108","04/14/2026 03:26:37 PM",,"MED","N","O","M","35","CS","N","N",,"N"
"20117149","11/23/2024 07:30:20 PM",,"MED","Y","O","M","33","DE","N","N","220.16","Y"
"20250826","06/02/2026 01:06:00 PM",,"MED","Y","B","M","19","DE","N","Y","215.51","Y"
"43999","07/12/2026 08:44:07 PM",,"MED","N","B","M","57","DE","N","N","140.30","N"
"20174272","12/18/2025 10:59:57 AM",,"MAX","N","B","M","26","DE","N","Y","120.07","Y"
"20251476","06/28/2026 01:04:50 PM",,"MED","N","B","M","18","DE","N","N","265.03","N"
"20245325","08/14/2025 01:10:56 AM",,"MED","Y","B","M","34","DE","N","N","110-125.25","Y"
"20112494","05/25/2026 11:39:03 AM",,"MAX","Y","O","M","33","DE","N","N","160.15","Y"
"20198748","06/12/2026 04:03:58 PM",,"MED","N","O","M","25","DE","N","N","460.20","N"
"20166644","02/17/2026 07:49:18 PM",,"MIN","N","O","M","56","DE","N","N","160.15","N"
"20156806","07/02/2026 08:54:24 PM",,"MAX","Y","O","M","35","DE","N","N","120.05","N"
"20250355","05/04/2026 12:52:43 PM",,"MIN","N","B","M","47","CS","N","N","265.01B","N"
"20160411","08/31/2022 04:13:58 PM",,"MAX","Y","B","F","38","DE","N","N","125.27","Y"
"20209558","05/01/2026 07:33:11 PM",,"MAX","N","B","M","25","DE","N","Y","265.03","N"
"20157958","03/04/2026 06:59:44 PM",,"MED","Y","B","M","42","DE","N","N","125.25","N"
"20249887","04/11/2026 11:42:22 AM",,"MAX","Y","B","M","32","DE","N","N","110-125.25","Y"
"20249857","04/10/2026 12:35:55 AM",,"MIN","N","O","M","26","DE","N","N","220.21","N"
"48966","04/08/2026 01:22:10 AM",,"MIN","N","B","M","60","DEP","N","N","140.20","N"
"143787","02/16/2026 11:13:16 AM",,"MIN","Y","O","M","57","DE","N","N","265.03","N"
"20228190","12/20/2025 11:43:00 AM",,"MED","Y","O","M","20","DE","N","N","140.25","Y"
"86039","05/08/2026 03:51:58 PM",,"MIN","N","B","M","44","DE","N","N","220.39","N"
"20216373","05/10/2026 12:41:07 AM",,"MED","Y","B","M","23","DE","N","N","110-130.35","Y"
"20212111","04/10/2026 12:11:59 PM",,"MAX","N","B","M","24","CSP","N","N",,"N"
"20247842","12/16/2025 06:15:05 PM",,"MED","N","B","M","20","DE","N","Y","105.15","N"
"20250167","04/23/2026 08:30:12 PM",,"MIN","N","B","M","57","DE","N","N","220.21","N"
"20242668","07/08/2026 08:01:50 PM",,"MIN","Y","O","M","30","DE","N","N","140.20","N"
"20218469","05/19/2025 12:07:01 PM",,"MAX","Y","W","M","27","DNS","N","N","120.05","Y"
"20080496","06/26/2026 05:19:18 PM",,"MED","Y","B","M","57","DE","N","N","155.35","N"
"20080556","10/08/2025 11:22:06 AM",,"MED","Y","O","M","41","DE","N","N","110-125.25","Y"
"20194006","12/02/2025 12:30:28 PM",,"MAX","Y","O","M","24","DE","N","Y","110-120.10","Y"
"20219981","04/28/2026 11:28:14 PM",,"MAX","Y","B","M","33","DE","N","N","120.05","Y"
"20216472","10/30/2024 05:54:19 PM",,"MAX","Y","U","M","24","DE","N","Y","125.25","Y"
"20232516","07/25/2025 09:06:40 PM",,"MIN","Y","A","M","33","DE","N","N","160.10","N"
"20251321","06/20/2026 01:03:00 AM",,"MED","N","B","F","35","DE","N","N","150.15","N"
"20248785","02/12/2026 04:18:10 PM",,"MED","Y","B","M","51","DE","N","N","130.30","N"
"166008","07/11/2026 06:43:00 PM",,"MED","N","B","F","43","DE","N","N","160.10","N"
"20250544","05/12/2026 04:17:14 PM",,"MED","Y","O","F","28","DE","N","N","125.25","N"
"20214412","06/10/2021 01:39:25 AM",,"MED","N","O","M","23","DE","N","N","125.25","Y"
"20016020","11/18/2025 03:01:22 PM",,"MAX","N","B","M","33","DE","N","N","110-125.25","Y"
"20200143","04/14/2026 11:56:56 AM",,"MAX","Y","B","M","25","DE","N","N","155.30","N"
"112562","05/21/2026 06:54:52 AM",,"MAX","Y","B","M","35","DE","N","N","140.20","N"
"20248971","02/23/2026 11:29:32 PM",,"MIN","Y","B","M","69","DE","N","N","140.25","N"
"20057878","05/16/2026 06:41:47 PM",,"MED","N","W","M","41","DEP","N","N","140.20","N"
"20251379","06/23/2026 06:00:01 PM",,"MIN","N","B","M","54","DE","N","N","155.42","N"
"126388","12/04/2023 03:03:36 PM",,"MED","N","B","M","35","DE","N","N","125.25","Y"
"20249136","03/04/2026 10:23:36 AM",,"MIN","N","O","M","44","CS","N","N","220.39","N"
"20251447","06/26/2026 05:17:57 PM",,"MIN","N","I","M","25","DE","N","N","120.00","N"
"125564","03/13/2026 07:27:31 PM",,"MIN","Y","O","M","45","CS","N","N","165.40","Y"
"20224191","05/21/2025 06:34:00 PM",,"MED","Y","O","M","25","DE","N","N","265.03","Y"
"20087216","11/22/2025 07:30:00 PM",,"MAX","Y","B","M","32","DE","N","Y","160.15","Y"
"20065214","07/13/2026 01:33:19 AM",,"MAX","Y","B","M","33","DE","N","N","120.10","N"
"20251708","07/10/2026 07:09:00 PM",,"MIN","Y","B","M","33","DE","N","N","120.05","N"
"20095747","10/11/2024 12:19:27 PM",,"MAX","Y","O","M","34","DE","N","N","110-125.25","Y"
"20240409","06/29/2026 03:33:18 PM",,"MAX","Y","O","M","27","DE","N","N","160.15","N"
"20232901","07/27/2024 11:08:00 PM",,"MED","N","B","M","30","DE","N","N","125.25","Y"
"20204548","07/19/2023 11:06:58 AM",,"MAX","Y","B","M","33","DE","N","N","125.25","Y"
"3792","01/20/2026 01:04:00 AM",,"MED","Y","B","M","66","DE","N","N","135.20","N"
"53815","03/09/2026 08:48:18 PM",,"MIN","Y","O","M","47","DE","N","N","155.35","N"
"20129226","08/19/2025 09:35:14 PM",,"MED","N","O","M","32","DE","N","Y","125.25","N"
"42356","06/22/2026 07:17:52 PM",,"MAX","Y","O","M","41","CS","N","N","195.05","N"
"20248051","12/31/2025 12:05:49 AM",,"MIN","N","O","M","22","DE","N","N","220.21","N"
"20244770","07/17/2025 12:39:57 PM",,"MED","Y","O","M","27","DE","N","N","125.25","N"
"20249468","03/20/2026 02:01:14 AM",,"MIN","N","O","M","31","DE","N","N","220.21","N"
"20243377","05/11/2025 08:20:41 PM",,"MIN","Y","B","M","21","DE","N","Y","160.15","Y"
"20206950","03/09/2026 11:53:05 AM",,"MAX","Y","O","F","43","DE","N","N","110-125.25","Y"
"20249547","03/24/2026 11:55:00 PM",,"MIN","Y","B","M","22","DE","N","N","110-125.25","N"
"169171","06/18/2024 07:09:37 PM",,"MIN","N","B","M","37","SSR","N","N",,"Y"
"20247953","12/23/2025 12:26:49 PM",,"MED","N","B","M","52","DE","N","N","125.25","N"
"20243353","05/10/2025 04:42:28 PM",,"MIN","Y","W","M","39","DE","N","N","120.05","N"
"20244841","02/10/2026 04:12:47 PM",,"MED","N","O","M","24","DE","N","N","160.15","N"
"11835","09/08/2025 11:38:49 AM",,"MED","N","O","M","52","DE","N","N","130.53","N"
"20176291","12/28/2025 05:30:47 PM",,"MAX","Y","B","M","61","DE","N","N","160.15","N"
"20247531","11/29/2025 12:37:46 PM",,"MIN","N","B","M","32","DE","N","N","140.30","N"
"20095343","06/07/2026 01:27:40 AM",,"MAX","Y","W","M","32","DE","N","N","155.30","Y"
"20193259","07/04/2025 11:36:12 PM",,"MAX","Y","B","M","28","DE","N","N","160.10","Y"
"20031956","04/10/2026 08:26:38 PM",,"MIN","Y","O","M","53","DE","N","N","120.18","N"
"20246756","10/20/2025 12:27:40 PM",,"MED","Y","O","M","23","DE","N","N","125.25","Y"
"20085952","09/13/2024 08:09:00 PM",,"MAX","Y","B","M","30","DE","N","Y","120.10","Y"
"20220405","06/18/2026 11:55:11 AM",,"MIN","N","O","M","26","DE","N","N","140.25","N"
"20225712","02/16/2026 01:22:09 AM",,"MED","Y","O","M","24","CS","N","N","240.30","Y"
"20230927","07/05/2026 08:02:52 PM",,"MED","N","O","M","31","DE","N","N","140.20","N"
"20246586","10/11/2025 08:17:31 PM",,"MED","N","B","M","21","DE","N","Y","160.15","Y"
"165868","09/30/2022 11:16:52 PM",,"MAX","N","B","M","35","DE","N","Y","120.10","Y"
"20171831","06/06/2026 08:30:47 PM",,"MAX","Y","B","M","26","DE","N","N","265.03","Y"
"10015601","06/04/2026 11:45:04 AM",,"MED","N","B","M","56","DE","N","Y","130.35","Y"
"20247941","12/22/2025 04:15:37 PM",,"MIN","Y","O","F","45","DE","N","N","155.35","Y"
"10013651","05/25/2025 12:52:22 AM",,"MED","N","O","M","41","DE","N","N","265.03","Y"
"141369","09/23/2025 11:30:47 AM",,"MAX","Y","O","M","36","DE","N","N","110-125.25","Y"
"20229027","03/27/2024 12:01:58 AM",,"MED","Y","B","M","26","DE","N","N","125.25","Y"
"20226134","03/23/2025 04:48:08 PM",,"MAX","Y","B","M","21","DE","N","Y","125.25","Y"
"20217064","08/13/2025 01:03:02 PM",,"MED","Y","B","M","51","DE","N","N","265.03","N"
"20241846","02/27/2025 03:46:24 PM",,"MED","Y","O","M","38","DE","N","N","125.25","Y"
"20251222","06/14/2026 12:40:00 PM",,"MIN","Y","B","M","35","DE","N","N","165.50","N"
"20088175","05/11/2026 02:42:37 PM",,"MAX","Y","B","M","34","DE","N","N","120.05","Y"
"20250102","04/21/2026 12:52:03 AM",,"MIN","N","O","M","43","DE","N","N","220.18","N"
"20243622","06/26/2025 03:52:22 PM",,"MED","Y","O","M","20","DE","N","N","160.15","Y"
"165017","05/15/2026 07:36:00 PM",,"MIN","Y","B","M","43","DE","N","N","140.25","N"
"27006","04/23/2026 12:29:18 PM",,"MIN","N","B","M","54","DE","N","N","140.20","N"
"20018363","05/13/2025 01:20:26 PM",,"MED","N","B","M","39","DE","N","Y","105.10","Y"
"20250930","05/30/2026 03:48:41 PM",,"MED","N","B","M","21","DE","N","Y","125.25","Y"
"20249625","03/29/2026 01:13:32 AM",,"MIN","Y","O","M","28","CS","N","N","130.52","Y"
"27857","01/14/2024 01:29:18 AM",,"MAX","N","W","M","38","DE","N","N","125.25","Y"
"20083599","06/14/2026 01:34:27 PM",,"MIN","Y","A","M","60","DE","N","N","265.03","N"
"116527","08/15/2025 11:09:43 AM",,"MAX","N","B","M","45","DE","N","N","120.04","N"
"20152561","08/12/2025 04:27:36 PM",,"MAX","N","B","M","70","DE","N","N","160.15","Y"
"20248248","01/12/2026 01:21:51 AM",,"MED","Y","O","M","19","DE","N","N","125.25","Y"
"25602","03/12/2025 11:29:00 PM",,"MIN","N","O","M","45","DE","N","Y","220.16","Y"
"20246788","10/22/2025 04:18:45 PM",,"MIN","N","B","M","44","DE","N","N","265.03","N"
"20245171","08/06/2025 03:05:01 PM",,"MED","Y","B","M","27","DE","N","Y","220.43","Y"
"20251203","06/13/2026 10:24:28 AM",,"MED","N","W","M","39","DE","N","N","130.95","N"
"143493","06/11/2026 01:11:51 AM",,"MED","N","B","M","35","DE","N","Y","160.10","Y"
"10014999","04/24/2026 03:28:06 PM",,"MIN","N","O","M","34","CS","N","N","110-265.03","N"
"20251339","06/20/2026 10:47:08 PM",,"MED","N","B","M","19","DE","N","N","110-125.25","Y"
"20070518","10/07/2025 07:36:37 PM",,"MAX","N","U","M","33","DE","N","N","220.43","N"
"20127913","05/25/2026 03:29:00 PM",,"MAX","Y","B","M","32","DE","N","Y","110-125.25","N"
"38415","07/01/2026 12:27:42 AM",,"MAX","Y","B","M","42","DEP","N","Y","160.15","N"
"20230276","08/20/2024 12:22:01 AM",,"MED","Y","O","M","20","DE","N","N","110-125.25","Y"
"20246699","10/17/2025 03:11:23 PM",,"MIN","Y","B","M","20","DE","N","Y","110-125.25","Y"
"20249811","04/08/2026 03:34:54 PM",,"MAX","Y","B","M","39","DE","N","N","125.25","N"
"20242603","04/04/2025 08:00:15 PM",,"MIN","N","O","M","46","DE","N","N","265.04","N"
"20251651","07/07/2026 09:37:49 PM",,,"N","B","F","30","DE","N","N","125.25","N"
"20159013","05/31/2026 04:35:02 PM",,"MIN","Y","B","M","51","DE","N","N","110-125.25","N"
"20221554","06/05/2023 01:18:06 PM",,"MED","Y","B","M","27","DE","N","N","125.25","Y"
"20137287","05/30/2026 08:24:55 PM",,"MAX","N","B","M","30","DE","N","Y","220.16","N"
"20070327","02/24/2026 12:25:51 PM",,"MED","Y","O","M","38","DE","N","N","130.35","N"
"20120282","03/04/2026 06:07:50 PM",,"MAX","Y","B","M","33","DE","N","N","125.25","N"
"20227895","10/10/2024 02:49:06 PM",,"MED","Y","B","M","20","DE","N","Y","110-125.25","Y"
"20250694","05/18/2026 01:15:38 PM",,"MIN","N","W","M","68","CS","N","N",,"N"
"20222907","08/01/2025 06:51:02 PM",,"MAX","Y","B","M","24","DE","N","N","120.07","Y"
"20152225","01/02/2026 08:16:36 PM",,"MED","N","B","M","30","DE","N","Y","265.03","N"
"20248925","02/20/2026 12:01:04 PM",,"MIN","N","O","M","32","DE","N","N","120.10","N"
"20249171","03/25/2026 12:09:00 PM",,"MIN","N","B","M","39","DE","N","N","265.03","Y"
"20249322","03/13/2026 11:10:48 AM",,"MED","Y","B","M","21","DE","N","Y","125.25","Y"
"20177928","05/01/2026 03:39:29 PM",,"MED","N","B","M","30","DE","N","N","110-125.25","N"
"20246966","10/31/2025 04:32:57 PM",,"MIN","N","O","M","40","DE","N","N","140.30","N"
"20244419","07/01/2025 06:28:46 PM",,"MED","Y","B","M","40","DE","N","N","125.25","N"
"20248728","04/27/2026 11:05:37 AM",,"MED","Y","O","M","28","DE","N","N","140.20","N"
"20227666","07/17/2024 03:41:54 PM",,"MED","Y","B","M","29","DE","N","N","125.25","N"
"20232951","11/26/2025 11:21:50 AM",,"MAX","Y","B","M","22","DE","N","Y","110-120.10","Y"
"20226963","10/18/2025 11:09:24 AM",,"MAX","Y","B","M","21","DE","N","Y","105.15","Y"
"20212184","02/06/2026 01:07:42 AM",,"MIN","Y","W","M","40","DE","N","N","155.30","Y"
"20220455","04/03/2025 03:55:32 PM",,"MED","Y","B","M","59","DE","N","N","130.65","Y"
"20212260","07/01/2026 11:28:05 AM",,"MED","Y","B","M","25","DE","N","N","135.25","N"
"20227348","04/14/2026 11:42:58 PM",,"MED","Y","B","M","25","DE","N","N","120.05","Y"
"20161649","11/25/2024 01:23:32 PM",,"MED","Y","O","M","36","DE","N","N","125.25","Y"
"20218134","01/09/2026 08:12:12 PM",,"MAX","Y","O","M","22","DE","N","N","265.03","Y"
"151631","05/29/2026 04:18:39 PM",,"MED","Y","O","M","35","DE","N","N","160.15","Y"
"20182281","01/12/2024 05:06:41 PM",,"MAX","Y","U","M","25","DE","N","Y","105.15","Y"
"20240915","05/31/2026 01:13:31 PM",,"MAX","N","B","M","20","DE","N","N","160.15","Y"
"27251","12/13/2024 11:49:00 PM",,"MAX","Y","O","M","37","DE","N","N","130.95","Y"
"20238635","09/04/2025 08:45:41 PM",,"MED","N","O","M","25","DE","N","Y","110-125.25","Y"
"20238946","12/03/2025 01:15:32 PM",,"MIN","Y","W","F","41","CS","N","N","170.25","Y"
"20126527","06/11/2026 12:34:47 AM",,"MAX","Y","B","M","29","DE","N","N","160.05","Y"
"20250725","05/20/2026 12:54:55 PM",,"MIN","Y","B","M","33","DE","N","N","121.12","N"
"20241127","06/07/2026 10:49:49 AM",,"MED","Y","W","F","33","DE","N","N","120.05","N"
"20165931","05/01/2026 10:47:00 PM",,"MAX","Y","B","M","28","DE","N","Y","140.20","N"
"20063000","04/16/2026 08:53:23 PM",,"MED","N","O","M","34","DE","N","Y","120.05","Y"
"70657","04/03/2026 05:19:06 PM",,"MAX","Y","O","M","45","DE","N","N","120.05","N"
"20060960","05/15/2024 02:03:47 AM",,"MED","Y","B","M","32","DE","N","N","125.20","N"
"20245057","07/31/2025 01:12:41 AM",,"MAX","Y","B","M","34","DE","N","N","110-125.25","Y"
"20060182","10/29/2025 12:07:44 PM",,"MED","Y","B","M","32","DE","N","Y","110-125.25","N"
"33636","02/18/2025 02:50:00 PM",,"MAX","Y","B","M","44","DE","N","Y","130.35","Y"
"20247370","11/20/2025 04:19:02 PM",,"MAX","N","O","M","22","DE","N","N","160.15","Y"
"20231408","12/21/2025 07:10:55 PM",,"MIN","Y","O","M","27","CS","N","N",,"Y"
"20072813","01/05/2026 01:07:56 PM",,"MED","Y","B","M","31","CS","N","Y",,"Y"
"20232608","06/22/2026 12:24:42 PM",,"MED","N","O","M","41","DE","N","N","120.05","N"
"20091324","06/14/2026 12:32:00 AM",,"MED","Y","B","M","31","DE","N","N","265.03","N"
"20241020","04/17/2026 12:58:09 AM",,"MIN","Y","A","M","39","DE","N","N","150.15","N"
"20007562","06/07/2026 01:00:01 PM",,"MIN","Y","W","F","47","CS","N","N","140.20","N"
"20247977","12/25/2025 12:26:41 AM",,"MED","Y","B","M","28","DE","N","N","125.25","Y"
"155468","10/15/2025 02:57:35 PM",,"MED","Y","B","M","40","DE","N","N","125.25","Y"
"56396","06/06/2026 04:56:42 PM",,"MED","N","B","M","38","DE","N","N","220.39","N"
"20232296","06/27/2024 05:21:10 PM",,"MAX","N","B","M","24","DE","N","Y","125.27","Y"
"20245492","08/21/2025 05:36:24 PM",,"MED","Y","B","M","48","DE","N","N","130.80","Y"
"20229845","10/06/2025 12:01:18 PM",,"MIN","Y","O","M","45","DE","N","N","121.13","N"
"20249283","03/11/2026 05:11:58 PM",,"MIN","Y","B","M","44","DE","N","N","120.10","Y"
"20150520","05/22/2026 01:17:51 PM",,"MIN","Y","B","M","53","DE","N","N","160.15","N"
"20053017","05/22/2025 11:39:48 PM",,"MED","Y","B","M","36","DE","N","N","125.25","Y"
"46083","01/20/2026 01:14:17 PM",,"MIN","N","B","M","40","CS","N","N","220.16","Y"
"20251079","06/07/2026 05:05:40 PM",,"MED","N","B","M","18","DE","N","Y","160.15","N"
"16820","11/28/2024 08:37:29 PM",,"MIN","Y","B","M","58","DE","N","N","220.16","Y"
"20227763","07/10/2026 08:50:52 PM",,"MIN","N","O","M","51","DE","N","N","1192(2)-A","N"
"20215594","04/04/2026 01:04:00 AM",,"MIN","Y","W","M","53","CS","N","N",,"N"
"115305","11/08/2024 06:43:23 PM",,"MAX","Y","B","M","43","DE","N","Y","130.50","Y"
"20195511","04/29/2026 02:36:53 PM",,"MED","N","B","M","26","CS","N","Y",,"N"
"69722","03/11/2026 12:47:35 PM",,"MIN","N","O","M","54","CS","N","N",,"N"
"20232264","05/28/2025 04:26:44 PM",,"MED","Y","B","M","27","DE","N","Y","125.25","Y"
"20249147","03/04/2026 08:47:47 PM",,"MED","Y","W","M","48","DE","N","N","125.25","N"
"20246885","02/19/2026 12:45:00 AM",,"MIN","N","O","M","36","DE","N","N","150.10","N"
"20245913","09/09/2025 11:35:00 PM",,"MED","Y","B","M","32","DE","N","N","125.25","Y"
"121302","04/18/2026 07:17:00 PM",,"MAX","Y","O","M","43","DE","N","N","120.05","Y"
"27850","02/06/2026 01:36:59 AM",,"MED","N","B","M","46","DNS","N","N","110-140.25","N"
"20170391","01/18/2026 12:45:08 AM",,"MAX","Y","O","M","32","DEP","N","N","265.03","N"
"20230189","03/22/2024 04:31:45 PM",,"MED","N","B","M","20","DE","N","Y","110-125.25","Y"
"10000098","06/09/2026 04:02:55 PM",,"MIN","N","O","M","43","CS","N","N","120.00","N"
"20250480","05/09/2026 04:28:00 PM",,"MIN","N","B","M","61","DE","N","N","220.43","N"
"20069865","05/04/2026 12:39:09 PM",,"MIN","Y","O","M","73","DE","N","N","160.10","N"
"28780","05/14/2026 01:19:47 PM",,"MED","Y","B","F","44","DE","N","N","110-120.10","Y"
"20251272","06/17/2026 08:53:00 PM",,"MED","Y","B","M","30","DE","N","N","220.16","N"
"20073736","06/09/2026 01:11:31 PM",,"MED","Y","W","M","44","DE","N","N","155.25","N"
"57569","01/21/2026 11:40:00 AM",,"MED","Y","B","M","55","DE","N","N","130.25","N"
"20062119","06/26/2026 06:22:03 PM",,"MIN","N","B","M","39","DE","N","N","265.02","N"
"20250664","05/17/2026 12:39:55 PM",,"MED","Y","B","M","31","DE","N","N","265.03","N"
"20248195","01/09/2026 04:03:00 PM",,"MIN","N","A","M","38","DE","N","N","140.25","N"
"169607","06/24/2026 10:13:28 AM",,"MIN","Y","H","M","45","DE","N","N","265.03","N"
"20250165","04/23/2026 06:50:00 PM",,"MIN","Y","B","M","27","DE","N","Y","265.03","Y"
"20248126","02/10/2026 04:38:50 PM",,"MAX","N","O","M","20","DE","N","Y","160.15","Y"
"20241100","01/16/2025 02:38:36 PM",,"MED","N","B","M","55","DE","N","N","110-125.25","N"
"20204832","05/09/2026 12:16:52 PM",,"MAX","Y","B","M","24","DE","N","N","110-160.15","Y"
"20222698","07/10/2026 06:38:53 PM",,"MED","N","O","M","25","DE","N","N","110-215.40","N"
"20217962","06/11/2026 12:11:35 AM",,"MED","Y","O","M","44","DE","N","N","140.20","Y"
"20164342","06/14/2026 03:36:13 PM",,"MAX","N","O","M","30","DE","N","N","140.20","N"
"20249961","04/15/2026 01:20:43 AM",,"MED","N","B","M","68","DEP","N","N","110-125.25","N"
"20113310","02/11/2026 11:56:50 AM",,"MAX","N","B","M","33","DE","N","Y","110-125.25","Y"
"20152542","07/12/2026 12:06:30 PM",,"MED","N","O","M","34","DE","N","N","140.25","N"
"20205674","05/12/2026 01:23:50 PM",,"MIN","Y","W","F","37","CS","N","N",,"N"
"8346","05/24/2026 03:04:00 PM",,"MIN","Y","B","M","49","DE","N","N","120.00","N"
"51289","01/13/2026 03:21:45 PM",,"MIN","N","B","M","39","DE","N","N","110-125.25","N"
"20038475","01/10/2025 08:14:40 PM",,"MIN","Y","B","M","62","DE","N","N","160.15","Y"
"20144510","06/18/2025 10:37:00 AM",,"MAX","N","B","M","29","DE","N","Y","110-125.25","Y"
"20239031","08/28/2025 01:27:48 PM",,"MAX","Y","B","M","22","DE","N","Y","105.15","Y"
"20231501","03/14/2025 05:31:54 PM",,"MIN","Y","B","M","58","DE","N","N","265.03","Y"
"20086252","03/31/2025 04:02:36 PM",,"MIN","Y","B","M","46","DE","N","N","230.34","Y"
"20248805","02/13/2026 03:46:05 PM",,"MED","N","A","M","44","DE","N","N","125.25","N"
"20248610","02/01/2026 11:14:47 PM",,"MIN","Y","B","M","41","DE","N","N","140.20","N"
"20248225","01/10/2026 01:30:14 PM",,"MED","N","B","M","19","DE","N","Y","265.02","Y"
"3090","03/23/2025 05:25:18 PM",,"MED","Y","B","M","54","DEP","N","N","130.65","Y"
"116854","04/08/2026 06:28:37 PM",,"MIN","Y","O","M","54","CS","N","N",,"Y"
"23004","03/18/2026 03:32:33 PM",,"MED","N","O","M","54","DE","N","N","140.20","N"
"20244176","06/05/2026 08:29:26 PM",,"MED","Y","W","M","39","DE","N","N","140.20","N"
"12722","07/03/2026 11:48:03 AM",,"MED","N","B","M","51","DE","N","N","160.15","N"
"77369","04/03/2026 06:47:06 PM",,"MED","Y","B","M","47","DE","N","N","120.05","N"
"20124854","04/13/2026 05:01:08 PM",,"MAX","Y","O","M","35","DEP","N","N","130.53","N"
"20210126","07/06/2026 01:12:02 PM",,"MAX","N","B","M","27","DNS","N","Y","220.31","N"
"20243404","05/13/2025 12:33:29 AM",,"MED","Y","O","M","21","DE","N","N","125.25","Y"
"20251271","06/17/2026 08:47:52 PM",,"MED","N","B","M","35","DE","N","N","160.15","N"
"20227780","06/15/2024 03:36:44 PM",,"MED","Y","O","F","24","DE","N","N","125.25","Y"
"27911","08/23/2024 04:57:36 PM",,"MED","N","O","M","52","DE","N","N","125.25","N"
"20229446","09/24/2025 03:47:10 PM",,"MIN","Y","W","F","31","DE","N","N","120.05","Y"
"153883","06/23/2026 04:15:53 PM",,"MAX","N","O","M","42","DE","N","N","110-125.25","N"
"84907","02/18/2026 06:12:09 PM",,"MAX","N","O","M","38","DE","N","N","120.10","Y"
"73432","10/17/2025 11:19:38 AM",,"MED","Y","B","M","46","DE","N","N","215.51","Y"
"94467","09/10/2025 01:40:14 PM",,"MIN","Y","B","M","42","DE","N","N","265.03","Y"
"20239314","09/26/2025 05:15:00 PM",,"MED","Y","A","M","42","DE","N","N","135.20","N"
"20249340","03/13/2026 07:31:10 PM",,"MIN","Y","W","M","28","DE","N","N","150.15","N"
"20165242","06/09/2026 11:20:21 AM",,"MED","Y","O","M","37","DE","N","N","155.35","N"
"20251181","06/12/2026 12:10:00 PM",,"MIN","Y","B","M","41","DE","N","N","140.20","N"
"97199","06/04/2026 04:36:48 PM",,"MIN","Y","O","M","55","DE","N","N","120.60","N"
"169893","06/18/2026 06:44:05 PM",,"MED","N","B","M","58","DE","N","N","155.35","N"
"20214315","12/22/2025 02:52:43 PM",,"MED","Y","A","M","36","DE","N","N","125.25","N"
"20141061","04/01/2026 10:25:20 AM",,"MAX","Y","B","M","50","DE","N","N","120.05","N"
"1120","10/18/2025 04:58:35 PM",,"MED","N","B","M","46","DEP","N","Y","160.15","N"
"20240349","12/05/2024 11:59:44 PM",,"MED","N","O","M","20","DE","N","N","220.43","Y"
"143540","04/21/2025 08:45:26 AM",,"MAX","N","B","M","35","DE","N","Y","110-125.25","Y"
"20213439","06/01/2026 02:47:00 PM",,"MAX","Y","B","F","25","DEP","N","N","155.35","N"
"20218516","10/20/2025 02:20:08 PM",,"MED","Y","A","M","36","DE","N","N","120.05","N"
"20038836","05/08/2026 12:35:28 PM",,"MAX","Y","B","M","37","DE","N","N","160.10","Y"
"20251105","06/08/2026 11:28:02 PM",,"MED","Y","B","M","32","DE","N","N","120.05","N"
"20250619","05/14/2026 10:56:00 PM",,"MIN","Y","B","M","27","DE","N","N","140.25","Y"
"20201800","12/05/2025 10:56:06 AM",,"MED","N","B","M","38","DE","N","N","110-130.35","N"
"20191963","02/12/2026 07:50:43 PM",,"MIN","N","O","M","36","DE","N","N","140.20","N"
"20219741","06/02/2026 01:14:15 AM",,"MAX","Y","B","M","23","DE","N","Y","160.10","Y"
"4995","10/08/2025 11:29:15 AM",,"MED","Y","B","M","51","DE","N","N","140.25","Y"
"38414","08/22/2025 04:58:50 PM",,"MED","Y","O","M","41","DE","N","N","168-T(2)","Y"
"20250196","04/24/2026 11:46:00 PM",,"MIN","N","B","M","61","DE","N","N","110-125.25","N"
"20246452","07/09/2026 07:15:33 PM",,"MED","N","O","M","26","DE","N","N","160.15","N"
"20249668","04/01/2026 12:23:03 AM",,"MED","Y","B","M","18","DE","N","Y","110-125.25","N"
"20167469","02/14/2026 01:29:00 AM",,"MED","N","O","M","45","DE","N","N","130.65","N"
"20241075","01/15/2025 06:22:55 PM",,"MAX","Y","U","M","20","DE","N","N","125.25","Y"
"20067974","09/18/2025 12:05:25 AM",,"MAX","Y","B","M","32","DE","N","N","130.95","Y"
"86476","06/01/2026 01:44:11 AM",,"MIN","Y","B","M","43","DE","N","N","140.15","N"
"20242276","03/19/2025 09:57:48 PM",,"MAX","N","B","M","20","DE","N","Y","105.15","Y"
"20199039","01/06/2026 04:01:52 PM",,"MIN","N","B","M","60","DE","N","N","215.56","N"
"6219","01/27/2024 01:07:38 AM",,"MIN","N","B","M","50","DE","N","N","220.77","Y"
"20239751","02/25/2026 03:36:45 PM",,"MED","N","B","M","62","CS","N","N",,"Y"
"20008038","04/24/2026 01:33:27 AM",,"MED","Y","B","M","41","DE","N","N","265.03","Y"
"20250389","05/06/2026 01:19:25 AM",,"MED","N","B","M","18","DE","N","Y","160.15","Y"
"8692","06/03/2024 11:18:07 AM",,"MED","Y","B","M","41","DE","N","Y","160.10","Y"
"20225217","06/13/2023 03:16:21 PM",,"MAX","Y","B","M","31","DE","N","N","125.25","Y"
"20247482","11/25/2025 09:06:43 PM",,"MIN","N","B","M","39","DE","N","N","265.03","N"
"20232063","08/20/2025 05:10:22 PM",,"MAX","N","O","M","24","DE","N","N","120.10","Y"
"6060","11/18/2024 12:03:50 AM",,"MED","Y","O","M","44","DE","N","N","125.15","N"
"20232308","06/28/2024 03:11:26 PM",,"MAX","N","O","M","23","DE","N","N","125.25","Y"
"20067299","02/18/2025 11:44:56 PM",,"MAX","Y","B","M","32","DE","N","Y","160.15","N"
"20225796","05/11/2026 11:48:52 AM",,"MIN","Y","O","M","43","DE","N","N","110-125.25","N"
"20207248","06/29/2025 07:29:08 PM",,"MED","N","B","M","28","DE","N","N","160.15","Y"
"20015997","12/07/2024 12:33:11 AM",,"MED","Y","B","M","43","DE","N","N","125.25","Y"
"20248235","01/11/2026 12:10:05 PM",,"MIN","Y","O","M","21","CS","N","N","120.00","Y"
"39559","02/23/2024 12:04:23 PM",,"MED","N","O","M","38","DE","N","N","110-125.25","Y"
"20083033","05/14/2026 03:30:16 PM",,"MED","N","B","M","36","DE","N","N","125.25","N"
"20249080","06/21/2026 01:40:00 PM",,"MIN","Y","B","F","31","DE","N","N","160.10","Y"
"20220306","08/24/2022 12:18:08 PM",,"MAX","Y","B","M","60","DE","N","N","125.25","Y"
"20251623","07/06/2026 10:35:30 AM",,"MAX","N","B","M","23","DE","N","Y","120.10","N"
"127511","11/12/2025 01:10:17 AM",,"MIN","Y","B","M","66","CS","N","N","155.25","N"
"22629","01/27/2026 12:33:30 AM",,"MIN","Y","B","F","47","CS","N","N",,"N"
"20251724","07/11/2026 02:28:00 PM",,"MIN","N","B","M","51","DE","N","N","120.00","N"
"20218363","08/31/2025 05:21:16 PM",,"MAX","N","B","M","22","DE","N","Y","120.07","Y"
"147653","05/12/2026 09:02:17 AM",,"MAX","Y","B","M","36","DE","N","Y","160.15","N"
"20225122","05/26/2026 11:11:31 AM",,"MIN","Y","B","M","22","CS","N","N",,"N"
"20058282","02/06/2026 06:29:24 PM",,"MAX","N","B","M","38","DE","N","Y","160.15","N"
"20233254","03/09/2026 08:59:28 PM",,"MED","Y","B","M","55","DE","N","N","130.35","N"
"20033531","06/22/2026 04:09:04 PM",,"MAX","N","B","M","35","DE","N","Y","110-125.25","N"
"20024875","02/14/2026 01:23:58 PM",,"MIN","N","W","M","60","CS","N","N","120.00","N"
"20229363","04/10/2026 05:22:47 PM",,"MIN","Y","O","M","69","CS","N","N","155.25","N"
"20125626","04/03/2026 12:20:46 PM",,"MED","Y","B","M","40","DE","N","N","120.05","N"
"20241171","12/01/2025 12:38:22 PM",,"MIN","Y","B","M","35","DE","N","N","140.25","N"
"20249599","03/27/2026 09:26:01 AM",,"MED","Y","B","M","35","DE","N","N","120.25","N"
"20156815","08/19/2025 12:53:37 PM",,"MAX","Y","B","M","28","DEP","N","Y","160.05","Y"
"20231711","06/01/2024 05:07:00 PM",,"MED","Y","B","M","20","DE","N","N","110-125.25","Y"
"20241504","02/06/2025 04:48:00 PM",,"MIN","N","B","M","43","DE","N","N","110-125.25","Y"
"20144479","11/12/2025 01:01:16 AM",,"MAX","Y","O","M","40","DE","N","N","160.15","Y"
"20241780","07/01/2026 12:37:29 AM",,"MIN","Y","O","F","39","DE","N","N","260.10","N"
"20052353","10/02/2025 03:12:24 PM",,"MIN","N","B","M","40","DE","N","N","220.43","N"
"20188010","06/22/2026 04:33:33 PM",,"MED","Y","B","M","31","DE","N","N","120.05","N"
"20008864","03/01/2026 02:50:22 PM",,"MED","Y","O","M","45","DE","N","N","125.25","Y"
"20247866","12/18/2025 12:33:15 AM",,"MIN","N","O","M","23","DE","N","N","160.10","N"
"20147133","12/06/2025 08:46:22 PM",,"MED","N","B","M","36","DE","N","Y","215.52","N"
"20217337","08/26/2022 01:38:03 AM",,"MED","Y","B","M","38","DE","N","N","125.25","N"
"26605","03/16/2026 10:42:08 PM",,"MAX","Y","O","M","47","DE","N","N","120.05","Y"
"20248810","02/13/2026 07:17:00 PM",,"MIN","Y","B","M","66","DE","N","N","120.05","N"
"20073692","04/11/2026 01:08:06 PM",,"MIN","Y","A","M","67","DE","N","N","110-125.25","Y"
"20222206","12/03/2025 03:29:39 PM",,"MED","N","O","M","25","DE","N","Y","220.16","Y"
"10008695","08/23/2025 01:25:45 AM",,"MIN","Y","B","M","57","DE","N","N","160.10","N"
"20248038","12/30/2025 04:12:19 PM",,"MIN","Y","W","M","28","DE","N","N","120.05","Y"
"20040491","01/16/2026 01:03:04 AM",,"MAX","Y","B","M","37","DE","N","Y","140.30","Y"
"20126307","01/14/2026 12:18:17 AM",,"MAX","Y","B","M","28","CS","N","Y","160.10","Y"
"77119","06/28/2026 12:40:28 AM",,"MED","Y","B","M","45","DE","N","N","140.20","N"
"20170607","12/22/2025 03:09:50 PM",,"MED","Y","B","M","28","DE","N","Y","220.16","Y"
"20239348","10/17/2024 03:48:44 PM",,"MIN","Y","B","M","27","DE","N","N","125.15","Y"
"20248262","01/13/2026 01:09:20 PM",,"MIN","Y","B","M","24","CS","N","N",,"N"
"9161","06/05/2026 11:22:04 PM",,"MED","Y","B","M","67","DE","N","N","140.20","N"
"20041226","07/07/2026 06:01:00 PM",,"MED","Y","B","M","32","DE","N","Y","120.08","N"
"59789","06/11/2026 03:03:44 PM",,"MED","Y","O","M","40","DE","N","N","160.15","N"
"20249674","04/01/2026 10:56:14 AM",,"MED","Y","B","M","25","DE","N","N","150.15","N"
"20238604","02/13/2026 08:46:27 AM",,"MAX","N","B","M","21","DE","N","Y","125.25","Y"
"91943","06/21/2026 05:00:53 PM",,"MED","Y","B","M","41","DE","N","N","160.10","N"
"20103920","07/11/2026 01:05:00 PM",,"MED","N","B","M","39","DE","N","N","220.16","N"
"20224613","03/23/2026 05:39:25 PM",,"MAX","N","B","M","25","DE","N","Y","110-125.25","Y"
"37365","05/30/2024 08:06:36 PM",,"MAX","Y","B","M","38","DE","N","Y","135.20","Y"
"20107983","06/29/2026 04:16:31 PM",,"MED","N","B","M","30","DE","N","N","AC 000.00","N"
"67591","06/25/2026 06:05:32 PM",,"MAX","Y","O","M","44","DEP","N","N","110-120.05","N"
"20047259","07/10/2026 12:48:12 PM",,"MIN","N","B","M","37","DE","N","N","110-120.10","N"
"3415","04/03/2025 12:02:53 PM",,"MED","Y","O","M","49","DNS","N","Y","140.20","N"
"80435","06/13/2026 11:12:00 PM",,"MED","Y","B","M","64","DE","N","N","130.35","N"
"152570","05/09/2026 07:29:16 PM",,"MIN","Y","H","M","43","DE","N","N","120.05","N"
"20107187","02/20/2026 05:13:46 PM",,"MED","N","O","M","33","DE","N","Y","CO","N"
"20251556","07/09/2026 05:01:49 PM",,"MIN","N","A","M","25","DE","N","N","140.25","N"
"20114283","10/31/2024 01:19:04 PM",,"MAX","N","O","M","31","DE","N","N","160.15","Y"
"20247870","05/23/2026 07:50:04 PM",,"MIN","Y","B","M","25","DE","N","N","120.05","N"
"20248131","01/06/2026 04:17:45 PM",,"MED","Y","B","F","24","DE","N","N","125.25","Y"
"20241404","10/28/2025 12:43:46 PM",,"MAX","N","B","M","22","DE","N","Y","110-220.39","Y"
"20094363","12/23/2025 11:45:00 PM",,"MAX","Y","B","M","34","DE","N","N","265.02","N"
"20053190","05/09/2026 05:22:58 PM",,"MIN","Y","B","M","32","DE","N","N","120.10","N"
"20032617","12/06/2025 12:52:26 AM",,"MED","Y","B","M","36","CS","N","Y","220.16","Y"
"20067636","07/13/2026 03:35:03 PM",,"MAX","N","W","M","35","DE","N","N","110-125.25","N"
"20240588","07/04/2026 05:42:33 PM",,"MIN","Y","B","M","41","DE","N","N","120.14","N"
"41407","06/02/2022 11:27:00 PM",,"MED","Y","B","M","46","DE","N","N","160.10","Y"
"20087168","04/14/2026 07:29:58 PM",,"MIN","Y","B","M","47","DE","N","N","265.03","N"
"84415","03/03/2025 02:42:47 PM",,"MIN","N","B","M","49","DE","N","N","110-125.25","N"
"125726","10/06/2025 10:43:42 AM",,"MAX","Y","B","M","38","DE","N","N","160.10","Y"
"20251355","06/27/2026 08:50:22 PM",,"MED","Y","B","F","25","DE","N","N","120.05","N"
"20250628","05/15/2026 11:51:31 AM",,"MIN","N","B","M","21","DE","N","Y","265.03","N"
"20207768","11/13/2024 09:46:00 PM",,"MAX","Y","O","M","42","DE","N","N","125.25","Y"
"20250575","05/13/2026 04:14:23 PM",,"MED","Y","O","M","46","DE","N","N","125.27","N"
"20101093","09/02/2025 10:37:00 PM",,"MAX","Y","B","M","32","DE","N","N","110-125.25","Y"
"20250358","05/04/2026 03:59:56 PM",,"MIN","Y","O","M","38","DNS","N","N",,"N"
"20240446","12/10/2024 05:22:21 PM",,"MED","Y","B","M","31","DE","N","Y","230.34","Y"
"20239948","06/24/2026 06:23:27 PM",,"MED","N","B","M","21","DE","N","Y","110-125.25","N"
"16762","06/25/2026 05:11:22 PM",,"MAX","N","B","M","39","DEP","N","N","220.16","N"
"20193690","10/21/2025 05:41:51 PM",,"MAX","Y","B","M","31","DE","N","N","130.35","Y"
"20212344","07/02/2026 02:47:07 PM",,"MED","N","B","M","27","DE","N","N","125.25","N"
"20223568","03/15/2023 02:43:54 PM",,"MED","N","B","M","74","DE","N","N","125.25","Y"
"20231821","08/11/2025 08:20:13 PM",,"MAX","Y","O","M","30","DE","N","N","155.35","Y"
"77839","12/22/2025 05:37:58 PM",,"MED","Y","O","M","47","DE","N","N","140.25","Y"
"20240303","04/09/2026 03:14:34 PM",,"MAX","Y","B","M","20","DE","N","Y","160.15","Y"
"20225515","07/13/2026 04:11:48 PM",,"MED","N","B","M","31","DE","N","N","110-140.25","N"
"20243920","05/05/2026 01:42:43 PM",,"MED","Y","B","M","20","CS","N","Y","265.01B","N"
"20250955","06/01/2026 12:17:00 PM",,"MIN","Y","W","M","54","CS","N","N",,"N"
"20077342","10/10/2025 03:30:11 PM",,"MED","N","B","M","35","DE","N","N","121.12","Y"
"20224079","08/09/2024 07:11:13 PM",,"MAX","Y","B","M","21","DE","N","Y","105.15","Y"
"20251485","06/29/2026 01:09:00 AM",,"MAX","Y","B","M","19","DE","N","Y","220.16","N"
"20251680","07/09/2026 01:11:12 PM",,"MIN","N","B","M","24","DE","N","N","110-120.07","N"
"20224360","07/07/2026 11:58:17 AM",,"MAX","N","B","M","27","DE","N","Y","110-120.10","N"
"41938","03/10/2026 12:01:33 AM",,"MIN","N","B","M","59","DE","N","N","160.10","N"
"73388","04/21/2026 06:48:00 PM",,"MED","Y","B","M","53","DE","N","N","140.20","N"
"20251607","07/05/2026 11:53:56 AM",,"MED","Y","O","F","36","DE","N","N","140.30","N"
"20247691","12/09/2025 12:03:00 PM",,"MED","Y","B","M","29","DE","N","N","125.25","N"
"20232241","10/21/2025 12:44:25 PM",,"MED","N","B","M","20","DE","N","Y","125.25","Y"
"108220","03/03/2025 12:18:00 AM",,"MED","Y","B","M","48","DE","N","N","140.25","Y"
"20247917","12/21/2025 01:35:49 AM",,"MED","N","O","M","37","CS","N","N","FOA 900.00","N"
"20096903","03/19/2026 01:22:09 PM",,"MAX","N","B","M","31","DEP","N","Y","VOP","Y"
"20191496","11/28/2025 04:01:06 PM",,"MAX","Y","B","M","25","DE","N","Y","105.15","Y"
"20020381","05/01/2026 12:58:46 PM",,"MIN","Y","B","M","52","DE","N","N","140.20","N"
"20213106","06/08/2023 05:49:38 PM",,"MAX","Y","B","M","24","DE","N","Y","105.15","Y"
"20242534","04/02/2025 04:55:39 PM",,"MED","N","O","M","31","DE","N","N","125.27","Y"
"20222457","05/28/2025 01:10:42 AM",,"MIN","Y","O","M","25","DE","N","N","125.25","N"
"20247068","11/06/2025 02:43:44 PM",,"MED","Y","B","F","36","DE","N","N","120.10","Y"
"168573","04/09/2026 02:43:00 PM",,"MAX","Y","B","M","36","DE","N","Y","FOA 900.00","N"
"20156335","06/04/2026 10:49:51 AM",,"MAX","N","B","M","29","DEP","N","Y","110-120.10","N"
"20246012","06/28/2026 04:04:30 PM",,"MED","N","B","M","18","DE","N","Y","265.03","N"
"10000810","02/27/2026 12:30:50 AM",,"MAX","Y","O","M","39","DE","N","N","160.05","Y"
"20243990","06/09/2025 04:59:56 PM",,"MED","Y","B","M","21","DE","N","N","125.25","Y"
"20081193","02/11/2024 05:12:18 PM",,"MAX","Y","B","M","32","DE","N","Y","125.25","Y"
"20249036","02/27/2026 01:21:38 AM",,"MED","Y","O","M","25","DE","N","N","140.25","Y"
"20187899","02/27/2025 11:29:00 PM",,"MAX","Y","B","M","25","DE","N","Y","160.15","Y"
"20241342","04/22/2026 08:00:32 PM",,"MAX","Y","B","M","26","DE","N","N","120.10","Y"
"20221292","07/13/2026 04:32:27 PM",,"MIN","N","W","M","40","DE","N","N","240.30","N"
"32666","07/13/2026 05:54:08 PM",,"MED","Y","B","M","37","DE","N","Y","265.01","N"
"20043138","11/17/2025 01:02:52 AM",,"MAX","Y","B","M","34","DE","N","N","140.25","Y"
"20058405","11/19/2025 08:19:22 PM",,"MED","Y","O","M","32","DE","N","N","140.30","N"
"10004137","04/11/2026 12:54:10 PM",,"MIN","N","B","M","44","DE","N","N","140.20","N"
"20036510","05/22/2026 04:24:37 PM",,"MAX","Y","B","F","47","CS","N","N","160.10","N"
"62086","07/11/2026 03:58:35 PM",,"MED","N","O","M","44","DE","N","N","140.25","N"
"142456","06/24/2026 11:26:00 PM",,"MIN","N","B","M","59","DE","N","N","140.20","N"
"20251706","07/10/2026 04:43:55 PM",,"MIN","N","O","M","41","DE","N","N","120.00","N"
"20117190","09/24/2025 11:44:01 PM",,"MAX","Y","B","M","37","DE","N","N","110-120.10","Y"
"20228775","02/16/2024 12:58:24 PM",,"MAX","Y","O","M","25","DE","N","N","130.50","Y"
"52859","11/24/2025 04:36:35 PM",,"MED","Y","B","M","43","DE","N","N","140.20","N"
"20098","05/30/2025 02:17:25 PM",,"MIN","N","B","M","47","CS","N","N",,"N"
"20251695","07/10/2026 12:29:42 AM",,"MED","N","O","M","29","DE","N","N","160.15","N"
"99726","05/27/2026 07:00:18 PM",,"MED","Y","A","M","49","DE","N","N","120.05","N"
"20251087","06/08/2026 12:39:52 AM",,"MED","Y","B","M","54","DE","N","N","140.30","N"
"20213537","04/23/2025 03:30:33 PM",,"MED","Y","B","M","25","DE","N","N","125.25","Y"
"20225932","07/10/2026 01:04:13 PM",,"MIN","N","B","M","60","DE","N","N","140.20","N"
"10007004","05/20/2026 01:44:52 AM",,"MAX","N","B","M","36","DE","N","Y","121.12","Y"
"65046","03/17/2026 04:32:45 PM",,"MAX","Y","U","F","44","DE","N","N","160.15","N"
"20247896","12/19/2025 01:48:05 PM",,"MAX","Y","B","M","20","CS","N","Y","110-160.10","Y"
"26318","06/18/2026 08:54:49 PM",,"MED","N","O","M","52","DE","N","N","140.25","N"
"20136953","02/20/2026 11:06:45 AM",,"MED","N","O","M","28","DE","N","Y","120.05","Y"
"45225","06/24/2026 01:13:18 PM",,"MAX","N","B","F","37","CS","N","N",,"Y"
"65772","07/11/2026 12:47:56 AM",,"MED","N","O","M","51","DEP","N","N","VOP","N"
"20019436","03/28/2026 03:51:53 PM",,"MAX","N","B","M","32","DE","N","Y","120.10","Y"
"20156392","02/19/2026 12:23:08 AM",,"MIN","N","B","M","27","DE","N","Y","160.15","N"
"20244802","07/18/2025 09:11:31 PM",,"MED","Y","O","M","56","DE","N","N","125.25","N"
"20064992","07/19/2025 04:20:40 PM",,"MAX","Y","O","M","34","DEP","N","N","120.05","Y"
"20240069","11/21/2024 05:02:09 PM",,"MED","Y","O","M","36","DE","N","N","125.25","Y"
"20247649","06/11/2026 12:49:48 PM",,"MED","N","O","M","20","DE","N","N","160.15","N"
"60288","07/11/2026 04:50:34 PM",,"MED","N","B","M","51","DEP","N","N","155.25","N"
"101853","04/13/2026 04:31:26 PM",,"MIN","Y","W","M","50","DE","N","N","FOA 900.00","N"
"20250793","05/24/2026 05:06:34 PM",,"MIN","Y","B","M","22","DE","N","N","265.03","Y"
"20248933","02/21/2026 12:15:04 AM",,"MED","N","B","M","48","DE","N","N","130.75","N"
"20210900","08/18/2025 11:36:24 AM",,"MAX","Y","O","M","40","DE","N","N","140.30","Y"
"20245840","09/06/2025 12:18:51 PM",,"MAX","N","B","M","31","DE","N","Y","110-125.25","Y"
"20222544","02/26/2026 12:01:30 PM",,"MAX","N","B","M","28","DE","N","N","220.41","Y"
"106988","03/25/2026 12:13:43 PM",,"MED","Y","B","M","38","CS","N","N","220.03","N"
"92783","12/04/2025 10:47:56 AM",,"MIN","N","O","M","46","CS","N","N","220.03","Y"
"61666","04/28/2026 01:59:26 PM",,"MIN","Y","H","M","41","DE","N","N","121.12","N"
"20145389","04/28/2026 06:38:00 PM",,"MAX","Y","B","M","27","DE","N","Y","120.10","Y"
"62470","06/09/2026 09:02:36 AM",,"MED","Y","O","M","46","DPV","N","N",,"N"
"20051623","04/19/2026 11:56:46 AM",,"MED","Y","B","M","46","DE","N","N","160.05","N"
"105818","11/03/2025 05:31:15 PM",,"MED","N","B","M","36","DE","N","N","215.52","N"
"20250307","05/01/2026 07:13:07 PM",,"MED","N","B","M","23","DE","N","N","FOA 900.00","N"
"20096009","04/15/2026 11:33:16 PM",,"MIN","Y","O","M","42","DE","N","N","160.05","N"
"20241713","07/05/2026 12:13:46 PM",,"MED","Y","B","M","19","DE","N","Y","160.10","N"
"115276","02/22/2025 11:23:05 AM",,"MED","Y","W","M","43","DE","N","N","160.15","Y"
"20188328","12/21/2023 07:08:24 PM",,"MED","N","B","M","80","DE","N","N","125.25","N"
"20178657","07/11/2025 11:34:14 AM",,"MED","Y","O","M","26","DE","N","Y","160.15","Y"
"20210345","03/21/2026 05:06:47 PM",,"MED","Y","O","M","33","DE","N","N","110-265.03","Y"
"21072","04/30/2025 04:47:27 PM",,"MED","Y","B","M","39","DE","N","Y","265.03","N"
"56150","05/19/2026 11:10:00 PM",,"MED","Y","B","M","52","DE","N","N","130.35","N"
"20038423","09/20/2025 12:13:00 AM",,"MAX","Y","O","F","40","DE","N","Y","140.25","Y"
"20251765","07/13/2026 11:25:51 PM",,"MED","N","O","M","18","DE","N","N","160.15","N"
"124760","08/06/2025 01:35:04 AM",,"MED","Y","B","M","43","DE","N","N","110-125.25","N"
"20225470","06/27/2025 06:04:41 PM",,"MIN","N","A","M","28","CS","N","N",,"Y"
"20249721","04/03/2026 08:55:12 PM",,"MED","N","B","M","19","DE","N","Y","110-125.25","Y"
"20246184","04/21/2026 12:45:52 PM",,"MIN","Y","B","M","30","DE","N","N","145.00","N"
"20136818","02/26/2026 04:02:33 PM",,"MED","N","B","M","36","DE","N","N","125.25","N"
"20108689","02/27/2026 04:17:57 PM",,"MIN","N","B","M","37","CS","N","N",,"N"
"20216960","02/19/2026 12:00:28 PM",,"MAX","N","B","M","22","DE","N","Y","110-125.25","Y"
"20053816","06/05/2026 01:04:28 PM",,"MED","Y","W","M","38","DE","N","N","215.51","N"
"20249947","04/14/2026 04:40:38 PM",,"MIN","N","B","F","49","DE","N","N","120.05","Y"
"20249941","04/14/2026 12:15:12 PM",,"MED","N","O","M","19","DE","N","N","160.15","N"
"20230485","02/22/2026 12:24:07 PM",,"MIN","Y","O","M","47","DE","N","N","160.15","N"
"20239394","10/20/2024 12:53:55 AM",,"MAX","N","B","M","25","DE","N","N","265.03","Y"
"20059088","03/31/2026 12:20:05 PM",,"MIN","N","W","M","37","DE","N","N","140.25","N"
"73570","03/26/2026 11:18:00 PM",,"MED","N","B","M","44","DE","N","N","140.25","N"
"20251367","06/23/2026 12:04:38 AM",,"MED","Y","W","M","28","DE","N","N","FOA 900.00","N"
"57854","06/26/2026 04:58:10 PM",,"MIN","N","B","M","51","DE","N","N","140.20","N"
"20244511","06/30/2026 11:55:14 AM",,"MAX","Y","B","M","26","DE","N","N","125.25","N"
"20134003","11/25/2025 01:40:00 AM",,"MED","N","A","M","34","DE","N","N","110-130.35","N"
"20153826","06/26/2026 01:07:22 PM",,"MAX","N","B","M","37","CSP","N","Y",,"N"
"20116255","04/03/2026 05:50:26 AM",,"MED","Y","O","M","34","DE","N","N","110-160.10","Y"
"20231704","05/31/2024 10:24:25 PM",,"MAX","Y","B","M","29","DE","N","Y","125.25","Y"
"10000306","03/01/2026 12:23:55 PM",,"MED","Y","O","M","48","DE","N","N","130.96","N"
"20249095","03/02/2026 02:03:04 AM",,"MED","N","O","M","31","DE","N","N","125.25","N"
"20251373","06/23/2026 11:52:13 AM",,"MIN","Y","B","F","28","DE","N","N","120.05","Y"
"20231509","05/22/2024 12:23:51 PM",,"MED","Y","O","M","29","DE","N","N","105.10","Y"
"20065779","02/02/2026 11:56:49 AM",,"MIN","Y","A","M","45","DE","N","N","160.15","N"
"20024351","06/13/2025 08:28:21 PM",,"MAX","Y","B","M","33","DE","N","Y","130.95","Y"
"20240294","12/25/2025 11:20:00 AM",,"MIN","Y","A","M","36","CS","N","N","155.35","N"
"20112657","08/07/2025 07:49:37 PM",,"MIN","N","B","M","67","DE","N","N","140.25","N"
"167847","10/31/2025 04:47:55 PM",,"MED","N","B","M","49","DE","N","N","125.25","N"
"20233930","10/04/2025 04:19:45 PM",,"MED","Y","B","M","66","DE","N","N","215.15","N"
"20230018","05/13/2026 11:38:00 AM",,"MAX","N","B","M","21","DE","N","Y","110-160.10","Y"
"20182968","06/23/2026 05:16:43 PM",,"MAX","N","O","M","32","DE","N","N","160.15","N"
"20182617","08/25/2025 12:51:30 AM",,"MAX","Y","B","M","29","DE","N","Y","265.03","Y"
"20239447","04/07/2026 01:12:44 AM",,"MAX","N","O","M","40","DE","N","Y","160.15","Y"
"20248735","02/09/2026 11:59:57 PM",,"MIN","N","B","M","37","DE","N","N","140.25","N"
"20071798","05/26/2026 06:33:18 PM",,"MAX","N","B","F","45","CS","N","N","160.05","Y"
"20243803","05/31/2025 05:10:36 PM",,"MIN","N","B","M","34","DE","N","N","265.03","N"
"20243621","05/22/2025 12:27:36 PM",,"MAX","Y","O","M","29","DE","N","N","110-125.25","Y"
"14621","11/13/2024 06:24:47 PM",,"MIN","N","B","M","55","DE","N","N","265.03","Y"
"20247190","11/12/2025 12:37:27 PM",,"MED","Y","B","M","42","DE","N","N","125.25","N"
"121344","05/27/2026 08:29:00 PM",,"MAX","Y","B","F","42","DE","N","N","220.16","N"
"20217691","12/19/2025 12:43:14 PM",,"MAX","N","O","M","37","DE","N","N","120.10","Y"
"20251764","07/13/2026 10:58:00 PM",,"MED","Y","B","M","18","DE","N","N","160.15","N"
"118166","06/17/2026 12:43:00 PM",,"MED","Y","B","M","44","DE","N","N","140.20","N"
"146968","12/16/2025 09:55:55 PM",,"MAX","Y","B","M","34","DE","N","Y","140.30","Y"
"20229916","04/02/2026 04:54:00 PM",,"MIN","Y","B","M","22","DE","N","Y","160.15","Y"
"20232794","05/09/2025 12:51:59 AM",,"MED","Y","O","M","26","DE","N","N","110-130.35","Y"
"41637","01/28/2024 01:18:41 AM",,"MED","N","B","M","37","DE","N","N","125.25","Y"
"20245124","08/04/2025 01:14:14 AM",,"MIN","N","B","M","19","DE","N","Y","160.15","Y"
"20122389","07/06/2026 01:09:27 PM",,"MIN","N","O","M","31","CS","N","N","110-140.25","N"
"20200803","12/22/2025 12:15:43 PM",,"MAX","Y","B","M","36","DE","N","Y","160.15","N"
"35200","12/29/2025 12:39:34 AM",,"MED","Y","O","M","39","DE","N","Y","220.16","Y"
"20246458","05/03/2026 04:01:36 PM",,"MED","Y","B","M","22","CS","N","N",,"N"
"20251726","07/11/2026 04:53:02 PM",,"MIN","N","O","M","39","DE","N","N","165.52","N"
"20136158","03/18/2026 12:52:45 PM",,"MED","Y","O","M","29","CS","N","N","120.00","N"
"20149071","03/27/2026 12:30:05 AM",,"MAX","Y","O","M","56","DEP","N","N","155.30","N"
"20221944","07/03/2026 12:33:16 PM",,"MED","Y","O","F","41","DE","N","N","155.30","N"
"20239266","07/14/2026 12:34:21 AM",,"MED","N","B","M","28","DE","N","Y","220.16","N"
"20233317","08/16/2024 08:16:25 PM",,"MED","Y","W","M","29","DE","N","N","110-125.25","Y"
"126565","05/14/2026 01:22:52 AM",,"MIN","N","O","M","54","CS","N","N",,"N"
"20140709","03/17/2026 03:01:04 PM",,"MIN","Y","B","M","29","DE","N","N","110-125.25","N"
"20228009","07/02/2026 09:02:00 PM",,"MAX","Y","B","M","22","DE","N","N","160.15","N"
"10013541","10/31/2025 12:24:26 AM",,"MIN","Y","B","M","53","DE","N","N","220.16","N"
"20244305","06/25/2025 11:25:13 AM",,"MAX","Y","B","M","24","DE","N","N","110-125.27","Y"
"20242721","06/11/2026 01:27:00 AM",,"MAX","Y","O","M","20","DE","N","N","160.15","N"
"20228581","12/15/2023 12:32:29 PM",,"MAX","Y","B","M","22","DE","N","Y","125.25","Y"
"20178689","07/13/2026 04:07:27 PM",,"MED","Y","O","M","58","DEP","N","N","VOP","N"
"20165018","11/04/2025 08:36:27 PM",,"MED","Y","B","M","27","DE","N","N","140.20","N"
"20240752","07/06/2026 11:55:20 AM",,"MAX","Y","O","M","23","DE","N","Y","160.15","N"
"20225668","07/06/2023 04:04:13 PM",,"MAX","Y","O","M","21","DE","N","Y","125.25","Y"
"20223237","07/12/2026 07:23:00 PM",,"MED","Y","O","F","35","DE","N","N","160.05","N"
"20251480","06/28/2026 05:22:32 PM",,"MED","Y","O","M","20","DE","N","N","110-160.10","N"
"146558","12/19/2025 01:36:03 AM",,"MAX","Y","O","M","36","DE","N","N","120.05","N"
"20247830","12/16/2025 11:22:03 AM",,"MIN","Y","B","M","19","CS","N","Y",,"Y"
"20226292","01/03/2025 11:21:27 AM",,,"N","B","F","32","DE","N","N","160.05","N"
"10003510","07/03/2026 12:06:37 AM",,"MIN","Y","O","M","39","DE","N","N","120.00","N"
"20251188","06/12/2026 03:19:46 PM",,"MED","N","H","M","20","DE","N","Y","125.25","N"
"20233016","02/17/2025 12:10:01 AM",,"MED","N","O","M","33","DE","N","N","140.25","Y"
"20250327","05/02/2026 09:06:49 PM",,"MIN","Y","B","M","18","DE","N","N","265.03","N"
"20238732","01/20/2026 11:13:56 AM",,"MIN","N","B","M","55","CS","N","N","265.01B","N"
"20244869","02/04/2026 01:02:17 AM",,"MIN","Y","O","M","31","DE","N","N","120.08","Y"
"20251463","06/27/2026 01:23:46 PM",,"MED","Y","B","F","21","DE","N","N","140.20","N"
"20223008","07/04/2026 11:22:52 AM",,"MED","Y","B","M","32","DE","N","N","265.02","N"
"20170457","12/08/2024 11:10:00 PM",,"MAX","Y","B","M","28","DE","N","Y","265.03","Y"
"20050394","04/14/2026 12:19:00 AM",,"MIN","N","B","M","40","DE","N","N","160.10","N"
"20064976","07/01/2026 11:47:00 PM",,"MIN","Y","W","M","55","DE","N","N","155.40","N"
"20247240","11/14/2025 09:20:41 AM",,"MED","Y","W","F","33","DE","N","N","160.15","Y"
"20224391","03/17/2024 12:52:08 AM",,"MAX","Y","B","M","21","DE","N","Y","130.95","Y"
"141851","10/04/2024 06:38:42 PM",,"MIN","Y","O","M","47","DE","N","N","120.10","N"
"20246218","09/24/2025 11:45:38 AM",,"MIN","Y","B","M","44","DE","N","N","120.10","N"
"20057429","07/02/2026 12:54:18 PM",,"MED","Y","B","F","61","DE","N","N","160.15","N"
"20241065","01/15/2025 02:54:35 PM",,"MED","N","B","M","23","DE","N","Y","265.03","Y"
"20250499","05/10/2026 04:26:13 PM",,"MED","Y","B","M","28","DE","N","N","125.25","Y"
"160142","02/03/2026 11:25:31 AM",,"MED","Y","B","M","45","DE","N","N","140.25","N"
"20251424","06/25/2026 01:08:26 PM",,"MED","N","B","M","18","DE","N","Y","105.15","N"
"20226882","06/25/2026 01:12:00 AM",,"MED","Y","B","M","24","DE","N","Y","110-125.25","N"
"20025750","06/30/2026 02:41:15 PM",,"MAX","Y","O","M","33","DE","N","N","160.15","N"
"10968","03/16/2026 08:50:32 PM",,"MIN","N","B","M","44","DE","N","N","220.16","N"
"20247339","11/19/2025 04:22:31 PM",,"MIN","N","B","M","21","DE","N","N","105.15","Y"
"20247192","11/12/2025 02:37:12 PM",,"MED","Y","B","M","36","DE","N","N","150.15","Y"
"45805","07/11/2026 08:26:08 PM",,"MED","N","B","M","50","DEP","N","N","120.00","N"
"20006229","02/18/2026 01:15:54 AM",,"MIN","N","B","M","49","DE","N","N","265.03","N"
"20249233","03/09/2026 11:49:40 AM",,"MIN","Y","O","M","30","DE","N","N","110-160.15","N"
"20250938","05/31/2026 12:31:08 PM",,"MIN","Y","B","F","28","DE","N","N","215.50","Y"
"20147716","05/21/2026 11:38:00 AM",,"MED","Y","B","F","33","DE","N","N","120.05","Y"
"20230917","04/30/2026 06:57:00 PM",,"MIN","Y","W","F","42","DE","N","N","140.25","N"
"20189744","03/07/2026 08:36:44 PM",,"MAX","Y","B","M","30","CS","N","N","110-125.27","Y"
"20250565","05/13/2026 01:18:44 AM",,"MAX","N","O","M","34","DE","N","N","121.11","Y"
"20150267","06/15/2026 08:49:00 PM",,"MIN","Y","O","M","41","DE","N","N","140.20","N"
"20217529","01/19/2026 05:19:12 PM",,"MAX","N","B","M","29","DE","N","N","125.25","N"
"20226523","06/12/2026 07:28:32 PM",,"MED","N","B","M","21","DE","N","Y","160.15","N"
"20245404","06/17/2026 05:10:54 PM",,"MIN","N","O","M","31","DE","N","N","110-125.25","N"
"20248001","01/28/2026 09:58:44 AM",,"MIN","Y","B","F","45","DE","N","N","353-A(1)","Y"
"109588","06/26/2026 01:13:00 AM",,"MIN","N","B","M","60","DE","N","N","265.03","N"
"20245799","09/04/2025 03:27:59 PM",,"MED","Y","B","M","39","DE","N","N","125.25","Y"
"151524","06/06/2026 08:38:18 PM",,"MED","N","O","M","42","DE","N","N","120.05","N"
"20251539","07/02/2026 12:23:26 AM",,"MED","Y","B","M","45","DE","N","N","130.52","N"
"20206693","05/24/2026 02:04:00 PM",,"MAX","Y","O","M","24","DE","N","Y","265.03","N"
"20245081","08/01/2025 04:15:05 AM",,"MED","Y","O","F","37","DE","N","N","125.27","N"
"20207543","04/16/2026 05:01:01 PM",,"MAX","Y","B","M","26","DE","N","Y","160.10","Y"
"20229395","02/02/2024 11:52:47 AM",,"MED","N","B","M","63","DE","N","N","125.25","Y"
"20251377","06/23/2026 04:06:32 PM",,"MED","N","O","M","28","DE","N","N","265.02","N"
"153999","04/26/2026 12:42:55 AM",,"MIN","Y","B","M","57","DE","N","N","140.25","N"
"20249974","04/15/2026 03:18:45 PM",,"MIN","Y","W","M","44","DE","N","N","155.42","N"
"55842","12/30/2025 04:56:13 PM",,"MIN","Y","B","M","51","DE","N","N","160.15","N"
"10014247","03/11/2026 05:02:46 PM",,"MIN","N","O","M","41","DE","N","Y","220.77","N"
"132664","07/27/2024 05:07:52 PM",,"MAX","Y","B","M","36","DE","N","Y","140.25","Y"
"20223721","01/22/2026 08:52:11 PM",,"MED","Y","B","M","31","DE","N","N","155.30","N"
"20242699","04/10/2025 04:07:45 PM",,"MIN","Y","A","M","31","DE","N","N","230.34","N"
"20206976","02/18/2026 01:12:23 PM",,"MAX","Y","O","M","23","DE","N","N","265.03","Y"
"20245579","08/25/2025 12:13:25 AM",,"MED","Y","O","M","31","DE","N","Y","220.16","Y"
"20123957","04/03/2026 01:29:00 AM",,"MAX","N","B","M","29","DE","N","N","220.16","N"
"53320","05/18/2026 04:21:59 PM",,"MED","Y","O","M","38","DE","N","N","160.10","N"
"20215314","04/29/2025 11:45:31 AM",,"MED","Y","B","M","35","DE","N","N","130.35","Y"
"10010650","08/23/2025 09:02:53 PM",,"MED","Y","B","M","40","DE","N","Y","120.05","Y"
"20124495","05/13/2026 09:14:40 PM",,"MIN","Y","B","M","34","DE","N","N","120.05","N"
"20238224","06/07/2026 12:41:06 AM",,"MIN","Y","B","M","31","DE","N","N","120.05","N"
"30217","06/11/2026 07:49:35 PM",,"MAX","Y","W","M","39","DE","N","Y","140.25","N"
"8716","05/12/2026 01:36:31 PM",,"MIN","N","B","M","61","DE","N","N","140.20","N"
"20225110","06/08/2023 03:10:10 PM",,"MAX","N","B","M","25","DE","N","Y","125.25","Y"
"20238423","03/17/2026 05:24:07 PM",,"MED","N","O","M","21","CS","N","N",,"N"
"20182720","07/01/2026 04:35:35 PM",,"MIN","Y","B","M","41","DE","N","N","155.30","N"
"20250850","05/27/2026 09:09:08 PM",,"MED","Y","O","M","64","DE","N","N","130.35","N"
"20223596","04/03/2026 05:30:00 PM",,"MED","Y","B","M","24","DE","N","N","160.10","Y"
"20212884","10/27/2025 01:16:33 PM",,"MAX","Y","B","M","27","DE","N","Y","110-130.35","Y"
"20243084","04/29/2025 01:30:41 PM",,"MED","Y","O","M","45","SSR","N","N",,"N"
"20248297","05/08/2026 08:45:43 PM",,"MIN","Y","O","M","43","DE","N","N","120.05","N"
"30459","10/17/2025 04:20:51 PM",,"MAX","Y","B","M","38","DE","N","Y","160.10","Y"
"20229996","11/01/2024 07:47:01 AM",,"MAX","Y","B","M","22","DE","N","Y","125.25","Y"
"20216374","04/30/2026 01:26:41 PM",,"MAX","Y","O","M","23","DEP","N","N","110-120.10","Y"
"20033691","06/25/2026 11:16:08 PM",,"MIN","N","B","M","62","CS","N","N","140.30","N"
"20238944","09/25/2024 05:10:11 PM",,"MAX","Y","W","M","29","DE","N","N","120.10","Y"
"20239891","11/13/2024 06:29:57 PM",,"MIN","N","B","M","58","DE","N","N","265.03","N"
"77051","03/26/2026 01:31:00 AM",,"MAX","Y","B","M","62","DE","N","N","155.30","Y"
"153526","09/28/2025 11:10:09 PM",,"MED","N","B","M","36","DE","N","N","160.10","Y"
"20210353","12/17/2025 01:03:45 AM",,"MIN","Y","B","M","26","DE","N","N","160.15","Y"
"20244256","06/22/2025 11:23:00 PM",,"MIN","Y","B","M","47","DE","N","N","110-160.10","Y"
"20245285","01/23/2026 12:23:48 AM",,"MAX","N","O","M","19","DE","N","N","160.15","Y"
"20246479","06/27/2026 08:11:38 PM",,"MIN","N","B","M","58","DE","N","N","121.12","N"
"20240444","12/10/2024 05:03:08 PM",,"MED","Y","I","M","87","DE","N","N","125.25","Y"
"20240548","06/02/2026 12:07:59 PM",,"MIN","Y","B","M","41","DE","N","N","120.05","N"
"20251707","07/10/2026 04:59:16 PM",,"MED","N","O","M","26","DE","N","N","170.25","N"
"146691","07/01/2026 11:17:36 PM",,"MIN","N","B","M","60","DE","N","N","220.16","N"
"67937","09/24/2025 03:39:30 PM",,"MAX","N","B","M","36","DE","N","Y","125.25","Y"
"20246352","09/30/2025 04:33:32 PM",,"MED","N","O","M","28","DE","N","N","130.35","Y"
"50441","06/28/2026 12:23:00 AM",,"MAX","N","B","M","38","DE","N","Y","265.03","N"
"20246689","10/17/2025 01:08:36 AM",,"MED","Y","O","M","32","DE","N","N","120.05","Y"
"20175239","05/09/2025 11:54:06 AM",,"MAX","Y","O","M","28","SSR","N","Y",,"Y"
"20249826","04/08/2026 08:47:36 PM",,"MAX","Y","O","M","27","DE","N","N","130.25","Y"
"152919","08/23/2024 11:48:47 PM",,"MED","Y","B","M","37","DE","N","Y","125.27","Y"
"76280","05/29/2026 03:50:12 PM",,"MAX","Y","O","M","41","DE","N","N","160.15","N"
"20024774","06/15/2026 01:01:42 PM",,"MED","N","B","M","34","CS","N","Y",,"N"
"20217422","07/09/2026 12:01:04 PM",,"MED","N","O","M","48","DE","N","N","155.35","N"
"20249895","04/11/2026 04:12:18 PM",,"MED","Y","B","F","24","DE","N","N","265.03","N"
"20097059","06/15/2026 07:09:29 PM",,"MED","Y","B","M","49","DEP","N","N","VOP","N"
"20247453","05/21/2026 11:42:00 AM",,"MIN","Y","A","M","44","DE","N","N","165.50","N"
"20248043","12/30/2025 07:07:17 PM",,"MIN","N","O","M","32","DE","N","N","220.21","N"
"20244010","06/10/2025 04:23:15 PM",,"MAX","Y","B","M","22","DE","N","Y","110-125.25","Y"
"20072113","10/16/2025 04:39:33 PM",,"MAX","N","O","M","35","DE","N","Y","110-125.25","Y"
"20239286","10/09/2025 03:51:37 PM",,"MAX","N","O","M","33","DE","N","N","160.15","Y"
"51533","07/06/2026 02:43:21 PM",,"MED","Y","B","M","36","DEP","N","N","220.16","N"
"20251091","06/08/2026 12:10:39 PM",,"MIN","N","B","M","22","DE","N","N","265.03","N"
"20251609","07/05/2026 01:16:05 PM",,"MED","N","B","M","19","DE","N","Y","110-125.25","N"
"20240947","04/02/2026 05:20:21 PM",,"MED","Y","W","M","63","DE","N","N","160.05","Y"
"20102361","01/20/2026 04:01:27 PM",,"MIN","N","B","M","30","CS","N","Y","220.09","Y"
"20058068","05/29/2026 11:52:58 PM",,"MIN","Y","B","F","42","DE","N","N","155.30","Y"
"20225203","06/12/2023 08:05:02 PM",,"MED","Y","B","M","23","DE","N","Y","105.17","Y"
"20243234","09/12/2025 09:52:57 AM",,"MED","N","B","M","19","DE","N","Y","105.15","Y"
"151502","05/09/2026 03:21:06 PM",,"MIN","N","B","M","42","DE","N","N","110-125.25","N"
"20242124","04/17/2026 01:42:47 AM",,"MAX","Y","O","M","27","DE","N","N","140.20","Y"
"20250090","04/20/2026 12:09:36 PM",,"MIN","N","O","M","59","DE","N","N","FOA 900.00","N"
"20231691","05/31/2024 01:08:00 AM",,"MAX","Y","B","M","24","DE","N","Y","125.25","Y"
"20022946","12/03/2024 07:10:09 PM",,"MAX","Y","O","M","36","DE","N","N","140.30","Y"
"20079861","01/18/2025 03:55:25 PM",,"MED","Y","B","M","31","DE","N","N","125.25","Y"
"20154941","01/14/2026 07:09:46 PM",,"MIN","N","O","M","63","DE","N","N","220.21","N"
"144745","03/27/2026 10:51:00 PM",,"MAX","Y","B","M","41","DEP","N","Y","160.10","N"
"20244192","07/09/2025 02:54:19 PM",,"MED","Y","B","M","34","DE","N","N","120.05","Y"
"20239474","06/12/2026 12:42:27 PM",,"MED","N","B","M","20","DNS","N","Y",,"N"
"20090780","07/31/2025 12:28:57 AM",,"MED","N","O","F","36","DE","N","N","220.43","N"
"20244865","05/06/2026 01:29:43 AM",,"MIN","Y","O","M","33","DE","N","N",,"Y"
"20243027","07/06/2026 12:55:18 PM",,"MIN","Y","W","F","32","DE","N","N","120.05","N"
"20246419","07/06/2026 12:34:07 PM",,"MED","N","O","M","33","DE","N","N","140.20","N"
"20173283","05/16/2026 12:26:53 PM",,"MIN","N","O","M","44","CS","N","N","215.50","N"
"100247","06/25/2026 12:40:04 PM",,"MAX","N","O","M","36","DE","N","N","220.16","N"
"20240296","10/20/2025 11:36:58 PM",,"MAX","N","O","M","21","DE","N","Y","120.06","Y"
"20163870","05/27/2026 09:25:40 AM",,"MED","Y","B","M","29","DE","N","N","120.10","N"
"29278","01/12/2026 11:58:24 AM",,"MIN","Y","B","M","51","DE","N","N","140.20","N"
"20250198","04/25/2026 12:12:00 AM",,"MIN","Y","W","M","53","CS","N","N","140.15","N"
"26477","09/09/2025 04:27:44 PM",,"MAX","Y","B","M","44","DE","N","N","120.05","Y"
"20119115","06/26/2026 04:23:42 PM",,"MIN","Y","O","M","33","DE","N","N","120.05","Y"
"20054868","06/23/2026 02:19:18 PM",,"MIN","Y","B","F","57","CS","N","N",,"N"
"20140582","05/18/2025 01:51:22 AM",,"MIN","Y","B","M","40","DE","N","N","140.30","N"
"20250501","05/10/2026 06:42:41 PM",,"MIN","N","B","M","38","DE","N","N","120.00","N"
"20049993","07/31/2025 03:31:39 PM",,"MAX","N","B","M","34","DE","N","Y","265.03","Y"
"107485","03/03/2026 04:26:00 PM",,"MED","Y","W","M","65","DE","N","N","140.20","Y"
"20250539","05/12/2026 02:33:00 PM",,"MED","N","B","M","18","DE","N","N","125.25","N"
"124530","04/03/2026 12:31:45 AM",,"MED","Y","O","M","46","DE","N","N","220.16","N"
"20246192","09/22/2025 07:54:02 PM",,"MED","Y","W","M","38","DE","N","N","125.25","N"
"20206649","07/08/2025 11:08:01 AM",,"MAX","Y","B","M","24","DE","N","Y","105.17","Y"
"20251277","06/17/2026 11:38:23 PM",,"MIN","Y","B","F","27","DE","N","N","FOA 900.00","N"
"20132201","07/10/2026 09:15:17 PM",,"MAX","N","B","M","28","DE","N","Y","155.30","N"
"20174579","03/22/2026 12:43:34 AM",,"MED","Y","B","M","36","DE","N","N","120.05","Y"
"150073","04/27/2021 08:42:00 PM",,"MED","N","B","M","44","DE","N","Y","125.25","Y"
"20146566","06/08/2026 03:41:27 PM",,"MAX","Y","O","M","43","DE","N","N","215.51","N"
"20251081","06/07/2026 07:57:27 PM",,"MED","Y","B","M","31","DE","N","N","140.25","N"
"20244145","06/17/2025 05:18:18 PM",,"MIN","N","B","M","19","DE","N","N","105.15","Y"
"20196019","06/15/2026 05:48:16 PM",,"MAX","Y","W","M","39","DEP","N","N","120.05","N"
"20249781","04/07/2026 11:08:49 AM",,"MED","N","O","M","32","CS","N","N","155.35","Y"
"20241836","08/03/2025 08:08:07 PM",,"MED","Y","W","M","41","DE","N","N","140.30","N"
"20123471","04/25/2026 05:16:00 PM",,"MAX","Y","A","M","30","DE","N","Y","120.05","N"
"20028408","06/18/2026 12:41:37 PM",,"MIN","N","O","M","34","CS","N","N",,"N"
"84601","05/21/2026 04:48:56 PM",,"MIN","Y","O","M","48","DE","N","N","165.45","N"
"20241216","03/26/2026 01:03:38 PM",,"MAX","Y","B","F","23","CS","N","N",,"Y"
"138130","06/08/2026 10:59:28 AM",,"MIN","Y","O","M","44","DE","N","N","160.05","N"
"20251410","06/25/2026 12:03:09 AM",,"MAX","Y","O","F","28","DE","N","N","110-120.10","N"
"20168225","02/27/2026 12:04:14 PM",,"MAX","N","A","M","26","DE","N","N","110-125.25","N"
"73374","11/24/2025 12:46:20 PM",,"MIN","N","B","M","39","DE","N","N","110-125.25","N"
"35967","06/03/2025 02:33:16 PM",,"MIN","N","O","M","58","DE","N","N","160.15","N"
"84751","07/26/2025 03:59:50 PM",,"MED","N","B","M","37","DE","N","N","125.25","N"
"65828","06/17/2025 03:32:34 PM",,"MAX","Y","W","M","58","SSR","N","N",,"Y"
"20213824","05/09/2026 01:44:51 PM",,"MAX","Y","B","F","29","DE","N","N","110-160.10","Y"
"20250792","05/24/2026 04:14:26 PM",,"MIN","N","O","M","25","DE","N","N","120.05","N"
"20249069","04/24/2026 10:24:57 AM",,"MED","N","A","M","24","DE","N","N","130.95","N"
"33949","03/27/2026 04:50:58 PM",,"MIN","Y","O","M","58","DE","N","N","120.05","N"
"20023026","03/27/2026 06:38:15 PM",,"MED","N","O","M","47","DE","N","N","220.18","N"
"20228338","06/04/2026 10:47:00 PM",,"MIN","Y","B","M","48","DE","N","N","160.15","N"
"20218929","02/10/2026 11:54:07 AM",,"MIN","Y","B","M","24","DE","N","N","160.15","N"
"20240206","11/17/2025 04:33:56 PM",,"MED","Y","B","M","30","DE","N","N","140.20","N"
"26266","11/20/2025 07:37:58 PM",,"MED","Y","B","M","42","DE","N","N","220.16","Y"
"20117763","05/09/2023 12:07:17 PM",,"MAX","Y","B","F","34","DE","N","N","125.25","Y"
"38219","05/07/2026 03:16:58 PM",,"MAX","Y","O","M","38","DEP","N","N","120.18","N"
"20250156","04/23/2026 01:06:36 PM",,"MAX","Y","B","M","20","DE","N","Y","105.15","N"
"20183939","03/07/2026 12:43:09 AM",,"MIN","Y","A","M","60","DE","N","N","215.52","N"
"3245","10/21/2025 11:22:55 AM",,"MIN","N","O","M","53","DE","N","N","165.50","N"
"166300","05/22/2024 05:13:23 PM",,"MED","N","B","M","34","DE","N","Y","110-125.25","Y"
"20251756","07/13/2026 12:12:04 PM",,"MIN","N","B","M","28","CS","N","N","110-265.03","N"
"18132","06/26/2026 11:41:00 PM",,"MAX","Y","B","M","42","DE","N","Y","160.15","N"
"39328","07/09/2026 01:10:37 AM",,"MED","Y","B","M","65","DE","N","N","120.05","N"
"20242917","06/14/2026 01:02:17 PM",,"MED","N","O","M","20","DE","N","N","110-125.25","N"
"154123","10/21/2025 04:27:36 PM",,"MIN","Y","B","F","61","DE","N","N","110-125.25","N"
"20249160","06/19/2026 07:52:06 PM",,"MIN","Y","W","F","37","DE","N","N","220.16","N"
"20247655","12/06/2025 11:39:26 AM",,"MED","Y","O","M","22","DE","N","N","110-125.25","Y"
"20245295","07/09/2026 12:24:28 PM",,"MED","N","B","M","29","CS","N","N","120.14","N"
"6199","08/28/2025 11:00:13 AM",,"MAX","N","B","M","43","DE","N","Y","160.15","Y"
"20218719","04/18/2026 12:38:50 AM",,"MED","Y","O","F","42","DE","N","N","155.30","N"
"20004493","06/07/2026 07:39:38 PM",,"MIN","Y","B","M","55","DE","N","N","110-150.15","N"
"20226044","04/04/2024 10:24:12 PM",,"MAX","Y","B","M","23","DE","N","Y","125.25","Y"
"20043070","06/24/2025 12:16:52 PM",,"MED","Y","B","M","35","DE","N","N","120.05","Y"
"20231232","12/23/2025 12:23:00 PM",,"MIN","Y","B","M","50","DE","N","N","110-125.25","N"
"20073895","11/14/2025 08:01:04 PM",,"MIN","Y","B","M","58","DNS","N","N",,"N"
"20003917","03/13/2026 07:36:00 PM",,"MAX","Y","B","M","33","DE","N","N","110-135.20","Y"
"20130686","05/06/2026 04:03:37 PM",,"MIN","Y","O","M","28","DE","N","N","110-160.10","N"
"20248563","01/29/2026 01:21:13 PM",,"MED","N","B","M","19","DE","N","N","265.03","Y"
"20227451","05/23/2025 11:09:22 AM",,"MIN","Y","W","M","50","DE","N","N","215.51","Y"
"20184197","10/25/2025 08:58:47 PM",,"MAX","Y","B","M","38","DE","N","Y","160.05","Y"
"20168798","06/02/2026 12:14:05 AM",,"MED","Y","W","M","28","DE","N","N","130.52","N"
"20201755","10/16/2025 01:43:43 PM",,"MIN","Y","B","M","45","DE","N","N","220.39","Y"
"20249601","03/27/2026 12:57:45 PM",,"MAX","Y","B","M","19","DE","N","Y","125.25","Y"
"20251545","07/02/2026 12:43:54 PM",,"MED","N","B","M","21","DE","N","N","105.15","N"
"3739","11/12/2025 01:02:07 PM",,"MIN","Y","B","M","60","DE","N","N","110-125.25","N"
"20203733","10/23/2022 07:54:48 PM",,"MAX","Y","B","M","28","DE","N","Y","160.15","Y"
"20239954","06/27/2026 04:23:03 PM",,"MAX","Y","W","F","32","DE","N","N","215.51","Y"
"20205310","05/19/2026 08:56:00 PM",,"MED","Y","B","M","30","DE","N","N","130.25","N"
"145319","06/19/2026 03:25:08 PM",,"MIN","Y","B","M","34","CS","N","N","155.25","N"
"162402","12/14/2025 12:17:00 AM",,"MED","Y","O","M","36","CS","N","N","125.25","Y"
"20042646","06/10/2026 12:11:52 PM",,"MAX","N","B","M","35","DE","N","Y","215.52","N"
"20202216","10/16/2025 03:29:30 PM",,"MIN","Y","B","M","51","DE","N","N","140.25","N"
"170099","04/15/2026 02:50:00 PM",,"MIN","N","O","M","44","DE","N","N","120.05","N"
"20084887","09/14/2025 04:48:43 PM",,"MED","Y","O","M","34","DE","N","N","130.95","Y"
"20238258","07/09/2026 04:34:49 PM",,"MED","Y","B","M","22","DE","N","N","215.56","N"
"20208653","09/08/2025 12:47:03 PM",,"MED","Y","O","M","26","DE","N","N","160.15","Y"
"20244238","07/06/2026 11:10:00 AM",,"MIN","N","W","M","37","DE","N","N","140.25","N"
"20243112","04/30/2025 04:57:07 PM",,"MED","Y","O","M","29","DE","N","N","125.25","Y"
"20224803","03/24/2026 12:23:26 AM",,"MIN","Y","O","M","37","CS","N","N","155.35","N"
"20245864","09/07/2025 08:35:52 PM",,"MIN","N","B","M","62","DE","N","N","121.12","N"
"20226971","03/27/2024 03:50:44 PM",,"MIN","Y","B","M","52","DE","N","N","120.10","N"
"20246087","09/17/2025 09:00:00 PM",,"MED","N","O","M","46","DE","N","N","130.35","N"
"20184808","02/05/2025 09:48:52 AM",,"MAX","Y","B","M","26","DE","N","Y","110-125.25","Y"
"87247","11/26/2025 09:00:10 PM",,"MED","Y","B","M","42","DE","N","N","140.25","N"
"20226717","06/26/2026 12:33:56 PM",,"MIN","N","O","M","49","DE","N","N","140.20","N"
"20251347","06/21/2026 08:01:00 PM",,"MIN","N","O","M","29","DE","N","N","120.00","N"
"51633","06/26/2026 01:06:04 PM",,"MIN","N","B","M","48","DE","N","N","220.16","N"
"20169897","04/09/2026 01:11:30 AM",,"MIN","Y","W","M","37","DE","N","N","155.35","N"
"20217672","12/07/2025 11:56:59 PM",,"MED","Y","A","F","23","CS","N","N","VOP","N"
"20155959","07/11/2026 12:48:22 PM",,"MED","N","O","M","37","DE","N","N","120.05","N"
"20246048","09/16/2025 02:53:25 PM",,"MIN","N","O","M","41","DE","N","N","120.04","N"
"20248916","02/19/2026 11:00:00 PM",,"MED","Y","B","M","23","DE","N","N","110-125.25","Y"
"20086714","01/21/2026 11:59:26 PM",,"MED","N","W","M","63","DE","N","N","130.75","N"
"94728","07/13/2026 01:05:57 PM",,"MED","Y","O","M","50","DE","N","N","165.45","N"
"56643","03/16/2026 12:01:07 PM",,"MIN","Y","O","M","39","CS","N","N",,"N"
"20245985","09/12/2025 04:54:14 PM",,"MED","Y","B","M","44","DE","N","N","130.35","Y"
"20218263","12/31/2025 08:14:48 PM",,"MIN","N","O","M","37","DE","N","N","140.20","N"
"164689","04/21/2026 10:10:30 PM",,"MED","Y","B","M","36","DE","N","N","0","N"
"20229117","04/10/2025 09:45:41 AM",,"MAX","N","B","M","21","DE","N","Y","105.15","Y"
"20181827","11/15/2024 04:29:41 PM",,"MED","Y","B","M","26","DE","N","Y","125.25","Y"
"20192073","03/26/2026 04:08:53 PM",,"MAX","Y","B","M","25","DE","N","Y","120.05","Y"
"135663","03/17/2025 11:40:00 AM",,"MIN","Y","O","M","39","DE","N","N","140.25","N"
"20178078","09/07/2025 01:16:16 AM",,"MIN","Y","A","M","59","DE","N","N","150.15","N"
"20250986","06/03/2026 11:07:00 AM",,"MIN","Y","O","F","25","DE","N","N","140.20","N"
"20148881","07/23/2025 02:42:23 PM",,"MAX","Y","O","M","33","DE","N","N","110-140.25","N"
"41386","11/08/2025 09:23:23 PM",,"MED","N","B","M","56","CS","N","N","145.00","N"
"20239613","06/23/2026 03:26:07 PM",,"MED","Y","B","M","19","DE","N","Y","110-125.25","N"
"20213538","07/03/2026 05:11:13 PM",,"MAX","Y","B","M","25","DE","N","N","160.15","N"
"20228468","07/09/2026 01:08:57 PM",,"MED","Y","O","F","44","DE","N","N","140.20","N"
"20248770","02/11/2026 08:09:36 PM",,"MIN","Y","B","F","47","DE","N","N","155.35","Y"
"20156769","12/07/2025 03:24:00 PM",,"MED","Y","B","M","48","DE","N","N","120.05","Y"
"20245330","05/27/2026 12:58:46 PM",,"MIN","N","W","M","21","DE","N","N",,"Y"
"20050250","01/24/2026 10:21:42 PM",,"MED","Y","B","M","37","DEP","N","N","140.25","N"
"169504","05/15/2025 04:25:15 PM",,"MIN","Y","B","M","37","DE","N","N","110-125.25","Y"
"20251248","06/17/2026 12:07:26 AM",,"MIN","Y","O","M","45","CS","N","N",,"N"
"20083115","07/05/2025 12:22:33 PM",,"MAX","Y","B","M","31","DE","N","N","265.03","Y"
"20115151","06/10/2026 04:14:16 PM",,"MED","N","O","M","37","DE","N","N","215.52","N"
"20142129","07/14/2026 08:04:00 PM",,"MED","N","W","M","34","DE","N","N","140.20","N"
"46207","12/04/2025 12:30:19 PM",,"MAX","Y","B","M","38","DE","N","N","135.20","Y"
"91045","03/04/2025 12:10:04 AM",,"MIN","N","B","M","47","DE","N","N","220.21","N"
"20005247","03/13/2022 01:01:40 AM",,"MAX","Y","A","M","35","DE","N","Y","125.25","Y"
"20249695","04/02/2026 02:53:24 PM",,"MED","Y","B","F","18","DE","N","Y","110-125.25","Y"
"20214976","05/28/2026 07:12:06 PM",,"MAX","Y","B","M","25","DE","N","N","125.25","Y"
"20246886","10/27/2025 03:45:22 PM",,"MIN","N","O","M","58","DNS","N","N",,"N"
"20251517","06/30/2026 10:41:00 PM",,"MED","Y","B","M","33","DE","N","N","160.10","N"
"106250","09/30/2025 12:43:39 PM",,"MAX","N","B","M","41","DE","N","N","220.43","Y"
"48681","06/05/2026 12:36:29 PM",,"MAX","Y","O","F","41","DE","N","N","160.15","Y"
"20073704","03/16/2026 01:23:17 PM",,"MAX","Y","O","F","31","DE","N","N","110-160.05","Y"
"20244932","07/24/2025 08:32:39 PM",,"MED","Y","O","M","32","DE","N","N","130.95","N"
"83645","05/10/2024 05:03:00 PM",,"MED","N","B","M","54","DE","N","N","125.25","N"
"27875","06/05/2026 01:35:30 PM",,"MED","N","O","M","49","DE","N","N","220.03","N"
"40949","03/17/2024 04:30:00 PM",,"MAX","Y","O","M","46","DE","N","Y","160.15","Y"
"20245327","08/14/2025 01:22:17 AM",,"MED","Y","O","M","47","DE","N","N","130.75","Y"
"20250711","05/19/2026 03:59:57 PM",,"MED","N","B","M","22","DE","N","Y","105.17","N"
"20247394","11/21/2025 11:50:25 AM",,"MED","N","O","M","20","DE","N","Y","105.15","Y"
"20245300","08/13/2025 12:59:26 AM",,"MED","Y","O","M","29","DE","N","N","130.35","N"
"20211269","04/15/2026 12:21:49 AM",,"MAX","Y","B","M","26","DE","N","Y","121.12","Y"
"20190954","06/09/2026 10:57:56 AM",,"MED","N","B","M","28","DE","N","Y","130.25","N"
"20230916","04/21/2024 08:22:41 PM",,"MED","Y","B","M","39","DE","N","N","110-125.25","Y"
"20119021","03/30/2026 07:39:00 PM",,"MAX","Y","O","M","30","DE","N","N","160.10","Y"
"20188242","07/09/2026 05:27:21 PM",,"MIN","N","B","M","48","DE","N","N","265.03","N"
"20249512","03/22/2026 08:32:00 PM",,"MIN","N","B","M","22","DE","N","N","265.03","Y"
"20225679","05/17/2026 12:07:36 PM",,"MED","Y","A","M","34","DE","N","N","120.00","N"
"20193320","01/14/2026 01:45:44 AM",,"MIN","Y","A","M","52","DE","N","N","120.10","N"
"156290","03/01/2024 12:37:26 AM",,"MED","N","O","M","52","DEP","N","N","140.30","Y"
"20136605","12/02/2025 03:52:33 PM",,"MAX","Y","B","M","46","DE","N","N","140.30","Y"
"66047","06/05/2025 07:38:00 PM",,"MAX","Y","B","M","38","DE","N","N","110-125.25","Y"
"20246122","09/19/2025 01:03:52 PM",,"MAX","N","B","M","22","DE","N","Y","125.25","Y"
"34744","01/26/2026 09:01:02 PM",,"MED","Y","B","M","42","DE","N","N","140.25","N"
"110998","07/03/2025 04:04:11 PM",,"MED","Y","B","M","36","DE","N","N","120.05","N"
"20064936","02/18/2025 05:05:24 PM",,"MED","N","B","M","32","DE","N","N","105.10","N"
"1550","07/13/2025 09:29:56 PM",,"MIN","Y","B","M","61","DE","N","N","140.20","Y"
"20222687","04/21/2026 03:38:46 PM",,"MED","Y","W","M","64","DE","N","N","165.45","Y"
"20251723","07/11/2026 01:26:39 PM",,"MIN","Y","B","F","32","DE","N","N","120.05","N"
"20210462","07/14/2026 03:43:30 PM",,,"N","B","M","52","DNS","N","N",,"N"
"20247170","11/11/2025 11:38:01 AM",,"MIN","Y","B","M","25","DE","N","N","140.25","Y"
"20251196","06/12/2026 10:31:01 PM",,"MIN","Y","O","M","51","DE","N","N","110-125.25","N"
"20001445","04/07/2026 04:45:55 PM",,"MED","Y","B","M","38","DE","N","Y","230.34","N"
"99246","07/13/2026 04:05:00 PM",,"MED","Y","B","M","40","DE","N","N","140.30","N"
"20241456","02/04/2025 12:47:10 PM",,"MED","Y","W","M","34","DE","N","N","130.35","Y"
"20251653","07/07/2026 11:25:11 PM",,"MED","N","O","M","22","DE","N","Y","265.03","N"
"20241461","06/07/2026 02:28:22 PM",,"MED","Y","O","F","26","DE","N","N","220.16","N"
"86920","01/20/2026 04:10:05 PM",,"MIN","N","B","M","44","CS","N","N",,"N"
"20241975","03/06/2025 04:15:50 PM",,"MED","N","B","M","27","DE","N","N","125.25","Y"
"20166671","04/24/2026 07:20:00 PM",,"MED","N","B","M","63","DE","N","N","220.16","N"
"20245746","09/01/2025 02:34:47 PM",,"MAX","Y","B","M","19","DE","N","Y","120.10","Y"
"20246260","09/25/2025 07:33:34 PM",,"MED","N","B","M","30","DE","N","N","140.25","Y"
"46824","04/14/2026 07:38:58 PM",,"MIN","Y","W","M","56","DE","N","N","155.30","N"
"20223937","04/05/2023 06:53:09 PM",,"MED","N","O","M","40","DE","N","N","125.25","Y"
"20239531","09/12/2025 02:09:44 PM",,"MED","Y","B","F","40","CS","N","N","215.55","Y"
"14441","09/05/2024 11:58:02 PM",,"MIN","Y","B","M","56","DE","N","N","140.25","Y"
"20247460","11/24/2025 11:24:56 PM",,"MED","Y","W","M","46","DE","N","N","125.25","N"
"114328","06/19/2026 07:33:00 PM",,"MED","Y","W","M","43","DE","N","N","120.05","N"
"20930","09/28/2023 04:38:00 PM",,"MED","N","B","M","45","DE","N","N","265.03","Y"
"24715","05/27/2026 08:57:36 AM",,"MAX","Y","B","M","38","DEP","N","N","VOP","N"
"20099070","01/16/2025 04:32:13 PM",,"MAX","Y","B","M","30","DE","N","N","120.05","Y"
"20030959","04/10/2026 08:17:46 PM",,"MIN","N","O","M","32","DE","N","N","110-125.25","Y"
"20092268","09/08/2024 01:09:41 AM",,"MAX","Y","B","M","30","DE","N","Y","160.15","Y"
"63273","07/03/2026 11:45:51 AM",,"MIN","Y","A","M","48","DE","N","N","120.14","N"
"10012344","08/17/2023 12:04:10 AM",,"MAX","Y","O","M","44","DE","N","N","125.25","Y"
"104666","08/19/2024 04:56:51 PM",,"MAX","Y","O","M","37","DE","N","Y","160.15","Y"
"20187525","12/18/2024 02:16:52 PM",,"MIN","N","B","M","26","DE","N","N","110-125.25","N"
"20215463","05/27/2026 04:19:05 PM",,"MED","Y","A","M","40","DE","N","N","120.00","N"
"20251720","07/11/2026 11:59:07 AM",,"MIN","N","B","M","40","DE","N","N","160.10","N"
"20223867","05/02/2026 12:54:51 AM",,"MAX","Y","B","F","27","DE","N","N","155.25","N"
"75100","01/02/2026 05:03:07 PM",,"MIN","Y","B","M","41","DE","N","N","110-125.25","N"
"20224054","07/13/2026 12:54:53 AM",,"MAX","N","B","M","29","DE","N","Y","110-120.05","N"
"20229866","04/13/2026 01:44:45 PM",,"MAX","Y","B","M","25","DNS","N","N","110-160.15","N"
"123818","04/30/2025 07:23:11 PM",,"MED","Y","B","M","49","DE","N","N","160.10","Y"
"99953","10/30/2025 01:16:45 AM",,"MAX","Y","B","M","35","DE","N","Y","265.03","Y"
"20251426","06/25/2026 02:17:01 PM",,"MED","N","B","M","18","DE","N","Y","105.15","N"
"20232804","08/11/2025 11:10:00 AM",,"MAX","N","B","M","24","DE","N","Y","110-125.25","Y"
"10488","11/26/2024 04:35:38 PM",,"MAX","Y","B","M","39","DE","N","Y","130.95","Y"
"20243906","06/05/2025 11:19:14 AM",,"MIN","Y","W","M","49","DE","N","N","140.30","N"
"20231620","05/28/2024 01:15:24 AM",,"MAX","Y","W","M","38","DE","N","N","125.25","Y"
"20251437","06/25/2026 08:48:03 PM",,"MED","N","O","M","29","DE","N","N","160.15","N"
"20251471","06/27/2026 10:51:00 PM",,"MIN","N","B","M","24","DE","N","N","120.00","N"
"23035","03/05/2026 12:17:15 AM",,"MAX","N","B","M","39","DE","N","Y","160.10","Y"
"20218720","10/18/2024 03:49:49 PM",,"MED","N","O","M","25","DE","N","Y","125.25","Y"
"20239701","10/27/2025 04:13:19 PM",,"MIN","Y","B","M","47","DE","N","N","160.10","N"
"62793","12/14/2023 07:06:51 PM",,"MAX","Y","B","M","44","DE","N","Y","125.25","Y"
"20206073","03/27/2026 04:40:21 PM",,"MAX","Y","B","M","24","DE","N","Y","110-120.10","Y"
"20010931","05/26/2025 11:56:16 AM",,"MED","N","O","M","35","DE","N","N","130.30","Y"
"27304","09/19/2025 05:19:26 PM",,"MAX","Y","O","M","37","SSR","N","Y",,"Y"
"20249259","03/10/2026 05:18:02 PM",,"MIN","Y","B","F","63","DE","N","N","135.65","N"
"33761","12/21/2023 07:04:00 PM",,"MED","Y","B","M","38","DE","N","Y","265.03","Y"
"114652","04/03/2026 01:09:07 PM",,"MED","Y","B","M","48","DE","N","N","160.15","Y"
"109359","07/13/2026 08:07:27 PM",,"MAX","Y","O","M","45","DEP","N","N","155.30","N"
"113974","07/13/2024 04:10:03 PM",,"MED","Y","B","M","39","DE","N","N","125.25","Y"
"10011037","02/12/2024 12:41:20 AM",,"MED","Y","B","M","39","DE","N","N","125.25","Y"
"20251521","07/01/2026 11:14:00 AM",,"MED","Y","O","M","32","DE","N","N","120.05","N"
"20002242","05/16/2024 04:58:00 PM",,"MED","Y","B","M","55","DEP","N","N","130.95","N"
"20251542","07/02/2026 09:01:54 AM",,"MIN","Y","I","M","41","DE","N","N",,"N"
"120337","07/11/2026 11:49:20 AM",,"MED","N","B","M","35","DE","N","Y","265.03","N"
"20133708","08/04/2025 11:37:22 PM",,"MAX","N","B","M","28","DE","N","N","140.30","Y"
"20165286","03/09/2026 11:15:00 AM",,"MED","Y","B","M","52","CS","N","N",,"N"
"20227399","10/10/2023 08:35:31 PM",,"MED","N","O","M","47","DE","N","N","125.25","N"
"20164742","07/14/2026 02:20:03 PM",,,"Y","B","M","40","DE","N","N","215.15","N"
"20199362","06/28/2026 01:30:45 AM",,"MIN","N","B","M","49","DE","N","N","265.03","N"
"20221343","06/07/2026 12:45:20 AM",,"MAX","N","B","M","22","DE","N","Y","160.10","N"
"20243028","05/20/2026 01:45:13 PM",,"MED","Y","B","F","28","DE","N","N","140.25","N"
"20251045","06/05/2026 10:28:30 PM",,"MED","N","B","M","34","DE","N","N","121.12","N"
"20227843","11/04/2023 12:59:29 PM",,"MED","Y","B","M","43","SSR","N","N",,"N"
"20247333","11/19/2025 02:20:08 PM",,"MED","Y","B","M","21","DE","N","Y","125.25","Y"
"20001778","04/15/2026 04:28:31 PM",,"MIN","Y","B","M","34","DE","N","N","160.10","N"
"66654","04/15/2026 01:39:01 AM",,"MIN","Y","O","M","44","DE","N","N","120.05","N"
"20222654","07/14/2026 12:46:14 AM",,"MED","N","B","M","22","DE","N","N","160.10","N"
"20210078","07/04/2025 01:14:07 AM",,"MIN","Y","W","M","44","DNS","N","N","220.16","N"
"20161507","07/07/2026 07:53:48 PM",,"MIN","Y","B","M","26","DE","N","N","160.10","N"
"136892","11/01/2025 08:02:00 PM",,"MED","N","O","M","49","DE","N","N","121.12","Y"
"20079361","07/03/2025 06:53:23 PM",,"MAX","Y","B","M","31","DE","N","Y","125.25","Y"
"20246273","11/11/2025 08:28:00 PM",,"MIN","Y","O","M","39","DE","N","N","215.51","Y"
"20241193","02/26/2026 04:55:44 PM",,"MED","Y","O","M","25","DE","N","N","160.05","Y"
"58003","04/19/2026 11:45:02 AM",,"MIN","Y","W","M","37","CS","N","N","165.40","N"
"20248944","02/21/2026 04:03:53 PM",,"MIN","Y","O","M","21","CS","N","N",,"Y"
"20227944","06/26/2026 09:01:51 PM",,"MAX","N","B","M","22","DE","N","N","160.15","N"
"20216416","07/03/2026 12:40:00 AM",,"MED","Y","A","F","44","DE","N","N","140.20","N"
"20240708","12/24/2024 04:01:00 PM",,"MED","N","B","M","47","DE","N","N","125.25","N"
"20228944","01/26/2026 07:44:00 PM",,"MED","Y","B","M","28","DE","N","N","120.00","Y"
"20244515","06/17/2026 09:02:35 PM",,"MIN","Y","O","M","33","CS","N","N","155.25","N"
"20174845","07/09/2026 01:37:11 PM",,"MIN","N","B","M","26","DE","N","N","110-120.07","N"
"20074554","09/28/2024 07:08:55 PM",,"MED","Y","B","M","61","DEP","N","N","160.15","Y"
"20212126","07/01/2026 12:26:24 PM",,"MIN","Y","B","M","66","DE","N","N","120.10","N"
"20230006","03/07/2024 12:15:00 PM",,"MED","Y","O","M","49","DE","N","N","130.75","Y"
"20231563","05/24/2024 09:13:44 PM",,"MAX","Y","B","M","35","DE","N","N","125.25","Y"
"20219750","02/04/2026 02:14:15 PM",,"MED","Y","O","M","22","DE","N","N","110-130.50","N"
"20244958","07/25/2025 06:50:56 PM",,"MED","Y","B","M","25","DE","N","Y","125.25","Y"
"110292","07/02/2026 02:33:50 PM",,"MIN","N","B","M","36","DNS","N","N",,"N"
"10003383","10/28/2025 06:16:39 PM",,"MED","N","O","M","36","DE","N","N","120.10","N"
"20222922","07/10/2026 09:11:04 PM",,"MED","N","B","M","22","DE","N","Y","110-125.25","N"
"20218034","05/20/2025 11:29:58 PM",,"MAX","Y","B","M","35","DE","N","N","125.25","Y"
"10004773","04/28/2026 11:38:34 PM",,"MAX","Y","O","M","37","DE","N","N","140.25","N"
"20225652","06/11/2026 12:03:16 PM",,"MED","N","O","M","32","DE","N","Y","110-265.03","N"
"13055","04/16/2026 09:59:11 PM",,"MIN","Y","O","M","60","DE","N","N","140.20","N"
"20244872","07/22/2025 02:39:01 PM",,"MED","Y","O","M","51","DE","N","N","125.25","N"
"20221437","06/30/2025 05:28:57 PM",,"MAX","Y","B","F","23","DE","N","N","160.10","Y"
"20204133","04/01/2026 07:39:18 PM",,"MIN","Y","W","F","55","DE","N","N","VOP","N"
"20079314","05/20/2026 08:12:32 PM",,"MIN","Y","B","M","49","DE","N","N","145.05","N"
"20243983","02/25/2026 05:14:49 PM",,"MED","N","B","M","26","CS","N","Y","110-120.07","N"
"168429","06/30/2026 01:06:48 AM",,"MAX","N","B","M","37","DE","N","N","165.09","N"
"28991","04/08/2026 11:51:55 AM",,"MAX","Y","B","M","37","DE","N","Y","240.75","Y"
"20161545","07/31/2025 08:16:32 PM",,"MAX","N","B","M","28","DE","N","Y","265.03","Y"
"79173","02/03/2023 12:46:38 AM",,"MED","Y","B","M","60","DE","N","N","125.25","Y"
"10012228","04/14/2026 12:21:32 PM",,"MIN","N","B","M","60","CS","N","N","155.25","N"
"20072884","05/18/2026 01:00:08 PM",,"MIN","Y","O","M","58","DE","N","N","120.10","Y"
"20188581","10/21/2025 03:42:52 PM",,"MAX","Y","B","F","45","DE","N","N","125.20","Y"
"20163962","02/02/2026 11:01:00 PM",,"MIN","Y","B","F","44","DE","N","N","160.10","N"
"20248483","01/24/2026 12:36:21 PM",,"MIN","Y","B","M","36","DE","N","N","265.03","N"
"20203818","02/05/2026 12:12:21 AM",,"MAX","Y","B","M","24","DEP","N","N","VOP","Y"
"20226674","08/29/2023 10:27:00 PM",,"MAX","N","B","M","26","DE","N","Y","125.25","Y"
"20070314","08/14/2025 08:59:24 PM",,"MED","N","B","M","41","DE","N","N","230.34","Y"
"23136","03/18/2026 10:48:27 AM",,"MED","N","B","M","43","DE","N","N","125.25","N"
"77733","07/05/2026 12:41:28 AM",,"MAX","Y","B","F","44","DE","N","N","120.05","N"
"20217937","03/15/2026 08:47:32 PM",,"MED","Y","B","M","40","DE","N","N","155.35","Y"
"20250130","06/25/2026 03:09:23 PM",,"MED","N","B","M","18","DE","N","Y","105.15","N"
"124351","03/12/2025 08:01:00 PM",,"MED","Y","B","M","39","DE","N","N","125.25","N"
"20107431","01/25/2025 06:44:34 PM",,"MAX","Y","B","M","32","DE","N","N","120.05","Y"
"20003394","11/22/2024 08:02:00 PM",,"MIN","Y","B","M","58","DE","N","N","140.25","N"
"20250175","04/24/2026 01:05:36 AM",,"MIN","N","O","M","33","DE","N","N","140.30","N"
"20100058","04/25/2023 12:21:00 PM",,"MED","Y","W","M","48","DE","N","N","125.25","Y"
"20172271","07/04/2026 01:48:22 AM",,"MED","Y","O","M","54","DEP","N","N","140.20","N"
"20176826","10/17/2025 12:33:37 AM",,"MAX","Y","O","M","28","DE","N","Y","160.15","Y"
"20243527","05/29/2026 10:37:06 PM",,"MED","Y","B","M","33","DE","N","N","240.75","N"
"133464","04/06/2026 10:43:45 AM",,"MAX","Y","B","M","36","DE","N","Y","125.27","N"
"20251363","06/22/2026 08:01:59 PM",,"MED","Y","B","F","20","DE","N","N","FOA 900.00","N"
"4263","01/24/2026 04:45:44 PM",,"MIN","N","O","M","44","CS","N","N",,"N"
"20032107","05/31/2026 01:39:41 AM",,"MED","Y","O","M","48","DEP","N","N","168-T(2)","N"
"20208743","04/20/2026 10:26:06 PM",,"MAX","N","O","M","31","CSP","N","N",,"N"
"20191252","01/18/2026 11:20:09 PM",,"MAX","Y","B","M","25","CS","N","Y","120.05","Y"
"20204999","04/22/2026 11:33:15 PM",,"MAX","Y","W","M","36","DE","N","N","140.20","Y"
"20251324","06/20/2026 11:45:00 AM",,"MIN","Y","B","M","25","DE","N","N","130.52","N"
"20241854","04/30/2025 01:18:17 PM",,"MIN","Y","O","M","29","DE","N","N","120.60","Y"
"20116508","04/18/2026 12:53:56 AM",,"MAX","N","O","M","42","DE","N","N","140.25","Y"
"20072515","04/19/2024 04:58:00 PM",,"MIN","N","B","M","56","DE","N","N","220.18","Y"
"20246555","04/25/2026 08:14:07 AM",,"MIN","N","A","M","46","DE","N","N","155.40","N"
"20057468","06/09/2024 12:43:36 PM",,"MED","Y","B","M","38","DE","N","N","125.25","Y"
"20246602","04/28/2026 10:41:53 AM",,"MIN","Y","O","M","38","DE","N","N","155.30","N"
"20248579","02/27/2026 05:05:30 PM",,"MIN","Y","B","M","26","DE","N","Y","120.00","N"
"20229838","03/29/2026 10:37:35 PM",,"MED","Y","B","M","52","DEP","N","Y","140.20","Y"
"20103853","07/14/2026 09:38:21 PM",,"MAX","N","B","M","30","DE","N","Y","140.30","N"
"156910","12/22/2022 03:43:11 PM",,"MAX","Y","B","M","37","DE","N","N","125.25","Y"
"20228052","06/01/2026 05:38:52 PM",,"MIN","N","O","F","31","DE","N","N","120.10","N"
"20248165","01/08/2026 12:24:57 PM",,"MIN","N","B","M","42","CS","N","N","265.01B","N"
"20201363","04/15/2026 12:35:20 AM",,"MIN","N","B","M","36","DE","N","N","120.05","N"
"20025355","05/09/2025 05:16:23 PM",,"MIN","N","O","M","48","DE","N","N","220.43","N"
"67601","06/20/2026 11:56:24 AM",,"MIN","N","B","M","48","DE","N","N","120.00","N"
"92737","03/08/2026 04:15:01 PM",,"MIN","Y","O","M","40","DE","N","N","220.16","N"
"114369","07/13/2026 03:16:08 PM",,"MAX","N","B","M","35","DE","N","N","160.10","N"
"20215065","06/29/2026 10:48:28 PM",,"MAX","Y","B","F","27","DE","N","N","120.10","N"
"19864","03/07/2026 07:22:09 PM",,"MIN","N","B","M","63","DE","N","N","155.30","N"
"158478","11/19/2025 04:07:48 PM",,"MED","Y","O","M","48","DE","N","N","110-130.35","Y"
"20238502","06/30/2025 12:17:56 PM",,"MED","Y","B","M","31","DE","N","N","110-135.20","Y"
"2254","05/06/2026 08:21:31 PM",,"MIN","N","B","M","48","DE","N","N","140.20","N"
"20121468","11/09/2024 06:41:53 PM",,"MED","N","B","M","43","DE","N","N","121.12","Y"
"20080340","10/14/2025 12:07:44 PM",,"MAX","Y","B","M","33","DE","N","N","120.10","Y"
"49331","07/29/2020 08:55:35 PM",,"MED","N","B","M","47","DE","N","Y","125.27","Y"
"20242666","11/05/2025 01:32:35 AM",,"MED","N","O","F","33","DE","N","N","130.35","N"
"20246425","10/04/2025 12:12:00 AM",,"MED","N","O","M","44","DE","N","N","110-130.35","N"
"20047065","01/23/2024 11:34:22 AM",,"MED","Y","B","M","32","DE","N","N","125.25","Y"
"20249199","05/21/2026 08:23:57 PM",,"MED","Y","O","M","32","DE","N","N","155.40","N"
"20049509","03/27/2026 12:23:30 PM",,"MAX","N","W","M","32","DE","N","Y","140.25","Y"
"20240483","06/10/2026 01:24:35 PM",,"MED","Y","W","M","55","DE","N","N","110-130.35","N"
"20242856","04/30/2026 11:36:44 PM",,"MED","Y","B","F","27","CS","N","N",,"Y"
"20249257","03/10/2026 04:47:28 PM",,"MIN","Y","B","F","37","DE","N","N","110-125.25","N"
"20231770","06/04/2024 07:26:51 PM",,"MED","Y","B","F","67","DE","N","N","125.25","Y"
"12095","07/13/2026 08:39:20 PM",,"MIN","N","B","M","56","DE","N","N","155.30","N"
"20246636","10/15/2025 12:29:21 AM",,"MIN","N","O","M","25","DE","N","N","120.10","N"
"20248956","02/22/2026 01:26:07 AM",,"MED","Y","O","M","38","DE","N","N","130.25","N"
"20243342","05/10/2025 12:21:00 AM",,"MED","Y","O","M","49","DE","N","N","130.65","Y"
"20198794","01/11/2026 08:36:00 PM",,"MED","Y","O","M","32","DE","N","N","160.10","N"
"20069526","01/22/2026 08:17:37 PM",,"MAX","N","B","M","33","DE","N","N","110-125.25","Y"
"20175753","05/05/2026 12:49:00 AM",,"MED","Y","B","M","33","DE","N","N","240.32","Y"
"20217450","05/11/2026 01:37:00 PM",,"MAX","Y","B","M","25","DE","N","Y","110-125.25","Y"
"20215449","01/09/2025 09:06:54 PM",,"MAX","Y","B","M","35","DE","N","N","140.25","Y"
"123540","01/30/2025 05:30:04 PM",,"MIN","N","B","M","41","DE","N","N","110-120.10","N"
"20201445","06/09/2026 02:17:21 AM",,"MIN","N","B","M","49","DE","N","N","140.20","N"
"20175593","12/13/2025 12:26:53 PM",,"MIN","Y","B","M","54","DEP","N","N","140.20","Y"
"20240211","05/17/2025 08:38:00 PM",,"MED","N","A","M","29","DE","N","N","160.15","Y"
"20231864","12/15/2025 12:15:46 PM",,"MED","Y","O","M","21","DE","N","Y","220.16","Y"
"20199748","05/07/2026 10:53:36 AM",,"MAX","Y","B","M","24","DE","N","Y","160.10","Y"
"20217244","01/31/2022 12:49:55 PM",,"MED","Y","B","M","44","DE","N","N","125.25","Y"
"20106031","07/01/2026 12:59:14 AM",,"MED","Y","W","F","38","DEP","N","N","160.10","N"
"20223076","12/10/2025 09:33:51 PM",,"MIN","N","B","M","47","CS","N","N","145.00","N"
"20247569","12/02/2025 05:15:32 PM",,"MIN","N","O","M","24","CS","N","Y","220.16","Y"
"20164821","02/22/2026 12:44:22 AM",,"MIN","N","O","M","30","DE","N","Y","265.03","N"
"140902","05/25/2026 11:06:00 AM",,"MED","Y","B","M","51","DE","N","Y","155.35","N"
"20250101","04/21/2026 12:14:23 AM",,"MAX","Y","B","M","29","DE","N","N","120.10","Y"
"20212286","07/07/2026 01:08:14 AM",,"MED","N","O","M","27","DE","N","N","110-120.10","N"
"20222455","01/04/2023 02:51:09 PM",,"MED","Y","O","M","32","DE","N","N","125.25","Y"
"20244962","03/27/2026 12:42:43 PM",,"MAX","Y","B","M","20","DE","N","Y","125.25","Y"
"118686","05/14/2026 04:03:00 PM",,"MIN","N","B","M","53","DE","N","N","140.20","N"
"166640","05/11/2025 03:27:11 PM",,"MED","Y","O","M","42","DE","N","N","160.10","Y"
"20251677","07/09/2026 11:43:47 AM",,"MED","N","O","M","37","DE","N","N","FOA 900.00","N"
"4379","08/26/2024 07:55:03 PM",,"MAX","N","B","M","43","DE","N","N","125.20","Y"
"20250436","05/07/2026 07:49:42 PM",,"MED","N","O","M","24","DE","N","N","125.25","Y"
"20212225","07/01/2026 11:14:02 PM",,"MAX","N","B","M","23","DE","N","Y","160.15","N"
"20053708","06/27/2025 09:15:26 PM",,"MED","Y","B","M","32","DEP","N","N","120.05","N"
"20211656","10/15/2020 07:23:19 PM",,"MAX","Y","B","M","25","DE","N","Y","125.20","Y"
"20164151","04/06/2026 08:05:45 PM",,"MIN","Y","A","M","43","DE","N","N","120.05","Y"
"20075739","09/29/2021 01:16:24 PM",,"MAX","Y","B","M","31","DE","N","Y","125.25","Y"
"20026871","05/21/2026 11:37:21 AM",,"MED","Y","B","M","55","DEP","N","N","220.16","N"
"20251322","06/24/2026 04:45:00 PM",,"MED","Y","B","M","21","DE","N","N","110-125.25","N"
"20219842","10/01/2024 11:10:39 AM",,"MIN","Y","B","M","33","DE","N","N","120.10","N"
"29468","06/23/2026 08:31:34 PM",,"MAX","N","B","M","41","DE","N","Y","215.51","N"
"73226","12/11/2025 04:56:39 PM",,"MIN","Y","B","M","52","DE","N","N","150.10","N"
"20063259","11/14/2024 04:59:01 PM",,"MAX","Y","B","M","32","DE","N","Y","110-125.25","Y"
"20233309","04/30/2026 04:46:18 PM",,"MED","N","O","M","20","CS","N","N","120.10","Y"
"20245692","08/29/2025 11:44:55 PM",,"MAX","N","B","M","25","DE","N","N","265.03","Y"
"20168962","05/30/2025 05:22:22 PM",,"MAX","N","B","M","31","DE","N","Y","135.20","Y"
"20232955","06/24/2026 01:03:46 AM",,"MAX","Y","B","M","35","DE","N","N","140.20","N"
"41987","06/18/2026 01:12:40 AM",,"MAX","Y","B","M","38","DEP","N","Y","220.03","N"
"19595","12/26/2025 09:55:28 PM",,"MIN","Y","A","M","48","DE","N","N","140.20","N"
"20059277","03/17/2026 08:28:50 PM",,"MED","Y","B","M","69","DE","N","N","130.35","N"
"20232081","06/22/2026 12:46:23 PM",,"MED","N","I","M","32","DE","N","N","155.30","N"
"20249892","04/11/2026 01:05:28 PM",,"MIN","Y","O","M","49","DE","N","N","220.39","N"
"20081301","06/23/2026 05:10:00 PM",,"MED","Y","B","M","65","DE","N","N","120.05","N"
"20209960","05/21/2026 01:22:13 PM",,"MED","Y","B","M","41","DE","N","N","168-T","N"
"20249953","04/14/2026 06:57:14 PM",,"MAX","N","B","M","21","CS","N","N","110-125.25","Y"
"20248073","01/01/2026 07:58:19 PM",,"MIN","Y","W","M","29","DE","N","N","110-125.25","N"
"169888","01/03/2025 08:57:28 PM",,"MIN","N","O","M","36","DE","N","N","265.03","N"
"20248351","01/17/2026 12:34:29 PM",,"MED","Y","B","M","22","DE","N","N","125.25","Y"
"20246675","10/16/2025 04:07:05 PM",,"MIN","Y","O","M","34","DE","N","N","220.21","N"
"20249286","03/11/2026 08:38:28 PM",,"MED","Y","B","F","37","DE","N","N","110-120.10","Y"
"32268","08/27/2025 11:16:12 PM",,"MIN","N","B","M","43","DE","N","N","140.30","N"
"20242865","04/18/2025 11:28:57 AM",,"MAX","Y","O","M","20","DE","N","N","110-125.25","Y"
"20248313","01/15/2026 04:08:32 PM",,"MED","Y","B","M","24","DE","N","N","125.25","N"
"61870","02/14/2026 08:18:47 PM",,"MED","N","O","M","57","CS","N","N","155.35","N"
"20205780","02/03/2026 01:27:36 PM",,"MAX","Y","B","M","30","DE","N","Y","220.16","N"
"20248776","02/11/2026 11:35:33 PM",,"MED","Y","B","M","19","DE","N","Y","110-125.25","Y"
"20250634","05/15/2026 01:05:27 PM",,"MIN","N","B","M","23","CS","N","N","215.50","N"
"20241924","06/08/2025 07:47:53 PM",,"MAX","Y","O","M","25","DE","N","N","140.30","Y"
"20227690","05/20/2026 01:03:17 AM",,"MED","Y","O","M","23","DE","N","N","155.35","Y"
"20231603","07/11/2025 12:50:00 PM",,"MAX","Y","O","M","27","DE","N","N","120.10","Y"
"20214727","07/06/2026 11:59:05 AM",,"MED","N","O","M","29","DE","N","N","165.40","N"
"20247652","12/06/2025 12:59:00 AM",,"MED","Y","B","F","24","DE","N","Y","220.16","Y"
"108407","03/10/2026 07:12:00 PM",,"MIN","Y","B","M","61","DE","N","N","215.52","N"
"20240629","05/03/2026 01:18:00 AM",,"MAX","N","O","M","27","DE","N","N","160.10","Y"
"97294","04/09/2026 07:36:29 PM",,"MIN","Y","B","M","47","DEP","N","N","140.20","N"
"20109973","07/14/2025 06:20:07 PM",,"MAX","Y","O","M","45","DNS","N","N",,"Y"
"20246354","06/30/2026 05:13:42 PM",,"MAX","Y","O","M","32","DE","N","N","160.15","N"
"20012215","06/21/2026 12:45:47 PM",,"MAX","Y","B","M","58","DE","N","N","215.51","N"
"20251352","06/22/2026 11:18:40 AM",,"MIN","N","B","M","40","DE","N","N","265.03","N"
"20247307","11/17/2025 11:25:07 AM",,"MED","Y","B","M","19","DE","N","Y","110-125.25","Y"
"107896","02/21/2026 08:02:10 PM",,"MIN","Y","O","M","59","DE","N","N","110-125.25","N"
"20228410","07/06/2026 10:26:00 PM",,"MED","Y","I","M","43","DE","N","N","140.20","N"
"20249694","04/02/2026 12:28:00 PM",,"MED","Y","B","M","19","DE","N","N","130.35","N"
"20219088","04/04/2024 04:36:00 PM",,"MAX","Y","A","M","32","DE","N","N","160.15","Y"
"3899","02/10/2026 08:37:47 PM",,"MIN","N","B","M","65","DE","N","N","140.20","N"
"20193838","07/01/2026 01:27:00 AM",,"MAX","Y","O","M","32","DE","N","N","140.25","N"
"38445","11/15/2025 06:18:50 PM",,"MIN","N","B","M","54","DE","N","N","155.40","N"
"20081759","03/24/2026 01:13:09 PM",,"MED","Y","O","M","31","CS","N","Y","165.40","Y"
"20231830","06/08/2026 09:08:10 PM",,"MED","Y","B","M","32","DE","N","N","140.25","N"
"20243164","05/02/2025 04:45:14 PM",,"MED","N","B","M","56","DE","N","N","125.25","N"
"20196992","02/27/2025 11:58:00 AM",,"MED","N","B","M","38","DE","N","N","125.20","Y"
"20247833","03/11/2026 12:58:27 PM",,"MAX","N","B","M","19","DE","N","Y","125.25","Y"
"20240553","12/16/2024 02:12:00 PM",,"MAX","Y","O","M","44","DE","N","N","110-125.25","Y"
"20111136","08/01/2025 10:27:00 PM",,"MED","Y","B","M","29","CS","N","Y",,"Y"
"22437","06/16/2026 04:08:02 PM",,"MED","Y","O","M","39","DE","N","N","160.15","N"
"54515","06/02/2026 11:17:00 AM",,"MED","Y","B","M","49","DE","N","N","120.05","Y"
"115608","01/08/2026 08:03:38 PM",,"MED","Y","B","M","37","DE","N","N","110-120.10","Y"
"20219334","07/04/2026 04:23:26 PM",,"MIN","Y","B","M","33","DE","N","N","205.30","N"
"20249343","03/13/2026 08:35:19 PM",,"MIN","N","B","M","40","DE","N","N","230.34","N"
"20072263","03/24/2026 06:51:00 PM",,"MIN","N","B","M","59","CS","N","N","155.25","N"
"20238845","09/20/2024 04:28:48 PM",,"MAX","N","O","M","28","DE","N","N","125.25","Y"
"20138568","04/08/2026 02:32:59 AM",,"MAX","N","O","M","29","DE","N","N","160.15","N"
"20248588","01/30/2026 05:48:52 PM",,"MED","N","B","M","37","DE","N","N","130.25","N"
"20248593","01/31/2026 12:34:14 AM",,"MAX","N","B","M","19","DE","N","Y","160.15","Y"
"20242604","04/04/2025 11:55:41 PM",,"MIN","N","O","M","33","DE","N","N","220.21","Y"
"20003412","05/08/2025 12:39:43 PM",,"MAX","N","O","M","33","DE","N","N","460.20","Y"
"20242776","03/19/2026 04:55:09 PM",,"MED","Y","B","M","30","DE","N","N","110-130.65","Y"
"20250152","04/23/2026 11:26:28 AM",,"MIN","N","B","M","35","DE","N","N","160.15","N"
"20007716","03/23/2026 11:33:00 PM",,"MAX","Y","W","M","34","DEP","N","N","140.25","Y"
"20217732","10/07/2022 11:59:38 AM",,"MED","Y","O","M","29","DE","N","N","125.25","Y"
"20249013","02/26/2026 12:45:15 PM",,"MIN","N","O","M","34","DE","N","Y","140.20","N"
"20130149","03/23/2026 04:06:55 PM",,"MED","Y","B","M","29","DE","N","Y","FOA 900.00","Y"
"20251629","07/06/2026 12:19:07 PM",,"MIN","N","O","M","34","DE","N","N","155.30","N"
"52843","05/03/2026 01:45:53 AM",,"MED","Y","B","M","44","DE","N","N","110-120.10","N"
"20239840","11/12/2024 12:12:42 AM",,"MED","Y","O","M","41","DE","N","N","130.35","N"
"20022258","03/06/2026 05:48:14 PM",,"MAX","Y","B","M","34","CS","N","Y","215.51","Y"
"20250224","04/27/2026 12:37:00 PM",,"MED","Y","B","M","21","DE","N","Y","110-125.25","Y"
"20251687","07/09/2026 05:47:54 PM",,"MED","N","O","M","36","DE","N","N","FOA 900.00","N"
"20191029","11/10/2025 10:41:42 PM",,"MED","N","B","M","34","CS","N","N","110-120.10","Y"
"162345","07/27/2025 02:16:14 PM",,"MIN","Y","B","M","46","DE","N","N","120.05","Y"
"20210771","03/27/2026 12:21:53 AM",,"MED","Y","W","M","35","DE","N","N","120.10","N"
"20228681","12/22/2023 12:49:00 AM",,"MAX","Y","B","M","22","DE","N","Y","125.25","Y"
"20206660","08/28/2019 07:42:00 PM",,"MED","Y","B","M","28","DE","N","N","125.25","Y"
"104121","11/09/2025 12:38:32 AM",,"MIN","N","O","M","42","DE","N","N","140.20","N"
"20227158","09/26/2023 07:55:00 PM",,"MED","Y","B","M","61","DE","N","N","125.25","Y"
"20250747","05/21/2026 02:55:21 PM",,"MIN","Y","O","F","33","DE","N","N","160.10","Y"
"138581","08/22/2025 01:46:10 AM",,"MIN","Y",,,"57","CS","N","N",,"Y"
"20226916","02/15/2026 07:54:00 PM",,"MAX","Y","B","M","25","DE","N","N","110-125.25","Y"
"148892","02/14/2026 02:01:14 AM",,"MIN","Y","B","M","55","CSP","N","N","165.40","N"
"20251418","06/25/2026 11:45:26 AM",,"MED","N","B","M","21","DE","N","Y","265.03","N"
"20215506","04/29/2026 01:30:29 PM",,"MED","Y","B","M","24","DE","N","Y","511(2)(A)","N"
"20212081","03/21/2026 01:03:56 AM",,"MAX","Y","B","M","25","DE","N","Y","140.30","N"
"26001","02/15/2026 07:56:00 PM",,"MIN","Y","O","M","50","DE","N","N","120.10","N"
"20243216","05/05/2025 03:57:41 PM",,"MED","Y","O","M","47","DE","N","N","135.25","N"
"20228274","11/29/2023 10:18:45 PM",,"MED","Y","W","F","30","DE","N","N","125.25","Y"
"20011222","05/21/2026 12:50:39 PM",,"MED","Y","O","M","36","DEP","N","N","160.05","Y"
"20249223","03/08/2026 06:51:09 PM",,"MED","Y","B","M","36","DE","N","N","120.05","Y"
"20121582","12/08/2025 04:24:46 PM",,"MAX","Y","O","M","32","DE","N","Y","140.20","Y"
"20180432","01/17/2025 12:06:17 PM",,"MIN","Y","B","M","62","DNS","N","N",,"N"
"20232462","06/10/2026 01:28:08 PM",,"MED","Y","B","M","56","DE","N","N","125.25","N"
"20251460","06/27/2026 12:15:48 PM",,"MIN","N","O","M","36","DE","N","N","120.05","N"
"20002813","07/01/2026 02:23:20 PM",,"MED","N","B","M","60","DE","N","N","140.20","N"
"20054432","02/07/2026 12:33:02 AM",,"MED","Y","B","M","32","DE","N","N","130.35","Y"
"20184492","11/06/2025 07:39:00 PM",,"MAX","Y","B","M","32","DE","N","N","135.25","N"
"20194731","12/31/2025 05:08:00 PM",,"MIN","Y","O","M","40","DE","N","N","140.25","Y"
"55161","02/27/2024 06:54:18 PM",,"MED","Y","O","M","45","DE","N","N","110-125.25","Y"
"20249989","04/15/2026 11:14:56 PM",,"MED","N","B","M","27","DE","N","N","130.30","N"
"20225231","05/16/2025 12:19:50 PM",,"MED","Y","O","M","29","DE","N","N","160.10","N"
"20221114","10/11/2022 05:22:04 PM",,"MED","Y","B","F","46","DE","N","N","125.25","Y"
"20187254","12/27/2025 07:23:30 PM",,"MIN","N","W","M","35","DE","N","N","120.10","Y"
"20249629","03/29/2026 04:11:04 PM",,"MIN","Y","O","M","46","DE","N","N","140.25","N"
"20248284","01/14/2026 04:09:47 PM",,"MIN","N","B","M","41","DE","N","N","110-125.25","N"
"20006141","08/15/2023 05:38:46 PM",,"MED","Y","B","M","43","DE","N","Y","125.25","Y"
"20208663","02/16/2022 01:04:56 PM",,"MAX","Y","B","M","24","DE","N","Y","125.25","Y"
"20058373","12/13/2025 12:08:59 AM",,"MIN","N","B","M","72","DE","N","N","110-125.25","N"
"20249828","04/09/2026 12:38:45 AM",,"MIN","N","B","M","18","DE","N","N","160.15","Y"
"20227520","10/18/2023 04:24:29 PM",,"MIN","N","W","M","54","DE","N","N","150.10","Y"
"20243703","05/26/2025 04:57:52 PM",,"MAX","Y","B","M","24","DE","N","N","110-125.25","Y"
"20243519","05/17/2025 11:17:02 AM",,"MED","Y","B","M","49","DE","N","N","120.10","Y"
"77324","07/01/2026 04:50:00 PM",,"MED","N","B","M","39","CS","N","Y",,"N"
"119503","10/10/2025 08:51:22 PM",,"MIN","Y","B","M","47","DE","N","N","140.25","N"
"20249804","04/08/2026 12:15:26 PM",,"MIN","Y","B","M","20","DE","N","Y","110-125.25","N"
"20245875","09/08/2025 02:48:48 PM",,"MIN","Y","B","M","40","DE","N","N","120.00","N"
"47744","07/14/2026 11:21:09 PM",,,"Y","B","M","46","DE","N","N","140.25","N"
"20247793","01/27/2026 11:13:39 AM",,"MIN","N","B","M","24","CS","N","N",,"N"
"20144642","02/12/2025 12:03:39 AM",,"MED","Y","W","M","44","DE","N","N","150.15","N"
"20209442","04/26/2024 02:48:20 PM",,"MED","Y","W","M","74","DE","N","N","130.50","Y"
"20241950","01/27/2026 12:44:20 PM",,"MIN","N","B","M","35","CS","N","N","265.01","N"
"65481","06/08/2026 09:21:44 PM",,"MAX","N","B","M","40","DE","N","N","220.16","N"
"20128944","01/08/2026 05:34:15 PM",,"MED","Y","B","M","40","DE","N","Y","140.20","N"
"20246605","10/12/2025 08:26:09 PM",,"MIN","Y","B","F","32","DE","N","N","155.30","N"
"20242959","06/09/2026 11:44:08 AM",,"MED","Y","B","M","19","DE","N","N","125.25","N"
"20248049","06/25/2026 11:02:00 PM",,"MAX","Y","B","F","23","DE","N","N","120.10","N"
"114308","05/29/2026 04:54:06 PM",,"MIN","Y","O","M","46","DE","N","N","220.21","N"
"143454","02/15/2026 12:48:47 AM",,"MED","Y","O","M","60","DE","N","N","130.96","N"
"20249855","04/09/2026 11:45:16 PM",,"MED","Y","B","M","27","DE","N","N","130.95","N"
"20251662","07/08/2026 12:56:13 PM",,"MIN","N","B","F","46","DE","N","N","120.05","N"
"153695","04/14/2026 12:09:00 AM",,"MAX","Y","B","M","49","DE","N","N","120.05","N"
"20225335","06/19/2023 01:09:18 AM",,"MAX","Y","B","M","21","DE","N","Y","125.25","Y"
"20244629","07/10/2025 05:27:31 PM",,"MIN","Y","W","M","28","DE","N","N","220.43","N"
"20247863","12/18/2025 12:22:42 AM",,"MED","N","O","M","20","DE","N","N","220.21","N"
"20226066","12/15/2025 02:12:59 PM",,"MAX","Y","B","M","35","DE","N","Y","125.25","Y"
"20144790","02/09/2026 12:53:18 PM",,"MIN","Y","B","M","28","CS","N","N",,"Y"
"20233067","03/18/2026 02:14:52 PM",,"MED","Y","B","M","26","DE","N","N","110-120.10","N"
"20226565","02/27/2026 12:12:37 PM",,"MIN","Y","B","M","38","DE","N","N","120.05","N"
"87560","09/23/2025 03:05:03 PM",,"MIN","N","B","M","42","DE","N","N","110-125.25","N"
"20230140","12/19/2025 09:00:38 PM",,"MIN","N","B","M","42","CS","N","N",,"N"
"29484","05/28/2026 10:37:00 PM",,"MED","Y","O","M","38","DE","N","N","140.20","Y"
"106233","04/25/2026 01:21:32 AM",,"MED","Y","B","M","36","DE","N","Y","220.16","Y"
"20238699","09/14/2024 04:26:04 PM",,"MIN","Y","B","M","45","DE","N","N","120.05","Y"
"20195422","07/05/2026 12:56:00 AM",,"MAX","Y","B","M","40","DE","N","N","150.15","N"
"20248327","01/15/2026 08:08:13 PM",,"MIN","Y","W","M","56","CS","N","N","265.01","N"
"20251757","07/13/2026 01:54:29 PM",,"MED","N","B","M","19","DE","N","N","110-125.25","N"
"20247043","11/05/2025 01:20:08 PM",,"MED","N","B","M","26","DE","N","Y","125.25","Y"
"20014260","06/27/2025 11:36:14 PM",,"MED","Y","O","M","42","DE","N","N","140.20","Y"
"20250113","04/21/2026 04:48:44 PM",,"MIN","Y","B","M","43","DE","N","N","145.10","N"
"20251509","06/30/2026 04:22:55 PM",,"MED","Y","B","M","40","DEP","N","N","220.03","N"
"20181813","07/01/2026 12:48:28 PM",,"MED","Y","W","F","45","DE","N","N","155.25","N"
"20243093","03/18/2026 04:42:36 PM",,"MED","Y","O","M","20","DE","N","N","215.52","Y"
"20050719","03/20/2026 01:47:02 AM",,"MED","Y","O","M","38","DEP","N","N","265.02","N"
"20233243","08/14/2024 12:55:50 AM",,"MIN","N","O","M","36","DE","N","N","265.13","N"
"20240320","12/04/2024 01:24:41 PM",,"MED","N","O","M","31","DE","N","N","130.50","Y"
"20222341","11/04/2025 12:58:01 AM",,"MAX","Y","B","M","22","DE","N","Y","140.20","Y"
"131519","09/14/2025 12:54:17 PM",,"MED","Y","B","M","38","DEP","N","Y","265.03","Y"
"20195088","07/11/2025 01:01:38 AM",,"MED","Y","O","M","35","DE","N","N","155.30","N"
"20187566","12/30/2025 04:40:01 PM",,"MAX","N","O","M","28","DE","N","Y","160.15","Y"
"20218889","07/14/2026 10:23:15 AM",,"MED","Y","B","M","32","DPV","N","N",,"N"
"20114418","02/05/2025 04:12:39 PM",,"MED","N","B","M","32","SSR","N","Y",,"Y"
"36010","04/15/2026 01:22:15 PM",,"MED","N","B","M","39","CS","N","N",,"Y"
"20244096","06/14/2025 12:50:05 PM",,"MAX","Y","B","M","20","DE","N","Y","125.25","Y"
"20113459","06/23/2026 01:25:37 PM",,"MIN","N","B","M","42","DE","N","N","120.00","N"
"20188903","04/11/2026 11:58:00 PM",,"MED","Y","B","M","49","DE","N","N","120.05","Y"
"49535","04/25/2026 04:53:57 PM",,"MED","Y","B","M","56","DE","N","N","120.05","Y"
"20229074","01/14/2024 08:34:58 PM",,"MED","N","O","M","38","DE","N","N","125.25","Y"
"20250751","05/21/2026 04:44:04 PM",,"MIN","N","O","M","52","DE","N","N","220.39","N"
"20249813","05/20/2026 12:57:48 AM",,"MED","N","O","M","24","CS","N","N","120.05","N"
"20241680","02/17/2025 07:31:55 PM",,"MED","Y","B","M","22","DE","N","N","125.25","Y"
"20241174","07/09/2026 12:14:59 PM",,"MIN","Y","B","M","34","DE","N","N","140.25","N"
"20211842","03/14/2026 03:50:00 PM",,"MAX","Y","B","M","27","DE","N","N","140.25","Y"
"20221574","11/09/2022 12:41:00 AM",,"MAX","Y","B","M","34","DE","N","N","125.25","Y"
"20217125","01/21/2022 12:20:10 PM",,"MED","N","B","M","43","DE","N","N","125.25","Y"
"20251699","07/10/2026 10:31:28 AM",,"MIN","N","B","M","27","DE","N","N","353-A(1)","N"
"20246426","10/04/2025 01:07:36 AM",,"MED","N","W","M","43","DE","N","N","160.10","N"
"20243506","10/11/2025 12:16:51 PM",,"MIN","Y","B","M","37","DE","N","N","120.10H","Y"
"20251391","06/24/2026 12:29:37 PM",,"MED","N","O","M","23","DE","N","N","110-125.25","N"
"59298","05/21/2026 12:12:27 PM",,"MIN","N","B","M","46","DE","N","N","220.16","N"
"20141839","10/30/2025 04:58:01 PM",,"MAX","Y","O","M","30","DE","N","N","130.35","Y"
"20250791","05/24/2026 04:04:39 PM",,"MED","Y","B","F","26","DE","N","N","110-125.25","Y"
"20209747","05/31/2026 12:45:57 AM",,"MIN","N","B","M","69","DEP","N","N","155.25","N"
"20249848","04/09/2026 08:25:49 PM",,"MIN","Y","H","M","29","DE","N","N","220.21","N"
"20150167","04/29/2026 08:21:28 PM",,"MAX","N","O","M","27","DE","N","N","125.15","Y"
"20083756","06/06/2026 11:38:00 AM",,"MED","Y","B","M","38","DE","N","N","130.75","N"
"20220596","06/02/2026 03:48:09 PM",,"MED","Y","B","F","44","DE","N","N","120.10","Y"
"20230683","07/29/2025 12:10:15 PM",,"MED","Y","W","M","55","DE","N","N","160.05","N"
"20249205","03/07/2026 03:46:01 PM",,"MIN","Y","O","M","48","DE","N","N","140.20","N"
"20190548","10/27/2025 08:14:44 PM",,"MAX","Y","O","M","32","DE","N","N","265.02","Y"
"20150980","08/07/2023 08:35:24 PM",,"MIN","Y","B","M","27","DE","N","Y","160.15","Y"
"20249597","03/27/2026 12:17:42 AM",,"MAX","Y","A","M","32","DE","N","N","155.35","Y"
"20219272","08/21/2025 03:57:38 PM",,"MED","N","O","M","24","DE","N","N","120.10","Y"
"20133468","09/28/2025 12:21:39 PM",,"MIN","N","O","M","47","DE","N","N","140.25","N"
"58151","02/12/2026 03:50:07 PM",,"MED","Y","B","M","42","DE","N","Y","140.25","Y"
"20183949","04/29/2026 11:45:57 AM",,"MAX","Y","O","M","26","DE","N","N","125.27","N"
"20218464","02/26/2026 06:25:27 PM",,"MIN","N","B","M","43","CS","N","N","155.25","N"
"20052697","07/06/2026 12:11:01 AM",,"MED","N","B","M","32","DE","N","N","220.39","N"
"20251769","07/14/2026 12:59:00 PM",,,"N","B","F","25","DE","N","N","215.51","N"
"20251207","06/13/2026 04:52:05 PM",,"MED","Y","O","F","25","DE","N","N","FOA 900.00","Y"
"20052781","04/24/2026 01:20:47 AM",,"MIN","N","O","M","50","DE","N","N","140.20","N"
"20250845","05/27/2026 05:43:18 PM",,"MIN","Y","B","F","29","DE","N","N","160.10","Y"
"10015499","01/22/2023 05:18:30 PM",,"MED","Y","B","M","51","DNS","N","N",,"Y"
"20251052","07/02/2026 11:45:24 AM",,"MED","N","O","M","19","DE","N","N","120.05","N"
"20241717","02/19/2025 04:58:01 PM",,"MED","N","W","M","58","DE","N","N","125.25","N"
"20251088","06/08/2026 12:56:38 AM",,"MAX","Y","B","M","24","DE","N","N","120.05","Y"
"20244334","06/26/2025 03:49:16 PM",,"MIN","N","O","M","34","DE","N","N","230.34","N"
"2270","07/14/2023 08:14:41 PM",,"MED","Y","O","M","46","DE","N","Y","125.25","Y"
"20244027","06/11/2025 01:57:52 PM",,"MAX","Y","B","M","19","DE","N","Y","160.15","Y"
"20240850","01/03/2025 04:02:48 PM",,"MAX","N","B","M","21","DE","N","Y","125.25","Y"
"20015274","05/15/2026 05:26:10 PM",,"MED","Y","H","M","34","DE","N","Y","215.52","N"
"20180820","04/14/2021 12:45:31 AM",,"MED","Y","W","M","28","DE","N","Y","125.25","Y"
"20239796","03/21/2026 12:42:08 AM",,"MED","Y","B","M","22","DE","N","N","110-130.35","N"
"20249692","04/02/2026 11:47:00 AM",,"MAX","Y","O","M","26","CS","N","N","130.35","Y"
"20102122","06/18/2026 08:33:05 PM",,"MAX","N","B","M","32","DE","N","Y","215.52","N"
"27933","07/04/2026 04:18:39 PM",,"MIN","Y","B","M","54","DE","N","N","140.25","N"
"20250205","04/25/2026 12:51:54 PM",,"MED","Y","B","M","18","DE","N","Y","125.25","N"
"137578","03/01/2026 08:18:22 PM",,"MED","Y","W","M","54","DE","N","N","135.25","N"
"20249097","03/02/2026 12:28:53 PM",,"MED","Y","B","M","56","DE","N","N","CO","N"
"20247568","12/02/2025 05:18:29 PM",,"MIN","N","B","M","19","DE","N","Y","110-125.25","Y"
"20112995","05/17/2026 11:27:50 AM",,"MIN","Y","O","M","64","DE","N","N","140.20","N"
"137497","09/08/2025 03:28:40 PM",,"MED","N","B","M","38","DE","N","N","130.50","N"
"157704","11/10/2025 04:06:49 PM",,"MED","Y","B","M","41","DE","N","N","140.25","N"
"38377","08/15/2025 02:40:00 PM",,"MIN","N","B","M","62","DE","N","N","140.25","N"
"20225113","06/08/2023 03:43:01 PM",,"MED","N","B","M","26","DE","N","Y","125.27","Y"
"2701","07/02/2025 04:27:37 PM",,"MAX","Y","B","M","37","DE","N","Y","120.05","Y"
"91196","07/05/2026 01:17:00 AM",,"MED","N","B","M","36","DE","N","Y","110-125.25","N"
"20225713","07/09/2026 01:14:10 PM",,"MIN","N","B","M","29","CS","N","N",,"N"
"20240993","01/11/2025 12:33:00 AM",,"MED","Y","A","M","29","DNS","N","N",,"N"
"44106","07/14/2026 01:31:00 AM",,"MAX","Y","B","M","38","DE","N","Y","160.10","N"
"20245132","08/04/2025 01:04:33 PM",,"MAX","Y","B","M","20","DE","N","Y","125.25","Y"
"20226607","07/07/2026 12:02:08 AM",,"MED","N","B","M","24","DE","N","N","155.30","N"
"20240754","05/21/2026 08:35:05 PM",,"MED","N","H","M","27","DE","N","N","160.15","N"
"20051877","10/31/2025 11:58:12 PM",,"MED","Y","B","M","35","SSR","N","Y",,"Y"
"20228674","07/06/2026 04:57:00 PM",,"MIN","N","W","F","26","DE","N","N","155.25","N"
"20250584","05/13/2026 11:20:35 PM",,"MIN","Y","O","M","29","DE","N","N","145.00","N"
"20198724","02/22/2026 11:45:07 AM",,"MAX","Y","B","M","32","DE","N","N","120.05","Y"
"20188139","11/05/2025 01:01:18 PM",,"MAX","Y","O","M","48","DE","N","N","160.15","Y"
"7262","05/26/2026 06:48:02 PM",,"MED","Y","W","M","39","DE","N","N","130.75","N"
"16847","06/23/2026 08:48:39 PM",,"MED","Y","B","F","38","DE","N","N","220.39","Y"
"20247114","05/10/2026 01:31:20 PM",,"MAX","Y","B","M","20","DE","N","Y","140.25","Y"
"20069462","07/27/2025 06:44:00 PM",,"MIN","Y","B","M","51","DE","N","N","160.15","Y"
"20250950","06/01/2026 12:40:16 AM",,"MIN","Y","O","M","33","DE","N","N","120.05","N"
"98369","02/05/2024 10:42:00 PM",,"MIN","Y","O","M","42","DE","N","Y","110-125.25","Y"
"138306","07/14/2026 06:56:00 PM",,"MIN","N","B","M","43","DE","N","N","140.20","N"
"60723","01/12/2026 03:39:59 PM",,"MIN","Y","O","M","60","DE","N","N","110-160.15","N"
"122795","08/22/2024 04:31:20 PM",,"MAX","Y","B","M","61","DE","N","N","125.25","Y"
"20244291","11/19/2025 04:30:26 PM",,"MAX","N","O","M","19","DE","N","Y","105.15","Y"
"20247741","04/19/2026 12:49:30 AM",,"MED","N","O","M","19","DE","N","N","120.07","Y"
"143849","11/21/2025 11:55:18 PM",,"MED","Y","O","M","36","DEP","N","Y","265.03","Y"
"20211402","10/18/2025 12:32:07 AM",,"MED","N","B","M","29","DE","N","N","265.03","Y"
"20247304","04/11/2026 12:12:10 PM",,"MIN","N","O","M","32","DE","N","N","120.10","N"
"132485","04/10/2026 09:28:42 PM",,"MIN","N","O","M","46","DE","N","N","220.21","N"
"14497","04/22/2026 11:15:15 AM",,"MED","Y","O","M","38","DE","N","N","155.35","N"
"15340","12/10/2024 01:32:10 AM",,"MAX","Y","B","M","37","DE","N","Y","265.03","Y"
"20242092","05/15/2026 10:38:47 AM",,"MED","Y","O","M","39","DE","N","N","220.16","N"
"139396","07/08/2026 04:10:15 PM",,"MAX","Y","O","M","42","DE","N","N","160.15","N"
"20188343","02/28/2026 05:10:00 PM",,"MED","Y","B","F","29","DE","N","N","110-160.05","Y"
"20215157","06/23/2026 12:22:03 PM",,"MIN","Y","B","M","36","DE","N","N","140.20","N"
"20219000","06/24/2023 01:53:41 AM",,"MAX","Y","B","M","26","DE","N","Y","125.25","Y"
"20250484","05/09/2026 08:12:17 PM",,"MIN","N","B","M","41","DE","N","N","265.03","N"
"20008166","01/08/2026 01:58:25 PM",,"MIN","N","B","M","34","CS","N","Y",,"Y"
"20231434","05/18/2024 10:38:29 AM",,"MED","N","B","M","21","DE","N","N","125.25","Y"
"17412","10/16/2024 04:50:22 PM",,"MED","N","O","M","51","DE","N","N","125.25","N"
"31613","01/09/2026 08:17:17 PM",,"MED","Y","B","F","37","CS","N","Y","220.03","Y"
"20104149","06/27/2025 03:55:58 PM",,"MED","Y","O","M","30","DE","N","N","110-125.25","Y"
"20019729","06/08/2025 08:14:41 PM",,"MIN","N","B","M","34","DE","N","N","110-125.25","Y"
"52595","06/19/2026 01:07:39 AM",,"MED","N","O","M","49","DE","N","N","160.05","N"
"20244289","04/17/2026 04:17:34 PM",,"MIN","Y","B","M","27","DE","N","N","140.25","N"
"63529","04/15/2026 01:08:23 AM",,"MED","Y","B","F","41","DE","N","N","160.15","N"
"20251500","06/30/2026 12:40:18 AM",,"MED","N","B","F","22","DE","N","N","125.25","N"
"20027795","03/29/2026 04:20:59 PM",,"MED","N","O","M","34","DE","N","N","220.39","N"
"20160401","07/09/2026 04:25:04 PM",,"MIN","Y","B","M","61","DE","N","N","160.15","N"
"10011163","05/08/2026 08:58:29 PM",,"MIN","Y","B","M","64","DE","N","N","165.45","N"
"20034820","05/24/2026 07:06:15 PM",,"MED","Y","B","M","35","DE","N","N","265.03","N"
"10013714","06/23/2026 06:31:29 PM",,"MAX","Y","B","M","40","DE","N","N","120.05","Y"
"20239911","07/23/2025 11:46:18 AM",,"MED","Y","O","M","26","DE","N","N","130.35","N"
"19180","08/07/2025 03:57:45 PM",,"MAX","Y","O","M","49","DE","N","N","215.51","N"
"20073274","05/18/2026 08:51:00 PM",,"MAX","Y","O","M","38","DE","N","N","125.25","Y"
"28670","06/03/2026 03:01:52 PM",,"MED","Y","O","M","55","CS","N","N","220.39","N"
"20135801","11/20/2021 03:25:00 PM",,"MED","Y","B","M","31","DE","N","Y","125.25","Y"
"20228998","05/01/2026 05:09:24 PM",,"MED","Y","A","M","23","DE","N","N","130.35","N"
"20250215","04/26/2026 01:35:14 AM",,"MAX","Y","B","F","31","DEP","N","N","260.10","Y"
"20247776","12/12/2025 05:05:05 PM",,"MAX","N","B","M","20","DE","N","Y","110-125.25","Y"
"20172328","03/11/2026 01:00:37 AM",,"MED","Y","B","M","26","DE","N","N","140.25","Y"
"20080410","04/19/2026 04:57:50 PM",,"MAX","Y","O","M","34","DE","N","N","140.25","Y"
"20249587","04/21/2026 01:01:55 PM",,"MIN","Y","O","M","21","DE","N","N","160.15","Y"
"20248923","02/20/2026 01:35:15 AM",,"MIN","Y","B","F","42","DE","N","N","120.10","Y"
"20207091","03/20/2026 03:15:49 PM",,"MED","N","O","M","45","DE","N","N","170.25","N"
"32289","05/19/2026 03:04:38 PM",,"MAX","N","O","M","48","DE","N","N","140.25","N"
"25062","05/29/2025 05:17:42 PM",,"MIN","Y","B","M","38","DE","N","N","265.02","N"
"20228505","06/12/2026 05:34:58 PM",,"MED","Y","B","M","27","DE","N","N","120.10","N"
"90367","01/01/2026 12:48:36 AM",,"MIN","Y","O","M","58","CS","N","N",,"N"
"26491","02/15/2024 07:41:40 PM",,"MED","Y","B","M","48","DEP","N","N","VOP","Y"
"20251767","07/14/2026 11:43:15 AM",,,"N","B","F","42","DE","N","N",,"N"
"13282","12/31/2025 08:58:39 PM",,"MED","Y","B","M","43","DE","N","N","120.05","Y"
"20249272","03/11/2026 02:06:01 PM",,"MED","Y","B","M","20","DE","N","N","125.25","N"
"20096878","08/08/2025 03:07:12 PM",,"MIN","N","B","M","40","DE","N","N","155.35","N"
"20070558","06/16/2026 05:28:28 PM",,"MED","N","O","M","61","DEP","N","N","155.25","N"
"20239432","10/22/2024 04:33:13 PM",,"MIN","N","B","M","58","DE","N","N","155.42","N"
"57641","12/22/2025 12:53:49 PM",,"MAX","Y","U","M","36","DE","N","N","160.15","Y"
"20050330","10/09/2023 04:41:25 AM",,"MED","N","U","M","52","DE","N","N","125.25","N"
"20236844","04/10/2026 01:17:17 PM",,"MED","Y","B","M","37","DE","N","N","240.75","N"
"20220959","01/11/2023 12:02:50 PM",,"MAX","Y","O","M","22","DE","N","Y","125.25","Y"
"20243520","05/17/2025 11:58:03 AM",,"MAX","N","O","M","22","DE","N","Y","265.03","Y"
"20251700","07/10/2026 11:50:49 AM",,"MED","N","B","M","34","DE","N","N","130.30","N"
"20164848","03/15/2025 01:04:02 AM",,"MIN","N","B","M","38","DE","N","N","110-125.25","Y"
"20215654","11/06/2025 06:54:06 PM",,"MAX","Y","B","M","25","DE","N","Y","125.25","Y"
"20221629","11/19/2025 02:17:03 PM",,"MED","Y","O","M","21","DE","N","Y","125.25","Y"
"20125359","06/12/2025 05:24:20 PM",,"MIN","Y","O","M","33","CS","N","N","120.00","N"
"20250051","04/18/2026 01:04:47 PM",,"MED","N","O","M","21","DE","N","N","155.35","Y"
"10001017","08/29/2024 05:14:23 PM",,"MED","Y","B","M","38","DE","N","Y","125.25","N"
"20124792","04/10/2026 12:28:00 AM",,"MAX","Y","B","M","29","DE","N","Y","215.52","Y"
"20077891","03/15/2026 02:47:00 PM",,"MAX","Y","B","M","45","DE","N","Y","125.25","Y"
"20250088","04/20/2026 01:33:09 AM",,"MIN","Y","W","M","32","DE","N","N","140.25","N"
"20140233","01/05/2026 03:00:46 PM",,"MIN","Y","O","M","36","DE","N","N","140.25","Y"
"20216227","04/04/2026 12:01:24 AM",,"MIN","N","B","M","22","CS","N","Y",,"Y"
"62322","09/14/2025 01:37:21 AM",,"MED","N","B","M","58","DE","N","N","130.53","N"
"20248668","02/05/2026 05:14:58 PM",,"MED","N","B","M","19","DE","N","N","105.15","N"
"20171873","06/19/2026 10:59:00 PM",,"MAX","Y","B","M","34","DE","N","Y","160.05","N"
"20015608","05/26/2025 12:24:00 AM",,"MAX","N","O","M","47","DE","N","Y","110-125.25","Y"
"20053368","11/14/2025 12:37:14 PM",,"MED","N","O","M","33","DE","N","N","140.25","N"
"20134623","06/20/2026 01:56:48 PM",,"MED","Y","B","M","39","DE","N","N","120.05","Y"
"20020642","11/03/2025 04:13:50 PM",,"MAX","Y","O","M","38","DE","N","N","265.01","Y"
"20144917","06/12/2026 05:00:00 PM",,"MIN","Y","B","M","35","DE","N","N","140.25","N"
"20108620","02/06/2026 11:12:32 PM",,"MED","Y","A","M","42","DE","N","N","160.10","Y"
"20247009","03/02/2026 03:55:38 PM",,"MED","Y","B","M","26","DE","N","N","140.25","Y"
"20165551","07/01/2026 12:04:53 AM",,"MED","Y","O","M","43","DE","N","N","265.03","N"
"20073256","05/07/2025 12:19:44 PM",,"MAX","Y","O","M","31","DE","N","Y","160.10","Y"
"62875","03/10/2025 03:41:21 PM",,"MAX","Y","B","M","41","DE","N","Y","220.16","Y"
"20055021","06/16/2025 09:45:00 PM",,"MIN","Y","O","M","36","DE","N","N","120.05","N"
"20224377","09/19/2024 07:08:53 PM",,"MIN","Y","B","M","60","DE","N","N","265.03","Y"
"78938","02/11/2023 01:12:00 AM",,"MAX","Y","B","M","37","DE","N","Y","VOP","Y"
"20249382","03/16/2026 01:24:00 AM",,"MIN","N","B","M","33","DE","N","N","110-125.25","N"
"469","06/25/2026 11:56:40 PM",,"MAX","Y","B","M","41","DE","N","Y","220.16","Y"
"20226758","06/10/2026 04:00:59 PM",,"MIN","N","O","M","34","DE","N","N","CO","N"
"20244859","06/07/2026 02:37:24 PM",,"MIN","N","B","M","27","DE","N","N","265.03","N"
"142606","12/03/2025 01:00:40 PM",,"MIN","N","B","M","42","DE","N","N","120.10","Y"
"20206589","07/02/2025 09:12:58 PM",,"MAX","Y","B","M","40","DE","N","N","110-120.10","N"
"20223625","05/05/2025 01:27:06 AM",,"MED","Y","O","M","36","DE","N","N","110-160.05","Y"
"20194397","07/09/2026 11:50:17 AM",,"MAX","Y","W","F","30","DE","N","N","155.30","N"
"20246907","07/13/2026 05:09:28 PM",,"MED","N","W","M","37","DE","N","N","120.05","N"
"20240674","11/17/2025 04:30:45 PM",,"MIN","Y","W","M","37","DE","N","N","110-125.25","N"
"20222198","01/01/2023 04:22:02 PM",,"MAX","Y","O","M","24","DE","N","Y","125.25","Y"
"20064944","10/02/2025 01:11:16 PM",,"MED","Y","O","M","60","DE","N","N","215.52","N"
"20071906","07/14/2026 12:04:26 PM",,"MED","Y","W","M","57","DE","N","N","140.10","N"
"20247230","07/14/2026 11:24:37 AM",,,"N","B","F","36","DE","N","N",,"N"
"70097","07/09/2026 04:10:21 PM",,"MIN","Y","B","M","47","CS","N","N",,"N"
"20204447","07/08/2026 02:42:10 PM",,"MED","Y","U","M","63","DE","N","N","125.25","N"
"27488","07/14/2026 06:24:45 PM",,,"N","O","M","59","DEP","N","N","VOP","N"
"20212797","06/16/2026 12:09:10 PM",,"MIN","N","W","M","47","DNS","N","N",,"N"
"20241768","02/23/2025 12:40:37 AM",,"MED","Y","B","M","55","DE","N","N","265.03","N"
"20244790","07/18/2025 10:48:40 AM",,"MIN","N","O","M","21","DE","N","N","110-125.25","N"
"20248034","07/08/2026 03:48:59 PM",,"MIN","N","O","M","43","CS","N","N",,"N"
"20245478","08/21/2025 10:52:29 AM",,"MED","Y","B","M","27","DE","N","N","160.15","Y"
"20203436","05/08/2020 01:11:35 PM",,"MIN","N","B","M","63","DE","N","N","215.15","Y"
"20231746","06/03/2024 05:14:12 PM",,"MED","Y","B","M","38","DE","N","N","110-120.10","Y"
"37242","05/14/2026 11:10:41 AM",,"MED","Y","B","M","68","DE","N","N","125.20","N"
"20245655","08/28/2025 02:13:55 PM",,"MED","N","B","M","19","DE","N","Y","105.15","Y"
"20250473","05/09/2026 11:32:30 AM",,"MIN","N","B","M","63","DE","N","N","120.05","Y"
"20217848","04/15/2026 02:40:48 PM",,"MED","Y","B","M","30","CS","N","N",,"N"
"20227927","02/11/2026 04:22:03 PM",,"MIN","Y","B","M","21","CS","N","Y","265.03","Y"
"20248256","01/12/2026 06:35:05 PM",,"MED","Y","B","M","20","DE","N","N","110-125.25","Y"
"20125346","04/15/2025 07:26:51 PM",,"MED","Y","O","M","34","DE","N","N","125.25","Y"
"20251777","07/14/2026 04:27:47 PM",,"MED","N","O","M","41","DPV","N","N",,"N"
"20179759","07/30/2025 11:33:01 PM",,"MIN","Y","B","M","36","DE","N","N","170.30","Y"
"44460","12/22/2025 12:27:05 PM",,"MIN","Y","B","M","36","CS","N","N","155.25","Y"
"20246722","03/15/2026 06:45:28 PM",,"MED","N","O","M","35","DE","N","N","130.30","N"
"20243589","05/21/2025 12:13:00 AM",,"MIN","N","B","M","45","DE","N","N","220.43","N"
"20245507","08/22/2025 11:51:51 AM",,"MED","Y","B","M","21","DE","N","Y","110-125.25","Y"
"20238153","08/18/2024 08:11:28 PM",,"MED","Y","B","M","41","DNS","N","Y","135.20","Y"
"20007152","09/01/2023 08:24:06 PM",,"MED","Y","B","M","58","DE","N","N","125.27","N"
"20247417","11/22/2025 01:21:48 AM",,"MIN","Y","O","M","21","DE","N","N","220.43","N"
"20245798","09/04/2025 01:03:07 PM",,"MIN","Y","B","M","47","DE","N","N","110-125.25","Y"
"20021114","12/02/2025 11:33:27 PM",,"MIN","N","B","M","35","DE","N","N","120.05","Y"
"20238785","12/24/2025 08:16:00 PM",,"MIN","N","B","M","45","DNS","N","N",,"N"
"10007722","02/26/2026 12:36:00 PM",,"MAX","Y","B","M","46","DEP","N","N","120.05","Y"
"143927","07/13/2026 04:31:52 PM",,"MED","N","B","M","42","DE","N","N","120.10","N"
"20246800","10/22/2025 11:23:30 PM",,"MIN","N","O","M","27","DE","N","N","160.15","N"
"57631","04/12/2026 01:22:28 PM",,"MIN","Y","B","M","50","DE","N","N","140.20","N"
"20248418","01/21/2026 03:25:45 PM",,"MAX","Y","A","M","26","DE","N","N","120.05","Y"
"20109968","03/24/2026 10:59:00 PM",,"MAX","Y","B","M","30","DEP","N","N","130.25","Y"
"78395","03/12/2026 10:22:00 PM",,"MAX","Y","B","M","41","DE","N","N","110-125.25","Y"
"20223966","12/06/2024 11:42:29 AM",,"MED","N","O","M","21","DE","N","N","160.15","Y"
"20248386","01/19/2026 08:56:41 PM",,"MED","Y","B","M","19","DE","N","N","110-120.10","Y"
"20227161","08/01/2025 11:48:04 PM",,"MAX","Y","B","M","21","DE","N","Y","160.15","Y"
"20244113","06/09/2026 12:21:21 PM",,"MAX","Y","W","F","37","DE","N","N","160.10","N"
"20233180","07/13/2026 12:30:21 PM",,"MIN","N","B","M","27","DE","N","N","265.02","N"
"76945","08/08/2025 08:17:28 PM",,"MAX","Y","W","F","42","DE","N","N","140.20","Y"
"20062166","03/25/2025 01:10:25 PM",,"MED","N","B","M","32","DE","N","N","160.15","Y"
"65127","03/07/2025 01:14:29 PM",,"MED","Y","B","M","47","DE","N","N","125.25","Y"
"20246335","09/29/2025 04:23:39 PM",,"MIN","N","B","M","40","DE","N","N","110-125.25","N"
"14093","07/10/2026 12:08:38 PM",,"MED","N","B","M","37","DE","N","N","265.03","N"
"20190493","11/09/2022 05:03:50 PM",,"MAX","Y","B","M","26","DE","N","Y","125.25","Y"
"20029048","07/03/2026 12:23:57 AM",,"MED","Y","B","M","59","DE","N","N","155.35","N"
"20238643","06/30/2026 11:24:28 PM",,"MAX","Y","B","M","32","DE","N","N","160.15","N"
"20251501","06/30/2026 01:46:48 AM",,"MED","Y","B","F","30","DE","N","N","160.15","N"
"20234860","01/26/2026 05:00:51 PM",,"MED","Y","B","M","55","DE","N","N","120.10","N"
"20249173","03/06/2026 01:28:38 AM",,"MIN","N","O","M","63","DE","N","N","220.21","N"
"20229194","06/11/2026 03:44:22 PM",,"MED","Y","B","M","33","DE","N","N","120.10","N"
"20251287","06/18/2026 03:47:13 PM",,"MIN","N","B","M","37","DE","N","N","155.42","N"
"20250141","04/22/2026 05:06:27 PM",,"MED","Y","O","M","58","DE","N","N","130.30","N"
"20120369","05/02/2026 12:16:00 PM",,"MAX","Y","B","M","31","DE","N","Y","110-160.15","Y"
"20249984","04/15/2026 07:22:00 PM",,"MIN","Y","B","M","54","DE","N","N","110-125.25","N"
"20249064","02/28/2026 12:49:16 PM",,"MAX","Y","B","M","30","DE","N","N","110-125.25","Y"
"20251228","06/14/2026 11:51:11 PM",,"MED","N","O","F","20","DE","N","N","120.10","Y"
"20218861","09/02/2025 03:02:52 PM",,"MAX","Y","O","M","28","DE","N","N","125.25","Y"
"20250671","05/17/2026 08:04:06 PM",,"MED","N","A","M","21","DE","N","N","511(1)(A)","N"
"20047769","12/25/2025 12:37:06 AM",,"MAX","Y","B","M","38","DE","N","Y","145.05","Y"
"91609","06/17/2026 03:59:33 PM",,"MIN","N","O","M","53","DE","N","N","265.13","N"
"20092722","07/31/2025 01:34:54 AM",,"MIN","N","B","M","46","DE","N","N","140.30","N"
"20251701","07/10/2026 01:24:03 PM",,"MIN","N","O","M","23","DE","N","N","1192(3)","N"
"10015555","04/20/2026 05:30:25 PM",,"MAX","N","B","M","36","DE","N","N","140.25","N"
"17628","03/09/2025 07:13:34 PM",,"MAX","Y","B","M","39","DE","N","N","120.10","Y"
"24877","06/01/2025 12:46:42 AM",,"MAX","Y","B","M","44","DE","N","N","160.15","Y"
"20228531","06/02/2024 08:03:32 PM",,"MED","Y","B","M","33","DE","N","N","110-120.10","Y"
"20241329","04/06/2026 12:25:30 PM",,"MAX","Y","B","M","24","DE","N","Y","150.15","N"
"75382","05/21/2026 07:49:00 PM",,"MED","N","O","M","46","DE","N","N","140.25","N"
"20209930","05/14/2026 09:11:29 AM",,"MAX","N","B","M","26","DE","N","Y","460.20","Y"
"20108487","12/10/2025 03:43:14 PM",,"MAX","N","O","M","30","DE","N","N","220.16","Y"
"20128201","08/19/2020 08:04:00 PM",,"MAX","Y","B","M","29","DE","N","Y","140.05","Y"
"20031806","01/17/2026 09:15:59 PM",,"MAX","Y","B","M","42","DE","N","N","155.25","Y"
"20008322","12/03/2025 01:22:15 AM",,"MIN","Y","B","M","46","CS","N","N","145.00","N"
"20234707","09/26/2025 11:49:00 AM",,"MIN","N","B","M","57","DE","N","N","120.10","N"
"147615","03/23/2026 11:38:28 AM",,"MIN","Y","B","M","42","DE","N","N","265.03","N"
"20245911","09/09/2025 11:34:19 PM",,"MED","N","A","M","33","DE","N","N","125.25","N"
"20216826","04/03/2026 11:51:02 AM",,"MED","Y","O","M","33","DE","N","N","120.05","Y"
"20249146","03/04/2026 06:59:02 PM",,"MED","N","O","M","37","DE","N","N","220.43","N"
"20201204","02/09/2025 10:53:00 PM",,"MED","Y","B","M","42","DE","N","N","110-125.25","Y"
"20239098","06/11/2026 12:26:30 PM",,"MAX","Y","O","M","25","DE","N","N","155.30","Y"
"20232864","08/22/2025 12:03:00 AM",,"MED","Y","B","M","41","DE","N","N","240.75","N"
"20245625","08/27/2025 11:58:55 AM",,"MED","Y","B","M","27","DE","N","N","160.10","Y"
"20106487","03/21/2026 12:37:34 PM",,"MED","Y","W","M","45","DE","N","N","160.15","N"
"20238415","10/27/2025 03:58:13 PM",,"MAX","Y","A","M","36","DE","N","N","150.15","Y"
"118180","10/29/2024 09:12:38 PM",,"MAX","Y","O","M","36","DE","N","N","220.41","Y"
"40381","07/13/2026 07:59:53 PM",,"MED","Y","B","M","41","DE","N","N","110-125.25","N"
"165036","06/06/2026 03:08:40 AM",,"MAX","Y","B","M","35","DEP","N","N","215.50","Y"
"20246745","07/05/2026 11:20:00 AM",,"MIN","N","B","M","36","DE","N","N","215.51","N"
"20249501","03/22/2026 01:15:53 AM",,"MIN","N","O","M","34","DE","N","N","140.25","N"
"20231479","05/28/2026 12:54:28 PM",,"MIN","Y","O","M","20","DE","N","N","265.03","Y"
"20015336","08/06/2024 09:10:32 PM",,"MED","Y","O","M","35","DEP","N","N","155.30","Y"
"101084","05/01/2025 04:47:02 PM",,"MED","N","B","M","39","DE","N","N","125.25","N"
"20247735","12/10/2025 06:10:57 PM",,"MIN","N","O","M","29","DE","N","N","155.42","N"
"20251698","07/10/2026 12:49:59 AM",,"MED","N","B","M","23","DE","N","N","160.15","N"
"20155242","04/27/2026 07:57:59 PM",,"MAX","Y","B","F","28","CSP","N","Y","215.52","Y"
"20120936","07/20/2025 03:48:05 PM",,"MED","N","B","M","34","CS","N","Y","205.30","Y"
"39249","11/27/2024 01:19:03 PM",,"MAX","Y","B","M","47","DE","N","N","160.15","Y"
"20238976","09/27/2024 12:06:00 AM",,"MED","N","B","M","48","DE","N","N","110-125.25","N"
"20215173","09/19/2025 03:07:38 PM",,"MIN","N","W","M","35","DE","N","N","140.10","N"
"20251114","06/09/2026 03:14:51 PM",,"MIN","Y","W","M","35","DE","N","N","265.03","N"
"20251362","06/22/2026 07:31:02 PM",,,"Y","W","M","44","DE","N","N","110-125.25","N"
"43569","07/09/2026 04:46:14 PM",,"MIN","N","O","M","57","DE","N","N","265.02","N"
"20248616","02/02/2026 02:06:47 AM",,"MIN","N","U","M","28","DE","N","N","265.03","Y"
"20068148","08/22/2025 06:26:31 PM",,"MAX","N","O","M","35","CS","N","N","155.25","Y"
"117808","06/03/2026 06:56:00 PM",,"MAX","N","B","M","35","DE","N","Y","220.41","Y"
"20126545","07/14/2026 06:56:00 PM",,"MAX","N","B","M","31","DE","N","N","215.52","N"
"9908","05/21/2026 07:17:23 PM",,"MIN","Y","O","M","63","DE","N","N","160.15","N"
"20006210","12/19/2025 01:09:03 AM",,"MIN","Y","B","M","47","DE","N","N","110-160.10","N"
"20074861","07/02/2026 12:10:11 PM",,"MIN","Y","O","M","36","CS","N","N","160.05","N"
"20244575","07/08/2026 02:32:00 PM",,"MIN","Y","W","M","37","DE","N","N","110-135.20","N"
"20250821","05/26/2026 08:37:27 PM",,"MIN","N","O","M","28","CS","N","N","145.05","N"
"53226","01/24/2026 01:03:17 AM",,"MAX","Y","O","M","40","DEP","N","Y","155.30","N"
"141333","05/03/2026 10:51:10 PM",,"MAX","Y","B","M","39","DE","N","Y","120.10","Y"
"20225060","06/10/2026 05:20:25 PM",,"MIN","Y","O","M","59","DE","N","N","110-125.25","N"
"20225558","07/12/2026 02:12:13 AM",,"MED","N","B","M","22","DE","N","Y","155.30","N"
"20244203","06/20/2025 12:38:19 AM",,"MIN","N","B","M","20","DE","N","Y","110-125.25","N"
"70548","07/11/2026 04:02:12 PM",,"MIN","N","B","M","48","CS","N","N","155.25","N"
"114819","12/11/2025 08:40:00 PM",,"MIN","Y","W","M","44","DEP","N","N","490.20","Y"
"20206266","10/28/2025 12:09:51 PM",,"MAX","Y","B","M","29","DE","N","N","160.15","Y"
"20246679","02/03/2026 03:59:18 PM",,"MIN","Y","A","M","49","DE","N","N","215.51","Y"
"20247768","12/12/2025 01:05:49 AM",,"MAX","N","O","M","19","DE","N","Y","110-120.10","Y"
"20225132","11/19/2025 02:14:54 PM",,"MAX","Y","B","M","22","DE","N","Y","125.25","Y"
"20251780","07/14/2026 08:23:27 PM",,"MED","N","W","M","61","DE","N","N","FOA 900.00","N"
"20232041","12/02/2025 12:07:22 AM",,"MAX","Y","B","F","26","DE","N","N","120.05","Y"
"20251374","06/23/2026 11:54:34 AM",,"MIN","N","B","M","59","DE","N","N","155.42","N"
"20248716","02/08/2026 10:39:20 PM",,"MED","Y","B","M","21","DE","N","N","110-125.25","N"
"20218571","07/11/2026 04:16:36 PM",,"MED","N","O","M","30","DE","N","N","140.20","N"
"20002499","05/04/2026 05:41:33 PM",,"MED","Y","B","M","40","DE","N","Y","160.15","N"
"20244169","06/18/2025 03:36:08 PM",,"MED","N","B","F","30","DE","N","N","125.25","Y"
"79963","06/08/2026 07:44:42 PM",,"MAX","N","B","M","37","DE","N","Y","140.25","Y"
"20251269","06/17/2026 05:58:03 PM",,"MIN","N","W","M","34","DE","N","N","265.03","N"
"26824","04/25/2026 11:35:40 AM",,"MIN","Y","O","M","38","DE","N","N","120.14H","Y"
"20248385","03/20/2026 12:43:58 PM",,"MIN","N","B","M","50","DE","N","N","265.03","N"
"20213613","07/16/2025 07:02:00 PM",,"MED","N","B","M","25","DE","N","N","125.25","Y"
"20020063","09/17/2024 08:19:57 PM",,"MAX","Y","B","M","35","DEP","N","Y","120.08","Y"
"97003","05/25/2025 08:33:19 PM",,"MIN","N","B","M","40","CS","N","N","120.00","N"
"20246983","11/01/2025 11:18:00 PM",,"MIN","Y","B","M","27","DE","N","N","140.25","Y"
"20251645","07/07/2026 04:23:00 PM",,"MED","Y","B","M","23","DE","N","Y","125.25","N"
"33970","06/10/2026 02:51:20 PM",,"MIN","Y","O","M","40","DE","N","N","215.50","Y"
"20244221","02/04/2026 04:14:57 PM",,"MIN","Y","B","M","28","DE","N","N","160.10","Y"
"117090","02/13/2026 11:14:30 AM",,"MIN","N","B","M","57","CS","N","N",,"N"
"20232895","11/10/2025 11:25:56 AM",,"MIN","Y","O","M","31","DE","N","N","120.05","N"
"90844","04/14/2026 01:29:42 PM",,"MAX","N","O","M","38","DE","N","N","160.15","Y"
"20119140","12/05/2024 03:56:13 PM",,"MAX","N","O","M","31","DE","N","N","125.25","Y"
"20216177","11/19/2025 03:22:53 PM",,"MAX","N","B","M","23","DE","N","Y","160.15","Y"
"20082179","02/06/2026 01:27:42 PM",,"MIN","Y","W","M","48","DE","N","N","110-120.10","N"
"20231979","06/13/2024 05:31:19 PM",,"MED","Y","B","M","21","DE","N","Y","110-160.15","Y"
"20246996","11/02/2025 04:43:18 PM",,"MIN","N","O","M","24","CS","N","N","205.30","N"
"20059986","02/12/2026 05:32:51 PM",,"MIN","N","O","M","41","CS","N","N","FOA 900.00","N"
"20250651","05/16/2026 07:28:14 PM",,"MIN","Y","O","M","25","DE","N","Y","120.10","N"
"20246026","09/15/2025 12:27:15 AM",,"MED","Y","O","M","39","DE","N","N","125.25","N"
"20244642","03/03/2026 02:42:21 PM",,"MIN","N","B","M","31","DE","N","N","160.15","N"
"20203811","12/10/2025 05:00:55 PM",,"MIN","N","O","M","51","CS","N","N","155.35","N"
"20240976","03/14/2026 01:33:03 AM",,"MIN","N","O","M","24","DE","N","Y","140.20","Y"
"20246183","06/03/2026 03:00:01 PM",,"MED","N","O","M","20","CS","N","N","110-265.03","N"
"20195418","04/04/2026 02:58:20 AM",,"MAX","Y","O","M","54","DE","N","N","140.30","N"
"20178994","01/14/2026 03:44:27 PM",,"MAX","Y","B","F","40","DE","N","N","140.25","Y"
"20171374","04/02/2026 04:08:10 PM",,"MED","Y","B","F","40","CS","N","N","155.25","N"
"20157224","11/28/2025 07:09:48 PM",,"MAX","Y","B","M","27","DE","N","Y","110-125.25","N"
"20238220","04/05/2026 01:03:28 AM",,"MIN","Y","O","M","32","DE","N","N","165.45","N"
"20251245","06/18/2026 11:54:47 AM",,"MIN","N","O","M","22","DE","N","N","215.50","N"
"20238899","06/20/2025 11:31:54 AM",,"MAX","Y","B","M","26","DE","N","Y","110-120.05","Y"
"20153033","03/03/2026 01:03:37 PM",,"MED","N","B","M","62","DE","N","N","130.35","N"
"113891","05/20/2026 12:27:50 PM",,"MED","Y","B","M","39","DE","N","Y","140.25","N"
"20246065","05/01/2026 09:18:11 PM",,"MAX","Y","O","M","18","DE","N","Y","110-120.10","Y"
"20249052","02/27/2026 08:58:00 PM",,"MIN","Y","B","M","44","DE","N","N","120.05","N"
"20245588","09/07/2025 01:09:03 AM",,"MED","N","O","M","27","DE","N","N","160.15","Y"
"20249422","03/18/2026 01:11:00 PM",,"MED","N","B","M","25","DE","N","N","125.25","N"
"20247697","12/09/2025 02:54:14 PM",,"MIN","Y","B","M","62","DE","N","N","120.10","N"
"1293","03/08/2026 01:04:00 AM",,"MED","N","O","M","53","DE","N","N","140.25","Y"
"20099356","07/09/2026 05:02:39 PM",,"MIN","Y","B","F","52","DE","N","N","155.25","N"
"20204367","02/17/2026 11:59:00 AM",,"MIN","N","O","M","32","SSR","N","N",,"N"
"20246314","10/02/2025 04:51:56 PM",,"MAX","N","O","M","21","DE","N","Y","160.15","Y"
"20246527","10/09/2025 12:11:28 PM",,"MED","N","O","M","25","DE","N","N","130.65","N"
"20217335","07/19/2025 12:53:53 PM",,"MAX","Y","W","M","32","DE","N","N","160.15","Y"
"20135604","04/13/2025 04:21:50 PM",,"MED","Y","B","M","33","DE","N","Y","140.25","Y"
"20246269","09/26/2025 01:07:12 AM",,"MAX","N","B","F","19","DE","N","Y","265.03","Y"
"20238981","09/27/2024 11:24:58 AM",,"MED","N","B","M","33","DE","N","N","110-125.25","Y"
"20250655","05/17/2026 12:53:51 AM",,"MED","N","O","M","42","DE","N","N","155.30","N"
"20198964","08/18/2024 08:01:39 PM",,"MAX","Y","B","M","36","DNS","N","Y","135.20","Y"
"20251772","07/14/2026 03:34:50 PM",,,"N","B","M","25","DE","N","N","240.20","N"
"62539","07/14/2026 10:15:06 AM",,"MED","N","B","M","45","DPV","N","N",,"N"
"24005","07/13/2026 08:59:18 PM",,"MIN","N","B","M","37","DE","N","N","215.50","N"
"20248132","01/06/2026 04:21:34 PM",,"MED","Y","A","M","53","DE","N","N","130.35","N"
"16614","04/15/2026 06:44:55 AM",,"MED","N","B","M","51","DE","N","N","265.03","N"
"20247910","06/10/2026 04:54:14 PM",,"MED","N","B","M","19","DE","N","Y","265.03","Y"
"20194043","08/25/2025 05:07:48 PM",,"MAX","Y","B","M","25","DEP","N","Y","125.25","Y"
"20025075","05/26/2026 12:34:00 AM",,"MED","Y","B","M","38","DEP","N","N","CO","Y"
"20250040","04/17/2026 07:54:12 PM",,"MED","N","O","M","39","DE","N","N","130.35","N"
"20209197","04/09/2026 11:03:58 AM",,"MAX","Y","B","M","23","CS","N","N","263.05","Y"
"20055332","10/02/2024 01:07:31 AM",,"MAX","Y","B","M","37","DE","N","N","125.25","Y"
"20231595","09/09/2025 12:35:00 AM",,"MIN","N","O","M","44","DE","N","N","215.52","N"
"20188970","11/07/2025 01:13:29 AM",,"MAX","N","O","M","28","DE","N","N","215.52","Y"
"20211520","04/30/2026 12:08:11 PM",,"MIN","Y","O","M","41","DE","N","N","140.25","N"
"85654","07/11/2025 05:58:50 PM",,"MED","Y","O","M","48","DE","N","N","125.27","N"
"20101022","11/25/2025 08:39:00 PM",,"MAX","Y","O","M","32","DE","N","Y","160.15","Y"
"20117455","02/03/2024 03:49:22 PM",,"MIN","Y","O","M","48","DE","N","N","265.03","Y"
"20191526","06/19/2026 12:33:39 PM",,"MED","Y","B","M","44","CS","N","N","155.25","N"
"20249514","04/05/2026 06:56:33 PM",,"MIN","N","B","M","24","DE","N","N","140.20","N"
"20167239","09/17/2025 01:09:29 AM",,"MED","Y","O","M","28","DEP","N","N","140.20","Y"
"20244714","07/01/2026 12:08:23 PM",,"MAX","Y","O","M","23","DE","N","N","140.25","N"
"20177612","08/16/2023 12:08:01 PM",,"MAX","Y","B","M","40","DE","N","N","110-125.25","Y"
"20040182","03/20/2026 04:13:50 PM",,"MIN","N","B","M","61","CSP","N","N","140.35","N"
"20246563","10/10/2025 04:07:11 PM",,"MED","Y","O","M","20","DE","N","N","125.25","Y"
"88781","09/28/2025 10:37:33 AM",,"MIN","Y","O","M","52","DE","N","N","110-125.25","N"
"20224887","02/08/2026 11:15:01 PM",,"MED","Y","B","M","22","DE","N","Y","265.03","Y"
"20214960","07/01/2025 10:44:01 PM",,"MAX","Y","B","M","31","DE","N","N","120.05","N"
"10011107","09/10/2025 12:14:19 AM",,"MAX","Y","O","M","34","DE","N","Y","220.18","Y"
"20002508","09/23/2023 03:35:06 PM",,"MED","Y","O","M","39","DE","N","N","125.25","Y"
"163184","04/01/2026 05:13:00 PM",,"MED","Y","B","M","39","DE","N","N","160.10","Y"
"20241947","04/29/2026 11:10:34 AM",,"MIN","Y","B","M","58","DE","N","N","140.20","N"
"20244566","02/20/2026 06:47:20 PM",,"MAX","N","B","M","20","DE","N","Y","125.25","Y"
"20219801","09/27/2023 12:29:31 AM",,"MAX","Y","O","M","23","DE","N","N","125.25","Y"
"20228201","02/16/2026 06:15:15 PM",,"MIN","N","B","M","68","DE","N","N","120.05","N"
"20222023","02/17/2026 01:22:33 PM",,"MIN","N","B","M","61","CS","N","N",,"N"
"20165305","05/15/2026 12:32:51 PM",,"MIN","Y","B","M","28","DE","N","N","120.00","N"
"20152725","05/24/2026 05:41:07 PM",,"MED","N","O","M","44","DE","N","N","140.25","N"
"45086","06/30/2026 03:10:40 PM",,"MED","N","B","M","48","DE","N","N","140.25","N"
"20219114","04/02/2026 11:59:47 PM",,"MAX","Y","O","M","35","DE","N","N","140.20","Y"
"20214116","07/09/2026 04:35:11 PM",,"MED","N","O","M","72","DEP","N","N","VOP","N"
"20241538","05/18/2026 12:57:19 PM",,"MIN","N","B","M","25","DE","N","N","220.06","N"
"20217897","07/22/2024 12:02:39 AM",,"MED","N","B","M","22","DE","N","Y","265.03","Y"
"20189566","06/08/2026 12:40:58 AM",,"MED","Y","O","M","50","DE","N","N","140.20","N"
"20246213","04/25/2026 12:35:57 AM",,"MIN","N","O","M","43","CS","N","N","155.30","N"
"20211505","11/23/2022 11:52:09 PM",,"MAX","Y","B","M","24","DE","N","Y","120.07","Y"
"20010657","02/05/2026 11:11:27 AM",,"MED","N","B","M","44","DE","N","N","VTL 666.66","Y"
"20215511","02/26/2025 11:41:46 AM",,"MED","Y","O","M","31","DE","N","N","110-125.25","Y"
"114359","05/24/2026 09:11:27 PM",,"MED","Y","O","M","35","DE","N","N","140.20","N"
"20241219","01/22/2025 12:54:29 PM",,"MED","Y","O","M","20","DE","N","N","110-125.25","Y"
"20077484","04/11/2026 07:48:39 PM",,"MED","N","B","M","34","DE","N","Y","220.16","Y"
"20050486","06/30/2026 07:08:28 PM",,"MED","Y","O","M","38","DE","N","N","120.05","N"
"122886","06/16/2026 11:11:16 AM",,"MED","Y","B","M","38","DE","N","N","110-125.25","N"
"20230778","06/27/2026 10:19:43 PM",,"MIN","Y","O","F","42","DE","N","N","265.01","N"
"20131419","04/08/2026 12:35:26 AM",,"MED","Y","B","M","30","DE","N","N","120.05","N"
"20211404","08/17/2022 08:14:48 PM",,"MED","N","B","M","50","DE","N","N","125.25","Y"
"20037560","03/09/2026 03:48:58 PM",,"MED","Y","B","M","32","DE","N","N","160.10","Y"
"40553","07/05/2026 12:29:17 PM",,"MIN","N","B","M","59","DE","N","N","120.05","N"
"20247672","12/07/2025 02:45:00 PM",,"MIN","N","B","M","42","DE","N","N","110-125.25","N"
"20099028","07/05/2026 03:11:22 PM",,"MED","Y","O","M","39","DE","N","N","120.14","N"
"93295","02/08/2024 01:03:03 AM",,"MED","N","B","M","40","DE","N","N","125.25","Y"
"20244735","07/15/2025 09:38:24 PM",,"MED","Y","B","M","33","DE","N","N","140.30","Y"
"20250337","05/03/2026 01:56:24 PM",,"MIN","Y","B","M","46","DE","N","N","140.25","N"
"20143507","07/31/2025 06:46:22 PM",,"MED","N","B","M","33","DE","N","N","110-125.25","Y"
"20162946","06/04/2026 01:29:16 PM",,"MAX","N","B","M","27","CS","N","Y",,"N"
"20008074","06/14/2026 08:53:56 PM",,"MED","Y","B","M","45","DE","N","N","140.20","N"
"20120190","04/10/2026 07:46:08 PM",,"MAX","Y","B","M","30","DE","N","Y","120.05","Y"
"20244335","06/26/2025 03:53:04 PM",,"MIN","N","O","M","22","DE","N","N","230.34","N"
"20021351","07/21/2025 08:46:16 PM",,"MAX","Y","B","M","34","DE","N","Y","265.03","Y"
"20247416","11/22/2025 01:18:32 AM",,"MED","N","B","M","28","DE","N","N","120.10","Y"
"166858","10/28/2025 08:15:02 PM",,"MAX","N","O","M","42","DE","N","N","160.15","Y"
"20165164","06/06/2026 08:37:18 PM",,"MED","Y","B","M","29","DE","N","Y","155.30","Y"
"20025388","08/12/2024 06:01:42 PM",,"MAX","N","B","M","34","DE","N","Y","160.15","Y"
"66021","05/09/2026 02:05:21 AM",,"MED","N","B","M","40","DE","N","N","165.45","N"
"20185217","12/17/2025 01:06:52 AM",,"MAX","Y","B","M","30","DE","N","Y","125.25","Y"
"20106000","02/26/2026 05:08:09 PM",,"MED","Y","B","M","35","DEP","N","Y","VOP","N"
"20123446","07/28/2025 01:16:09 PM",,"MED","Y","I","M","33","CS","N","N","AC 000.00","Y"
"66635","10/16/2025 03:01:00 PM",,"MED","N","O","M","45","DE","N","N","135.20","Y"
"20023990","07/14/2026 08:13:44 PM",,"MIN","N","B","M","40","DE","N","N","FOA 900.00","N"
"46068","02/02/2025 08:04:14 PM",,"MED","N","B","M","42","DE","N","N","220.43","N"
"20160260","06/12/2026 12:35:58 AM",,"MAX","Y","B","M","28","DE","N","Y","120.10","N"
"11857","10/27/2025 12:04:07 AM",,"MAX","Y","B","M","43","DE","N","Y","120.05","Y"
"20247593","12/03/2025 04:46:46 PM",,"MED","Y","B","M","40","DE","N","N","130.25","N"
"20245217","08/08/2025 01:14:09 PM",,"MAX","Y","B","F","20","DE","N","Y","105.15","Y"
"20248236","01/11/2026 12:35:29 PM",,"MIN","Y","I","M","20","DE","N","N","110-120.10","Y"
"20222076","06/24/2026 12:03:06 PM",,"MED","Y","O","M","49","DE","N","N","160.05","N"
"20251140","06/10/2026 03:58:37 PM",,"MED","Y","B","M","30","DE","N","N","121.12","N"
"7858","07/07/2026 03:23:15 PM",,"MIN","Y","B","M","39","DE","N","N","110-120.10","N"
"20060449","02/21/2026 11:03:45 AM",,"MAX","Y","O","M","43","DE","N","Y","130.65","Y"
"20251731","07/12/2026 01:09:09 AM",,"MED","Y","B","F","40","DE","N","N","155.30","N"
"20249511","03/22/2026 04:43:25 PM",,"MIN","N","O","M","23","CS","N","N","215.50","N"
"20119785","07/09/2026 07:53:43 PM",,"MIN","N","O","F","33","DE","N","N","155.25","N"
"20058781","08/24/2025 04:59:49 PM",,"MIN","Y","B","M","46","DE","N","Y","265.03","N"
"20249669","05/20/2026 12:45:09 AM",,"MED","Y","B","F","43","DE","N","N","160.15","N"
"20249727","04/04/2026 01:56:34 AM",,"MIN","Y","O","M","19","DE","N","Y","110-125.25","N"
"20225437","09/23/2025 03:56:01 PM",,"MAX","Y","B","M","25","DE","N","Y","140.30","Y"
"20107718","06/10/2026 05:03:27 PM",,"MIN","N","O","M","57","DE","N","N","220.43","N"
"20015520","07/01/2026 10:55:41 AM",,"MAX","Y","O","M","39","DE","N","N","140.20","N"
"20250107","04/21/2026 12:42:31 PM",,"MIN","N","B","M","25","DE","N","N","105.10","N"
"111052","05/12/2026 04:29:48 PM",,"MED","N","B","M","48","DE","N","N","160.10","Y"
"124702","11/13/2025 11:11:49 PM",,"MAX","Y","B","M","38","DE","N","N","120.05","Y"
"10012008","07/20/2025 02:59:01 PM",,"MAX","Y","B","M","37","DE","N","Y","265.03","Y"
"20131142","06/10/2026 05:18:46 PM",,"MIN","N","O","M","36","DE","N","N","220.41","N"
"17844","11/14/2025 09:22:32 PM",,"MAX","Y","B","M","44","DE","N","N","120.05","Y"
"10011649","07/13/2026 12:12:09 PM",,"MED","N","B","M","39","DEP","N","Y","VOP","N"
"20044435","01/28/2026 11:27:00 AM",,"MIN","N","B","M","47","CS","N","N",,"N"
"20221578","03/08/2025 09:04:34 PM",,"MIN","N","B","M","26","DNS","N","Y","110-265.03","N"
"33067","06/11/2026 08:25:14 PM",,"MED","Y","O","M","43","DE","N","N","220.18","N"
"20232160","06/21/2024 07:52:10 PM",,"MAX","Y","B","M","26","DE","N","Y","110-125.25","Y"
"20246759","06/25/2026 12:16:00 PM",,"MIN","N","O","M","28","DE","N","N","VTL 1192.2","N"
"10015433","07/01/2025 12:43:21 AM",,"MAX","Y","B","M","50","DEP","N","N","VOP","Y"
"20245845","09/06/2025 01:41:16 PM",,"MIN","N","O","M","30","DE","N","N","265.03","N"
"72855","07/06/2026 09:30:04 PM",,"MAX","Y","B","M","40","DE","N","N","110-120.10","N"
"150344","03/29/2026 01:25:44 PM",,"MAX","Y","B","M","41","DE","N","Y","220.16","N"
"20240223","04/15/2026 02:13:00 PM",,"MIN","Y","B","M","29","DE","N","N","120.10","N"
"20019518","03/06/2026 12:51:00 AM",,"MIN","Y","B","M","58","CS","N","N","110-120.05","N"
"20248569","01/29/2026 05:12:51 PM",,"MED","Y","B","M","42","DNS","N","N",,"N"
"20248373","01/18/2026 04:58:00 PM",,"MIN","N","O","M","33","DE","N","N","1192(3)","N"
"20247827","12/15/2025 11:25:22 PM",,"MIN","Y","O","M","33","DE","N","N","140.25","N"
"27873","05/18/2026 04:48:42 PM",,"MIN","Y","B","M","61","DE","N","N","140.20","Y"
"19822","09/19/2024 01:18:32 PM",,"MIN","Y","O","M","48","SSR","N","N",,"Y"
"102910","06/16/2026 05:28:13 PM",,"MED","Y","B","M","41","DE","N","N","140.25","N"
"20181655","07/14/2026 11:59:15 AM",,,"N","O","M","48","CS","N","N",,"N"
"20144238","09/26/2024 08:20:21 PM",,"MAX","Y","B","M","62","DE","N","N","150.15","Y"
"20198754","07/06/2026 12:15:46 PM",,"MED","Y","B","M","23","DE","N","Y","160.10","N"
"20190097","06/09/2026 04:32:38 PM",,"MED","Y","B","F","36","DE","N","N","120.05","N"
"20173472","03/28/2026 01:37:05 AM",,"MIN","Y","B","M","31","DE","N","N","140.30","N"
"20224454","01/09/2026 11:26:55 PM",,"MED","Y","W","M","22","CS","N","N",,"Y"
"20240623","06/28/2026 01:52:03 AM",,"MED","Y","O","M","29","DE","N","N","110-140.20","N"
"20112087","08/13/2025 07:32:43 PM",,"MAX","Y","B","M","31","DE","N","Y","160.10","Y"
"20251221","06/14/2026 10:37:15 AM",,"MED","Y","B","M","26","DE","N","N","110-130.35","N"
"21766","05/09/2025 03:34:18 PM",,"MIN","N","O","M","48","DE","N","Y","110-125.25","N"
"20185905","12/04/2025 05:50:00 PM",,"MAX","Y","B","M","26","DE","N","Y","155.30","Y"
"20240866","07/19/2025 12:22:44 AM",,"MED","N","B","M","21","DE","N","Y","125.25","Y"
"20107156","10/30/2024 06:28:00 PM",,"MED","N","O","M","31","DE","N","Y","265.12","Y"
"20240447","12/10/2024 05:39:57 PM",,"MAX","Y","O","F","34","DE","N","N","125.25","Y"
"20249273","06/28/2026 06:52:00 PM",,"MED","Y","O","F","23","DE","N","N","140.25","N"
"20213679","06/13/2026 06:35:02 PM",,"MAX","N","O","M","25","DE","N","Y","240.30","Y"
"20124171","05/20/2025 01:21:41 PM",,"MAX","N","B","M","29","DE","N","Y","125.25","Y"
"159474","01/20/2026 09:54:54 PM",,"MED","Y","A","M","52","DEP","N","N","125.25","N"
"20203434","10/30/2024 04:25:46 PM",,"MAX","Y","B","M","24","DE","N","Y","105.15","Y"
"20251730","07/12/2026 01:04:19 AM",,"MED","N","B","M","42","DEP","N","N","165.15","N"
"20226728","09/02/2023 12:50:08 AM",,"MED","N","O","M","47","DE","N","N","125.25","Y"
"20248193","01/09/2026 01:39:16 PM",,"MED","Y","B","M","26","DE","N","N","125.25","N"
"20251535","07/01/2026 05:12:00 PM",,"MED","Y","B","M","22","DE","N","N","120.14","N"
"105131","10/09/2025 11:11:54 PM",,"MAX","Y","O","M","40","DE","N","N","160.10","Y"
"20076807","02/24/2026 05:16:00 PM",,"MIN","Y","B","M","33","DE","N","N","140.25","Y"
"20248869","02/17/2026 11:58:00 AM",,"MIN","Y","B","M","42","DE","N","N","265.03","N"
"20047121","07/09/2026 10:41:20 PM",,"MED","Y","O","M","45","DE","N","N",,"N"
"20238133","05/19/2025 03:33:49 PM",,"MIN","Y","B","M","59","DE","N","N","155.30","N"
"12383","04/17/2026 04:51:19 PM",,"MIN","N","B","M","58","DE","N","N","155.35","N"
"20246815","10/23/2025 05:48:33 PM",,"MED","Y","O","M","52","DE","N","N","130.75","N"
"20223597","03/16/2023 06:00:20 PM",,"MED","N","B","M","30","DE","N","N","125.25","Y"
"20179491","04/21/2026 02:47:15 PM",,"MIN","Y","B","M","28","DE","N","N","265.03","N"
"20075264","02/05/2026 05:15:26 PM",,"MAX","Y","O","F","34","DE","N","N","140.25","Y"
"20000204","02/03/2023 12:50:03 AM",,"MED","Y","B","M","42","DE","N","Y","125.25","Y"
"20162409","10/07/2025 12:09:01 AM",,"MAX","Y","B","F","41","DE","N","N","120.05","Y"
"61408","05/15/2026 01:55:53 PM",,"MIN","N","B","M","50","CS","N","N","120.00","N"
"20219529","07/07/2022 01:08:37 AM",,"MAX","Y","B","M","27","DE","N","Y","125.25","Y"
"20171753","09/25/2024 01:11:54 AM",,"MED","Y","B","M","31","DE","N","N","125.27","N"
"20250203","07/01/2026 12:26:40 PM",,"MED","Y","B","M","29","DE","N","N","140.25","N"
"12240","07/24/2025 01:20:40 PM",,"MIN","Y","O","M","52","DE","N","N","140.20","N"
"87344","04/06/2025 01:00:58 AM",,"MAX","Y","B","M","56","DE","N","N","160.15","Y"
"20070157","12/31/2025 12:36:26 PM",,"MAX","Y","O","M","32","DE","N","N","130.50","N"
"20133344","06/24/2026 08:37:16 PM",,"MAX","Y","B","M","41","DE","N","N","220.18","N"
"20223036","10/29/2025 12:37:21 PM",,"MED","N","B","M","30","DE","N","N","110-125.25","Y"
"20248985","02/24/2026 11:05:00 PM",,"MED","Y","O","M","30","DE","N","N","160.15","N"
"20242606","05/29/2026 11:37:54 AM",,"MED","N","B","M","33","DE","N","N","155.25","N"
"20221320","02/11/2026 05:45:14 PM",,"MAX","Y","B","M","22","DE","N","Y","105.15","Y"
"114059","02/26/2026 07:38:21 PM",,"MAX","Y","B","M","36","DE","N","N","110-125.25","Y"
"20245426","05/28/2026 01:34:00 AM",,"MED","Y","B","M","22","DE","N","Y","110-120.10","N"
"20097024","01/17/2026 01:11:00 AM",,"MIN","Y","B","M","49","DE","N","N","120.14","Y"
"20251561","07/02/2026 08:43:31 PM",,"MED","Y","B","M","18","DE","N","Y","110-125.25","N"
"20241868","03/19/2025 01:15:55 AM",,"MAX","Y","O","F","28","DE","N","N","125.25","Y"
"20249570","03/26/2026 12:23:21 AM",,"MAX","Y","O","M","21","DE","N","Y","110-125.25","Y"
"20227584","05/14/2025 03:31:13 PM",,"MED","Y","O","M","23","DE","N","N","155.35","N"
"20206906","06/19/2026 05:10:00 PM",,"MIN","N","O","M","50","DE","N","N","260.10","N"
"20036290","05/07/2026 05:15:26 PM",,"MED","Y","B","M","50","DEP","N","N","168-T","N"
"20157970","06/23/2026 05:29:28 PM",,"MED","N","O","M","28","DE","N","Y","CO","N"
"20248152","01/07/2026 05:34:27 PM",,"MED","Y","A","M","42","DE","N","N","125.25","N"
"20205236","09/08/2023 06:55:34 PM",,"MAX","Y","B","M","25","DE","N","Y","110-125.25","Y"
"61426","07/13/2026 07:43:00 PM",,"MIN","N","O","M","58","DE","N","N","120.05","N"
"20126742","04/28/2026 10:54:00 PM",,"MED","Y","B","M","30","DE","N","Y","125.25","Y"
"20124729","05/29/2026 08:13:04 PM",,"MED","Y","B","M","31","DE","N","Y","120.07","N"
"20244604","07/09/2025 11:57:54 PM",,"MIN","N","U","M","39","DE","N","N","230.34","N"
"20250477","05/09/2026 12:45:38 PM",,"MAX","Y","B","M","32","DE","N","N","125.25","N"
"20227845","11/04/2023 02:55:22 PM",,"MAX","Y","O","M","30","DE","N","N","125.25","Y"
"20041135","01/03/2025 08:49:40 PM",,"MIN","Y","O","M","41","DE","N","N","160.15","Y"
"20022962","04/15/2026 11:55:14 PM",,"MIN","Y","A","M","57","DEP","N","N","155.35","N"
"20246081","04/02/2026 12:18:23 PM",,"MED","N","B","M","21","DE","N","Y","105.15","Y"
"20231660","04/14/2026 11:33:20 AM",,"MAX","Y","B","M","41","DE","N","N","110-120.10","Y"
"20238818","03/24/2026 12:36:41 PM",,"MAX","N","O","M","20","DE","N","N","120.10","Y"
"20249279","03/11/2026 04:43:21 PM",,"MIN","N","B","M","22","DE","N","Y","110-125.25","Y"
"20246008","05/16/2026 12:46:06 PM",,"MED","Y","O","M","42","DE","N","N","121.12","N"
"20244195","06/19/2025 05:04:22 PM",,"MIN","N","B","M","29","DE","N","N","110-125.25","Y"
"20228582","12/15/2023 01:23:47 PM",,"MED","N","B","M","63","DE","N","N","125.25","N"
"20243882","01/21/2026 12:35:41 PM",,"MED","Y","B","M","24","CS","N","N","110-160.05","Y"
"78354","07/31/2025 03:12:43 PM",,"MAX","Y","O","M","52","DE","N","N","110-125.25","Y"
"20249127","03/03/2026 05:27:22 PM",,"MAX","Y","B","M","22","DE","N","Y","105.15","Y"
"20247974","07/03/2026 11:26:21 AM",,"MED","Y","B","M","25","DE","N","N","130.35","N"
"168122","12/10/2023 02:05:44 PM",,"MED","N","B","M","39","DE","N","N","125.25","Y"
"20221266","05/07/2026 11:10:01 AM",,"MED","Y","B","M","50","DE","N","N","125.25","N"
"20249696","04/02/2026 03:17:42 PM",,"MED","Y","B","M","37","DE","N","N","125.25","N"
"39374","12/01/2025 11:52:37 AM",,"MIN","Y","B","M","58","DE","N","N","140.20","N"
"20248750","02/10/2026 07:28:20 PM",,"MIN","N","O","M","51","DE","N","N","220.21","N"
"20167595","07/10/2026 03:57:51 PM",,"MED","N","O","M","37","DE","N","N","265.03","N"
"20245128","08/04/2025 11:34:40 AM",,"MAX","Y","B","M","21","DE","N","Y","160.15","Y"
"20138192","08/13/2025 06:47:36 PM",,"MAX","Y","B","M","28","DE","N","Y","460.20","Y"
"20238669","06/14/2026 01:18:00 PM",,"MIN","Y","B","M","23","DE","N","Y","155.25","N"
"20215227","08/06/2021 10:20:24 PM",,"MED","N","W","M","48","DE","N","N","125.25","Y"
"20245527","08/22/2025 06:00:40 PM",,"MIN","Y","B","M","63","DE","N","N","120.05","Y"
"20228592","07/13/2026 08:36:27 PM",,"MAX","Y","B","M","20","DE","N","N","120.05","N"
"20232251","06/20/2026 01:07:32 PM",,"MED","Y","W","M","41","DE","N","N","160.15","N"
"150928","04/20/2026 06:48:33 PM",,"MIN","Y","B","M","42","DE","N","N","120.05","N"
"20129410","12/25/2025 08:13:21 PM",,"MED","Y","O","F","33","DE","N","N","110-120.05","Y"
"20241299","01/26/2025 05:10:00 PM",,"MED","Y","O","M","31","DE","N","N","125.25","Y"
"11093","04/04/2025 11:57:06 AM",,"MIN","Y","B","M","65","DNS","N","N",,"Y"
"20241410","06/30/2026 11:04:55 AM",,"MIN","N","O","M","41","DE","N","N","220.21","N"
"20214535","04/12/2026 01:23:51 PM",,"MAX","N","O","M","23","DE","N","Y","155.35","Y"
"20224499","07/14/2026 12:39:05 AM",,"MIN","Y","B","M","48","DE","N","N","160.15","N"
"20250370","07/06/2026 04:31:44 PM",,"MED","Y","B","M","22","DE","N","N","120.05","N"
"20231003","02/22/2025 12:46:14 PM",,"MAX","N","B","M","21","DE","N","Y","160.15","Y"
"20249478","03/20/2026 09:13:13 PM",,"MIN","Y","W","F","46","DE","N","N","110-160.10","N"
"20037402","04/14/2026 11:59:25 PM",,"MAX","Y","W","M","40","DE","N","N","140.30","N"
"69284","07/14/2026 12:25:05 AM",,"MED","N","O","M","42","DE","N","N","140.25","N"
"20242888","07/09/2025 07:30:07 PM",,"MED","Y","B","M","19","DE","N","Y","160.15","Y"
"20241340","01/29/2025 01:20:53 AM",,"MED","N","B","M","50","DE","N","N","110-125.25","N"
"20247706","12/09/2025 05:35:28 PM",,"MAX","Y","O","M","39","DE","N","N","120.05","Y"
"20217094","02/10/2025 05:17:53 PM",,"MED","Y","B","M","47","DE","N","N","125.27","Y"
"157908","05/15/2026 06:38:39 PM",,"MED","Y","W","M","42","DEP","N","N","VOP","N"
"20247141","11/09/2025 08:38:10 PM",,"MIN","Y","B","M","27","DE","N","Y","160.10","Y"
"20250190","04/24/2026 05:09:42 PM",,"MIN","Y","B","M","44","DE","N","N","265.03","N"
"20245634","08/27/2025 07:59:15 PM",,"MED","N","O","M","30","DE","N","Y","120.05","Y"
"20240704","12/24/2024 01:11:00 PM",,"MED","Y","O","M","35","DE","N","N","125.25","N"
"20061253","12/05/2025 03:21:40 PM",,"MED","Y","B","M","41","DE","N","Y","220.39","N"
"20113954","07/07/2026 01:01:12 PM",,"MIN","Y","B","M","31","DE","N","Y","265.03","N"
"20177883","05/23/2025 12:36:14 PM",,"MED","N","B","M","28","DE","N","Y","230.34","Y"
"134990","01/29/2026 07:16:00 PM",,"MED","Y","B","M","37","DE","N","N","120.05","N"
"20186402","07/10/2026 12:06:29 PM",,"MED","N","H","M","28","DE","N","N","110-120.07","N"
"20095759","07/12/2026 01:20:39 AM",,"MAX","N","B","M","35","DE","N","N","160.15","N"
"20068972","02/12/2026 07:56:00 PM",,"MIN","Y","B","M","46","DE","N","Y","160.05","N"
"20053193","07/10/2026 12:56:02 PM",,"MED","N","B","M","33","DE","N","N","110-125.25","N"
"51751","06/18/2025 12:32:54 AM",,"MIN","Y","B","M","49","DE","N","N","140.25","Y"
"20247254","11/14/2025 07:48:26 PM",,"MED","Y","B","M","21","DE","N","Y","110-120.10","Y"
"20151292","08/15/2025 05:07:29 PM",,"MAX","Y","W","F","42","DE","N","N","120.05","Y"
"20246858","10/25/2025 08:53:22 PM",,"MED","Y","B","M","25","DE","N","N","140.20","Y"
"20223819","04/16/2026 11:59:36 PM",,"MED","Y","B","F","22","CS","N","N","120.00","Y"
"63113","06/06/2026 12:46:12 PM",,"MED","Y","B","M","44","DE","N","N","220.06","N"
"20197002","03/21/2026 12:11:00 AM",,"MAX","Y","W","M","51","DE","N","N","120.05","Y"
"20191972","05/25/2026 01:13:00 PM",,"MAX","Y","O","F","40","DEP","N","N","220.03","N"
"20219497","08/11/2025 01:26:13 AM",,"MAX","Y","O","M","35","DE","N","N","160.15","Y"
"20250186","04/24/2026 12:28:54 PM",,"MIN","N","B","M","43","DE","N","N","160.15","N"
"20068881","06/25/2026 11:41:58 AM",,"MED","Y","B","M","46","DE","N","N","120.10","N"
"20248791","02/13/2026 01:21:43 AM",,"MIN","N","O","M","24","DE","N","N","220.21","N"
"5211","03/26/2023 01:43:56 AM",,"MAX","Y","B","F","39","DE","N","N","125.25","Y"
"20146557","07/14/2026 04:54:53 PM",,,"N","W","F","32","DE","N","N","220.03","N"
"20242622","05/13/2026 07:22:32 PM",,"MIN","Y","B","M","34","DE","N","N","250.45","N"
"20170143","05/05/2026 02:55:11 PM",,"MED","Y","B","F","33","DE","N","N","120.05","N"
"20231078","03/14/2026 11:05:00 PM",,"MIN","Y","B","F","34","DE","N","N","140.20","N"
"20161710","07/05/2026 06:58:00 PM",,"MED","Y","O","M","29","DE","N","Y","265.01","N"
"20244110","06/15/2025 11:44:38 AM",,"MED","Y","B","M","33","DE","N","N","125.25","N"
"20201058","06/23/2026 03:27:17 PM",,"MED","Y","B","F","47","DE","N","N","110-120.10","N"
"20160989","12/15/2025 02:58:28 PM",,"MAX","Y","B","M","32","DE","N","N","160.15","Y"
"20043903","04/30/2025 04:30:00 PM",,"MAX","Y","B","M","33","DE","N","Y","130.75","Y"
"20184581","08/09/2025 10:50:00 PM",,"MAX","N","B","M","27","DE","N","Y","220.16","Y"
"20148486","07/10/2026 03:51:28 PM",,"MAX","N","B","M","28","DE","N","Y","160.15","N"
"20227783","06/17/2026 11:12:30 AM",,"MIN","N","I","M","38","DE","N","N","165.52","N"
"20153104","06/13/2026 03:17:21 PM",,"MED","Y","O","M","31","DE","N","N","110-125.25","N"
"20226721","06/18/2026 05:16:00 PM",,"MIN","Y","W","M","52","DE","N","N",,"N"
"20056163","03/27/2026 02:54:21 PM",,"MED","Y","B","F","39","DE","N","N","220.39","Y"
"33531","07/06/2026 01:16:06 AM",,"MAX","Y","B","M","41","DEP","N","Y","155.25","N"
"20250995","06/03/2026 06:59:51 PM",,"MED","Y","O","M","19","DE","N","Y","110-125.25","N"
"69081","06/22/2026 08:59:15 PM",,"MIN","Y","B","M","66","DE","N","N","110-120.10","N"
"20250379","05/05/2026 04:37:32 PM",,"MED","Y","O","M","21","DE","N","N","121.12","Y"
"20226875","03/19/2026 10:05:39 AM",,"MIN","Y","W","F","33","DE","N","N","140.25","N"
"20249921","04/12/2026 11:47:00 PM",,"MIN","Y","B","M","30","DE","N","N","140.35","Y"
"20009954","08/13/2025 04:15:36 PM",,"MIN","Y","O","M","35","DE","N","N","140.25","Y"
"20091200","03/27/2026 01:02:30 PM",,"MIN","Y","B","M","36","CSP","N","N","145.00","N"
"20241320","06/30/2026 01:48:06 PM",,"MED","Y","B","M","25","DE","N","N","160.10","N"
"20212482","07/04/2022 01:45:39 AM",,"MAX","Y","B","M","23","DE","N","N","125.25","Y"
"20248052","12/31/2025 12:16:39 AM",,"MED","Y","O","M","28","DE","N","N","130.35","N"
"20109231","05/12/2026 04:38:21 PM",,"MAX","Y","B","M","32","DE","N","N","110-125.25","Y"
"20132176","05/17/2026 01:16:17 AM",,"MIN","Y","B","M","37","DE","N","N","AC 999.99","N"
"20117097","06/16/2026 06:48:59 PM",,"MAX","Y","B","M","36","DE","N","N","145.10","Y"
"20251622","07/06/2026 01:25:50 AM",,"MED","N","O","F","22","DE","N","N","160.05","N"
"20208282","04/29/2026 04:38:47 PM",,"MED","Y","B","M","37","DE","N","Y","160.15","N"
"20212468","03/18/2023 12:55:49 PM",,"MED","Y","B","M","29","DE","N","N","125.25","Y"
"20216307","05/02/2026 12:32:10 AM",,"MED","Y","B","M","55","DEP","N","N","160.15","N"
"20072935","03/23/2025 04:32:59 PM",,"MED","Y","B","F","31","DE","N","N","140.20","Y"
"20243744","11/21/2025 08:10:24 AM",,"MIN","N","W","M","29","CS","N","N",,"Y"
"20171117","07/07/2026 03:58:07 PM",,"MAX","Y","B","M","26","DE","N","Y","120.05","N"
"20227703","03/11/2026 08:51:09 PM",,"MED","N","A","M","30","DE","N","N","265.02","N"
"20251208","06/13/2026 05:17:30 PM",,"MIN","Y","B","M","27","DE","N","N","165.45","N"
"20223786","03/28/2023 09:12:51 PM",,"MED","Y","O","M","36","DE","N","N","125.25","Y"
"20239484","10/24/2024 05:19:31 PM",,"MIN","Y","O","M","42","DE","N","N","110-125.25","N"
"20247683","07/13/2026 05:24:43 PM",,"MED","N","O","M","35","DE","N","N","260.10","N"
"20250529","05/12/2026 11:32:38 AM",,"MED","N","O","M","35","CS","N","N","130.40","N"
"20221305","06/18/2026 04:31:00 PM",,"MED","N","U","M","41","DE","N","N","220.16","N"
"20244030","06/11/2025 03:52:00 PM",,"MAX","N","O","M","19","DE","N","Y","125.25","Y"
"10002680","01/04/2026 01:13:30 AM",,"MED","Y","B","M","47","DEP","N","N","168-T","N"
"20011194","06/13/2026 06:33:51 PM",,"MAX","N","B","M","34","DE","N","N","130.65","N"
"57201","11/21/2025 12:31:49 PM",,"MAX","N","B","M","41","DE","N","Y","220.21","Y"
"20240196","11/27/2024 05:13:19 PM",,"MAX","Y","O","M","33","DNS","N","N",,"Y"
"20247808","06/28/2026 05:24:18 PM",,"MIN","Y","B","M","45","CS","N","N",,"N"
"137759","07/13/2026 08:44:00 PM",,"MED","N","B","M","37","DE","N","N","220.39","N"
"20178329","09/30/2025 11:19:09 PM",,"MAX","Y","B","F","31","DE","N","N","140.30","Y"
"20244415","04/19/2026 12:46:32 PM",,"MED","Y","B","M","21","DE","N","Y","160.15","Y"
"10000370","06/22/2026 11:41:49 AM",,"MED","Y","B","M","42","DE","N","N","110-125.25","N"
"20219353","02/05/2024 02:48:53 PM",,"MAX","N","B","M","23","DE","N","Y","110-125.25","Y"
"20197","03/06/2026 01:12:04 PM",,"MED","Y","B","F","50","CS","N","N","155.25","Y"
"20245413","07/05/2026 12:40:38 AM",,"MED","N","B","M","19","DE","N","Y","265.03","N"
"20222940","06/18/2026 07:22:00 PM",,"MAX","Y","B","M","31","DEP","N","N","VOP","N"
"20226588","06/10/2026 07:34:27 PM",,"MED","N","B","M","59","DE","N","N","265.03","N"
"20230386","08/08/2025 11:27:34 AM",,"MED","Y","B","M","21","DE","N","Y","160.15","Y"
"20249786","04/07/2026 04:23:00 PM",,"MIN","N","B","M","46","DE","N","N","265.03","N"
"20239706","06/21/2026 10:56:12 AM",,"MED","Y","B","M","29","DE","N","N","165.40","N"
"20231780","06/25/2025 02:23:06 PM",,"MIN","Y","A","M","34","DE","N","N","110-125.25","Y"
"20047225","03/26/2025 12:58:11 AM",,"MAX","Y","B","M","35","DE","N","Y","265.03","Y"
"20244806","07/18/2025 11:11:00 PM",,"MED","N","B","M","22","CS","N","Y","110-120.10","Y"
"20241980","03/06/2025 05:23:00 PM",,"MED","Y","O","F","21","DE","N","N","125.25","Y"
"93393","04/25/2026 03:07:00 PM",,"MAX","Y","O","M","38","DE","N","N","120.05","N"
"76930","10/17/2025 12:42:00 PM",,"MED","Y","B","M","49","DE","N","N","160.15","N"
"20038283","02/17/2026 04:26:27 PM",,"MAX","Y","O","M","35","DE","N","N","110-125.25","Y"
"20168790","04/18/2026 05:02:27 PM",,"MIN","N","B","M","54","CS","N","N","220.03","N"
"20238191","08/20/2024 06:49:21 PM",,"MED","Y","W","M","42","DE","N","N","110-125.25","Y"
"20246136","09/19/2025 09:11:56 PM",,"MED","Y","O","M","20","DE","N","Y","125.25","Y"
"20200941","02/20/2026 04:22:26 PM",,"MED","Y","B","M","31","DE","N","N","155.40","N"
"20251395","06/24/2026 03:44:47 PM",,"MIN","N","A","M","21","DE","N","N","215.50","N"
"20177809","07/14/2026 11:15:51 PM",,"MAX","Y","B","M","25","DE","N","Y","140.25","N"
"20229400","06/10/2026 12:24:46 PM",,"MAX","Y","O","M","21","CS","N","Y",,"N"
"20010895","05/19/2026 07:03:34 PM",,"MAX","Y","O","M","35","DE","N","N","160.15","N"
"20110346","07/14/2026 12:26:11 AM",,"MIN","N","O","M","51","DE","N","N","155.40","N"
"20106712","08/18/2025 01:26:06 AM",,"MAX","Y","B","M","38","DE","N","N","130.53","Y"
"20248713","02/08/2026 04:35:00 PM",,"MED","N","B","M","19","DE","N","Y","110-125.25","Y"
"20249766","06/22/2026 12:09:43 AM",,"MED","N","O","M","35","DE","N","N","140.25","N"
"20066102","06/14/2026 04:16:25 PM",,"MED","Y","B","M","33","DE","N","Y","265.03","N"
"20158546","05/08/2026 04:56:32 PM",,"MAX","Y","W","M","36","DE","N","N","120.05","N"
"20248979","02/24/2026 04:53:00 PM",,"MIN","Y","B","M","38","DE","N","N","140.25","N"
"27905","01/18/2026 12:17:00 PM",,"MIN","N","O","M","47","DE","N","N","140.20","N"
"64197","11/28/2025 12:35:00 AM",,"MIN","Y","B","M","58","DE","N","N","140.20","N"
"20019221","06/10/2026 01:57:00 PM",,"MAX","N","B","M","33","DE","N","Y","195.05","N"
"20119941","04/18/2026 04:49:54 PM",,"MED","Y","O","M","52","DE","N","N","140.20","N"
"20242362","06/29/2026 11:09:22 AM",,"MAX","Y","B","M","21","DE","N","Y","125.25","N"
"20153243","04/08/2026 05:36:38 PM",,"MED","Y","O","M","33","CS","N","N",,"Y"
"20249606","03/27/2026 04:53:54 PM",,"MAX","Y","A","M","18","DE","N","Y","125.25","Y"
"20240284","12/03/2024 02:05:41 PM",,"MED","Y","B","M","54","DE","N","N","130.75","Y"
"20136998","05/13/2026 12:04:33 PM",,"MIN","N","B","M","43","DE","N","N","265.03","N"
"20250343","05/03/2026 07:31:19 PM",,"MAX","Y",,,"30","DE","N","N","160.10","Y"
"20242577","12/18/2025 03:40:27 PM",,"MED","N","B","M","21","DE","N","Y","105.17","Y"
"112335","10/17/2025 07:41:08 PM",,"MIN","Y","O","M","48","DE","N","N","190.65","N"
"20056245","08/01/2025 12:54:00 AM",,"MIN","Y","O","M","49","DE","N","N","265.03","N"
"20251761","07/13/2026 05:09:00 PM",,"MIN","N","W","M","46","DE","N","N","155.30","N"
"118666","02/06/2026 11:23:42 AM",,"MED","N","W","M","51","DE","N","N","265.02","Y"
"161478","04/18/2025 08:14:25 PM",,"MED","N","O","M","35","DE","N","N","165.52","Y"
"20211937","03/22/2025 07:12:11 PM",,"MAX","N","O","M","34","DE","N","N","160.15","Y"
"20209234","05/07/2026 05:40:15 PM",,"MAX","Y","B","M","24","DE","N","Y","265.03","N"
"41628","06/22/2026 01:30:14 PM",,"MED","N","B","M","52","DE","N","N","160.15","N"
"20002011","04/26/2026 01:05:30 PM",,"MIN","N","W","M","52","CS","N","N",,"N"
"20248960","02/22/2026 11:00:52 AM",,"MAX","Y","B","M","37","DE","N","N","160.15","Y"
"22823","06/22/2026 11:09:53 AM",,"MED","Y","B","M","45","DE","N","Y","140.20","N"
"20209903","07/09/2026 06:02:09 PM",,"MAX","N","B","F","26","DE","N","Y","125.20","N"
"28071","04/30/2025 12:40:44 PM",,"MIN","Y","B","M","49","SSR","N","N",,"N"
"20251781","07/14/2026 08:29:58 PM",,"MIN","N","O","M","62","DE","N","N","220.21","N"
"20242560","04/03/2025 03:12:35 PM",,"MAX","Y","B","M","25","CS","N","N",,"Y"
"120437","04/16/2026 12:32:00 AM",,"MIN","N","B","M","42","DE","N","N","110-140.25","N"
"20221084","05/27/2026 03:58:02 PM",,"MED","Y","W","M","39","DE","N","N","140.20","N"
"20021405","03/08/2026 09:07:06 PM",,"MIN","Y","B","M","41","DE","N","N","220.16","N"
"20241890","07/13/2026 11:12:26 AM",,"MAX","N","B","M","34","DE","N","Y","110-120.10","N"
"20250705","07/14/2026 11:30:00 PM",,,"N","B","F","30","DE","N","N","120.05","N"
"20237060","04/29/2026 03:08:50 PM",,"MED","Y","B","M","47","DE","N","N","130.65","N"
"20163580","07/04/2026 03:38:56 PM",,"MED","N","O","F","43","DE","N","N","140.20","N"
"20251037","06/05/2026 12:36:15 PM",,"MED","N","B","M","20","DE","N","Y","110-125.25","N"
"20063585","06/10/2026 02:59:15 PM",,"MAX","Y","W","F","36","DE","N","N","140.25","Y"
"20251642","07/07/2026 01:12:31 PM",,"MIN","Y","B","M","53","DE","N","N",,"N"
"26125","07/15/2025 01:27:54 PM",,"MIN","N","O","M","42","DE","N","N","110-125.25","N"
"73021","03/25/2026 04:07:12 PM",,"MIN","Y","B","M","37","DE","N","N","120.05","N"
"20248864","02/16/2026 08:06:42 PM",,"MED","Y","O","F","41","DE","N","N","160.15","Y"
"9913","03/20/2026 12:58:23 PM",,"MED","Y","B","M","61","DE","N","N","135.25","N"
"20154329","03/25/2026 03:31:17 PM",,"MED","Y","B","M","29","DE","N","Y","130.95","N"
"20251492","06/29/2026 04:49:34 PM",,"MIN","Y","A","M","35","DE","N","N","215.55","N"
"20248307","01/15/2026 12:37:51 PM",,"MIN","Y","O","M","66","DE","N","N","110-125.25","N"
"20136571","04/18/2026 12:24:29 AM",,"MAX","Y","B","M","28","CS","N","Y","145.00","Y"
"20244671","07/12/2025 04:34:24 PM",,"MIN","N","B","M","24","DE","N","N","125.15","N"
"28958","05/16/2026 12:22:24 AM",,"MED","Y","B","M","43","DE","N","N","160.15","N"
"20251507","06/30/2026 02:02:35 PM",,"MIN","N","B","M","29","DNS","N","N","110-265.03","N"
"65773","10/05/2025 04:10:50 PM",,"MED","Y","W","M","62","DE","N","N","140.20","N"
"20242987","06/02/2026 01:01:00 AM",,"MIN","Y","O","M","25","DE","N","N","220.03","N"
"20202179","07/13/2026 09:17:15 PM",,"MAX","Y","B","M","21","DEP","N","N","VOP","N"
"20248683","06/26/2026 09:03:28 PM",,"MIN","Y","B","M","29","DE","N","N","165.15","N"
"20217140","11/20/2025 11:07:40 AM",,"MED","Y","B","M","69","DE","N","N","125.25","Y"
"20214461","03/28/2026 12:50:39 AM",,"MIN","N","B","M","25","CS","N","Y","220.03","N"
"20180697","08/29/2025 06:35:15 PM",,"MAX","Y","O","M","25","DEP","N","Y","110-125.25","Y"
"153512","06/03/2026 04:40:45 PM",,"MED","Y","B","M","38","DE","N","N","140.25","N"
"20109401","05/09/2026 12:18:16 AM",,"MED","Y","B","M","32","DE","N","N","155.35","N"
"20250474","05/09/2026 12:04:47 PM",,"MED","Y","I","F","24","DE","N","N","110-125.25","N"
"20251133","06/10/2026 12:18:13 PM",,"MED","N","O","M","34","DE","N","N","130.65","N"
"20211866","02/20/2026 08:48:01 PM",,"MAX","N","O","M","26","DE","N","Y","265.03","Y"
"81391","06/22/2026 07:20:10 PM",,"MIN","N","O","M","41","DE","N","N","140.20","N"
"20241288","01/25/2025 09:26:33 PM",,"MED","Y","O","M","45","DE","N","N","130.96","N"
"20214521","06/18/2021 12:28:58 AM",,"MAX","Y","B","M","24","DE","N","Y","125.25","Y"
"20152315","05/20/2026 11:17:24 AM",,"MED","Y","B","M","36","DE","N","N","220.16","N"
"20249718","04/03/2026 07:52:12 PM",,"MIN","N","O","M","27","DE","N","N","140.25","N"
"11784","06/18/2026 05:25:35 PM",,"MAX","Y","B","M","62","DE","N","N","140.20","N"
"20219487","07/04/2022 12:51:32 AM",,"MAX","N","W","M","28","DE","N","N","125.25","Y"
"20239589","02/24/2026 01:51:34 PM",,"MIN","Y","O","M","37","DE","N","N","120.05","N"
"20208584","07/15/2026 12:17:59 AM",,"MAX","N","O","M","29","DE","N","Y","220.16","N"
"20247496","11/26/2025 08:15:14 PM",,"MIN","Y","O","M","43","DE","N","N","120.10","N"
"20020954","05/17/2025 12:57:05 PM",,"MIN","Y","W","M","57","DE","N","N","VOP","N"
"20224082","03/24/2026 11:15:32 PM",,"MED","Y","B","M","28","DE","N","N","130.65","N"
"20122688","12/09/2025 12:50:00 AM",,"MED","N","B","M","31","DE","N","N","160.10","Y"
"20245508","08/22/2025 11:57:04 AM",,"MED","Y","B","M","18","DE","N","Y","105.15","Y"
"20251759","07/13/2026 04:02:36 PM",,"MED","N","B","M","35","DE","N","N","125.25","N"
"20244412","07/03/2026 01:05:52 AM",,"MED","Y","B","M","46","DE","N","N","160.15","N"
"20241116","01/17/2025 12:33:48 AM",,"MED","Y","B","M","48","DE","N","N","125.25","Y"
"20242587","05/07/2026 12:20:00 AM",,"MIN","N","B","M","20","CS","N","N",,"N"
"20239502","03/24/2025 05:08:36 PM",,"MIN","N","B","M","53","DE","N","N","220.39","N"
"20248855","02/15/2026 05:07:43 PM",,"MED","Y","B","M","28","DE","N","N","160.10","N"
"20246343","07/06/2026 01:56:04 PM",,"MED","N","B","F","38","DE","N","N","140.20","N"
"10004046","06/24/2026 04:45:11 PM",,"MIN","Y","B","M","40","DE","N","N","120.00","N"
"42722","07/07/2026 12:55:00 AM",,"MIN","N","B","M","47","DE","N","N","120.05","N"
"35652","07/08/2025 04:36:47 PM",,"MED","N","B","M","60","DE","N","N","155.30","N"
"20212525","07/10/2026 11:32:51 AM",,"MED","Y","W","F","41","DE","N","N","120.05","N"
"20231936","01/15/2025 03:48:09 PM",,"MAX","Y","B","M","22","DE","N","Y","105.15","Y"
"20046399","10/01/2024 11:27:00 AM",,"MED","Y","B","M","34","DE","N","Y","160.15","Y"
"20229463","03/13/2026 02:58:10 PM",,"MED","Y","O","M","22","DE","N","N","160.15","Y"
"20251782","07/14/2026 09:11:22 PM",,"MED","N","O","M","22","DE","N","N","FOA 900.00","N"
"20224128","04/17/2023 06:45:00 PM",,"MED","Y","W","M","65","DE","N","N","125.25","N"
"20219976","06/17/2026 11:55:00 PM",,"MAX","N","B","M","24","DE","N","Y","265.03","N"
"20240108","11/23/2024 12:28:06 PM",,"MAX","Y","B","M","44","DE","N","N","125.25","Y"
"124339","06/10/2026 06:47:23 PM",,"MIN","Y","B","M","46","DE","N","N","140.20","N"
"20239972","10/03/2025 11:48:09 AM",,"MAX","N","B","M","34","DE","N","N","110-125.25","Y"
"20210783","08/12/2020 08:17:00 PM",,"MED","Y","B","M","55","DE","N","N","125.25","N"
"94844","07/13/2026 08:10:19 PM",,"MAX","Y","B","M","40","DE","N","N","160.10","N"
"20220823","12/08/2024 08:02:51 PM",,"MAX","Y","B","M","24","DE","N","Y","105.17","Y"
"20249399","04/11/2026 07:31:00 PM",,"MIN","N","A","M","35","DE","N","N","150.15","N"
"20227668","06/29/2026 04:28:59 PM",,"MED","N","B","F","25","DE","N","N","220.16","N"
"20127213","07/13/2026 04:51:28 PM",,"MIN","Y","O","M","36","DE","N","N","215.50","N"
"20122933","06/09/2026 06:35:32 PM",,"MIN","Y","B","M","53","DE","N","N","140.20","N"
"20238129","05/05/2026 05:07:10 PM",,"MIN","Y","B","M","44","DE","N","N","120.05","N"
"20243597","02/03/2026 06:31:07 AM",,"MAX","Y","W","M","19","DE","N","Y","110-125.25","Y"
"20006853","07/14/2026 11:43:36 AM",,"MIN","Y","B","M","39","DE","N","N","140.25","N"
"43755","03/17/2025 06:22:32 PM",,"MED","N","O","M","47","DE","N","N","160.10","Y"
"12894","06/19/2026 12:39:48 AM",,"MED","Y","W","M","64","DE","N","N","140.20","N"
"20226437","08/16/2023 06:05:53 PM",,"MAX","Y","O","M","32","DE","N","Y","125.25","Y"
"20164759","04/02/2026 01:07:55 AM",,"MAX","Y","B","M","30","DE","N","Y","120.10","Y"
"20171838","04/17/2026 12:28:00 AM",,"MAX","Y","B","M","40","CS","N","Y","120.10","Y"
"20213498","02/27/2024 08:42:35 PM",,"MED","Y","O","M","26","DE","N","N","125.25","Y"
"20247337","11/19/2025 04:13:01 PM",,"MAX","N","B","M","25","DE","N","Y","105.17","Y"
"20231079","08/26/2025 11:56:26 PM",,"MAX","N","O","M","21","DE","N","Y","110-125.25","Y"
"20070718","07/13/2026 07:25:22 PM",,"MED","N","O","M","32","DE","N","N","220.16","N"
"20238892","07/02/2026 04:53:35 PM",,"MED","N","B","M","23","DE","N","Y","110-125.25","N"
"20182473","07/07/2023 09:06:37 PM",,"MAX","Y","B","M","28","DE","N","Y","125.25","Y"
"20239284","03/27/2026 08:51:24 PM",,"MED","Y","O","M","28","DE","N","N","220.39","Y"
"75273","07/02/2026 01:16:27 PM",,"MAX","Y","B","M","45","DE","N","N","140.30","N"
"20226374","07/03/2026 11:37:30 AM",,"MIN","N","O","M","39","CS","N","N","1192(2)-A","N"
"20186474","01/20/2026 12:33:47 PM",,"MED","Y","O","M","36","DE","N","N","110-125.25","Y"
"20248511","01/26/2026 05:24:29 PM",,"MIN","N","B","M","25","DE","N","N","110-125.27","N"
"156920","05/13/2026 12:09:30 PM",,"MAX","N","O","M","34","DE","N","N","110-125.25","Y"
"117647","07/14/2026 12:30:19 AM",,"MIN","Y","B","M","45","DE","N","N","160.05","N"
"20212870","05/26/2026 11:20:33 PM",,"MAX","Y","B","M","59","DE","N","N","140.25","N"
"20251138","06/10/2026 01:07:22 PM",,"MED","Y","O","M","19","DE","N","N","265.01","N"
"83658","04/17/2026 05:19:42 PM",,"MAX","N","O","M","45","DE","N","Y","220.39","N"
"35075","07/13/2026 04:18:55 PM",,"MAX","N","W","M","56","DE","N","N","155.30","N"
"20175932","07/26/2025 03:31:35 PM",,"MAX","N","B","M","30","DNS","N","N",,"Y"
"20200663","05/07/2026 02:59:28 PM",,"MIN","N","B","M","35","DE","N","N","220.39","N"
"45856","02/19/2026 12:19:54 AM",,"MIN","N","B","M","37","DE","N","Y","140.30","Y"
"20102683","06/27/2025 04:00:01 PM",,"MED","Y","B","M","29","DE","N","N","250.45","Y"
"20246489","02/18/2026 06:22:17 PM",,"MED","N","O","M","26","DE","N","N","130.35","N"
"140451","05/12/2026 07:03:00 PM",,"MAX","Y","B","M","49","DE","N","N","120.05","Y"
"20006811","04/29/2026 01:47:44 PM",,"MIN","Y","I","M","36","DE","N","N","140.25","N"
"10007470","06/16/2026 12:46:35 PM",,"MAX","Y","O","M","41","DE","N","N","160.15","Y"
"20193106","05/01/2026 12:59:09 AM",,"MED","Y","O","M","28","DE","N","N","160.15","Y"
"20215832","12/12/2025 05:07:42 PM",,"MAX","Y","B","M","23","DE","N","Y","105.15","Y"
"20031965","07/21/2025 11:39:39 AM",,"MIN","N","B","M","69","DE","N","N","140.20","N"
"10000388","07/13/2026 09:06:09 PM",,"MIN","N","B","M","37","DE","N","N","220.41","N"
"20146463","01/28/2026 12:29:19 AM",,"MED","Y","B","M","34","DE","N","N","120.05","Y"
"20223130","07/13/2026 01:53:48 PM",,"MIN","Y","W","M","38","DE","N","N","155.40","N"
"20249867","04/10/2026 12:37:55 PM",,"MIN","N","O","M","41","DE","N","N","220.43","N"
"7747","04/01/2026 04:28:05 PM",,"MED","Y","O","M","49","DE","N","N","125.25","N"
"20249134","04/14/2026 04:06:43 PM",,"MIN","N","O","M","43","DE","N","N","155.35","N"
"20200414","06/14/2026 11:50:49 PM",,"MED","Y","O","M","30","DE","N","N","160.05","N"
"20045243","04/03/2026 06:41:41 PM",,"MAX","Y","B","M","32","DE","N","Y","265.03","Y"
"12355","02/28/2026 09:04:28 PM",,"MIN","N","O","M","58","DE","N","N","160.10","N"
"20029303","12/03/2024 02:25:49 PM",,"MED","N","B","M","34","DE","N","Y","105.17","Y"
"7345","03/05/2026 12:05:29 AM",,"MED","Y","B","M","56","CS","N","N","160.15","N"
"20251760","07/13/2026 05:13:58 PM",,"MIN","N","B","M","30","DE","N","N","265.03","N"
"20230884","01/16/2025 02:53:25 PM",,"MED","N","O","M","22","DNS","N","Y","110-265.03","Y"
"20204661","10/31/2024 12:46:17 AM",,"MAX","Y","B","M","27","DE","N","Y","110-125.25","Y"
"29742","05/15/2026 04:48:27 PM",,"MIN","N","O","M","41","CS","N","N","110-265.03","N"
"20250788","05/24/2026 12:48:35 PM",,"MIN","Y","O","M","45","DE","N","N","110-140.25","N"
"20243932","06/10/2026 03:06:51 PM",,"MIN","N","O","M","47","DE","N","N","265.03","N"
"70512","11/20/2025 01:33:40 PM",,"MIN","Y","B","M","56","CS","N","N","110-120.05","N"
"20169678","02/09/2026 01:01:11 AM",,"MED","Y","B","M","27","DE","N","N","160.15","N"
"20251579","07/03/2026 10:22:20 PM",,"MED","N","B","M","18","DE","N","Y","160.15","N"
"20240681","12/21/2024 07:46:41 PM",,"MIN","Y","B","M","26","DE","N","N","110-125.25","N"
"20245961","04/17/2026 07:35:00 PM",,"MED","N","B","M","31","DE","N","N","140.25","N"
"19854","04/07/2026 01:20:20 PM",,"MED","N","B","M","56","DE","N","N","140.20","Y"
"20043230","12/13/2025 12:58:10 PM",,"MED","N","A","M","34","DE","N","Y","265.03","N"
"131224","07/14/2026 12:45:38 AM",,"MIN","N","B","M","56","DE","N","N","265.03","N"
"20025659","07/13/2026 04:11:24 PM",,"MIN","Y","B","M","36","DE","N","N","120.00","N"
"20085837","07/29/2025 04:16:05 PM",,"MAX","Y","B","M","34","DE","N","Y","125.25","Y"
"20223265","06/26/2025 11:21:28 AM",,"MIN","Y","B","M","55","DE","N","N","120.10","N"
"20208829","07/14/2026 12:44:36 PM",,,"Y","W","M","67","DE","N","N","140.25","N"
"20102267","03/23/2026 11:51:43 PM",,"MED","Y","O","M","35","DE","N","N","120.05","Y"
"20239102","10/03/2024 04:38:00 PM",,"MED","Y","B","M","55","DE","N","N","125.25","Y"
"83179","02/28/2026 07:52:07 PM",,"MIN","Y","B","M","57","CS","N","N","140.20","N"
"20244939","07/24/2025 09:14:40 PM",,"MED","N","O","M","29","DE","N","N","220.21","Y"
"20197020","06/27/2026 11:09:54 AM",,"MED","Y","B","M","33","DE","N","N","140.25","N"
"10908","09/10/2025 12:29:13 PM",,"MIN","N","B","M","42","DE","N","N","110-125.25","N"
"7135","12/07/2025 12:37:35 PM",,"MED","Y","O","M","48","DE","N","N","110-125.25","Y"
"17249","07/12/2026 11:24:09 PM",,"MIN","N","B","M","61","CS","N","N",,"N"
"20247037","11/05/2025 12:39:47 AM",,"MED","N","O","M","27","DE","N","N","130.35","Y"
"14283","07/14/2026 08:10:08 PM",,"MED","N","B","M","41","DE","N","Y","140.15","N"
"20239693","02/27/2026 07:33:58 PM",,"MAX","Y","B","M","26","CS","N","N",,"Y"
"20223497","02/21/2025 05:20:24 PM",,"MAX","Y","B","M","23","DE","N","Y","125.25","Y"
"20249301","03/12/2026 12:28:48 PM",,"MIN","Y","O","M","19","DE","N","N","160.15","Y"
"10010116","07/05/2026 07:31:00 PM",,"MIN","Y","B","M","37","DE","N","N","220.39","N"
"20107265","05/29/2026 07:01:47 PM",,"MAX","Y","W","M","30","DE","N","N","140.20","Y"
"20141859","07/07/2026 09:04:26 PM",,"MIN","Y","W","F","36","CS","N","N",,"N"
"20147991","07/03/2025 06:50:55 PM",,"MAX","Y","O","M","28","DE","N","Y","125.25","Y"
"20080967","05/16/2026 11:52:36 AM",,"MIN","N","B","M","39","DE","N","N","265.03","N"
"20247273","11/15/2025 04:06:36 PM",,"MIN","N","O","M","47","DE","N","N","220.21","N"
"123308","05/27/2026 07:13:53 PM",,"MIN","N","O","M","54","DE","N","N","110-125.25","N"
"10590","03/26/2026 11:46:41 AM",,"MED","Y","B","M","40","DE","N","N","130.30","N"
"20190714","07/14/2026 11:24:46 PM",,"MAX","Y","B","M","34","DE","N","N","240.75","N"
"20241355","06/18/2026 08:52:22 PM",,"MED","Y","B","M","33","CS","N","N","155.25","N"
"20247740","01/07/2026 11:00:00 AM",,"MIN","N","B","M","48","DE","N","N","140.25","N"
"20251541","07/02/2026 01:40:43 AM",,"MED","Y","W","F","31","DE","N","N","155.25","N"
"17091","06/17/2026 01:26:59 AM",,"MIN","Y","B","F","49","DE","N","N","140.25","N"
"20179368","02/26/2026 11:57:00 AM",,"MAX","N","O","M","32","DE","N","Y","220.41","Y"
"20179719","07/09/2026 03:53:18 PM",,"MIN","N","A","M","29","DE","N","N","155.30","N"
"15892","06/13/2026 11:37:07 AM",,"MIN","N","B","M","62","CS","N","N","155.25","N"
"146056","05/15/2026 09:35:22 PM",,"MED","N","O","M","36","DE","N","N","140.15","N"
"20251599","07/04/2026 09:16:54 PM",,"MIN","N","B","M","57","DE","N","N","130.52","N"
"20238681","09/13/2024 03:00:04 PM",,"MED","N","B","M","33","DE","N","N","125.25","Y"
"20186499","10/10/2025 03:28:57 PM",,"MAX","Y","B","M","28","DE","N","Y","110-125.25","Y"
"20232297","07/08/2025 11:40:28 AM",,"MAX","Y","B","M","27","DE","N","N","110-125.25","N"
"20209644","06/18/2026 07:41:20 PM",,"MED","Y","O","F","28","DE","N","N","105.15","N"
"20075427","08/25/2024 12:55:10 PM",,"MED","Y","B","M","47","DE","N","N","265.03","Y"
"20250263","04/29/2026 07:43:16 PM",,"MED","N","B","M","19","DE","N","Y","110-125.25","N"
"20170360","11/21/2025 12:54:12 PM",,"MIN","Y","W","M","38","DE","N","N","110-125.25","N"
"20015850","05/16/2026 11:05:32 AM",,"MED","N","B","M","34","DE","N","Y","0","N"
"75772","10/22/2025 04:13:07 PM",,"MIN","Y","O","M","42","DE","N","N","110-120.10","N"
"20251635","07/06/2026 07:49:28 PM",,"MIN","N","A","M","53","DE","N","N","FOA 900.00","N"
"20073526","01/06/2026 12:49:35 PM",,"MIN","Y","B","F","39","DE","N","N","155.35","N"
"20250011","04/16/2026 05:02:25 PM",,"MAX","N","U","M","21","DE","N","Y","140.20","Y"
"20075042","06/20/2026 11:35:00 AM",,"MIN","Y","W","M","34","DE","N","N","120.05","N"
"20239979","05/07/2026 01:38:03 PM",,"MAX","Y","B","F","28","DE","N","N","120.05","N"
"20246508","06/11/2026 08:46:31 PM",,"MED","Y","B","M","19","CS","N","N","160.15","N"
"20042043","07/07/2026 12:10:59 PM",,"MED","N","O","M","57","DE","N","N","140.20","N"
"20248583","01/30/2026 01:59:16 PM",,"MIN","Y","B","M","45","DE","N","N","220.16","N"
"20038763","12/08/2025 12:48:54 PM",,"MAX","Y","B","M","34","DE","N","N","140.25","Y"
"20119412","02/03/2026 04:03:00 PM",,"MAX","Y","B","M","31","DE","N","Y","160.15","Y"
"20031918","11/19/2025 06:58:00 PM",,"MED","N","B","M","32","DE","N","N","215.52","N"
"20073258","07/01/2026 05:31:37 PM",,"MIN","Y","O","M","34","DE","N","N","155.30","N"
"16250","07/06/2026 04:44:25 PM",,"MIN","N","B","M","43","DE","N","N","265.03","N"
"20017551","08/06/2025 12:06:37 AM",,"MED","Y","O","M","37","DE","N","N","110-125.25","N"
"20120410","06/05/2023 12:22:00 PM",,"MED","Y","B","M","41","DE","N","N","125.25","Y"
"107505","07/03/2026 06:44:19 PM",,"MED","Y","B","M","62","DE","N","Y","145.00","N"
"103596","05/01/2024 02:33:01 PM",,"MED","Y","O","M","59","DE","N","N","125.25","Y"
"20244920","07/24/2025 12:12:17 PM",,"MIN","Y","B","M","45","DE","N","N","120.05","N"
"20053271","05/11/2023 07:44:09 PM",,"MED","N","B","M","42","DE","N","N","125.25","N"
"20096149","07/02/2026 01:38:49 PM",,"MED","Y","B","M","41","DE","N","N","120.05","N"
"20157174","04/07/2026 10:31:05 AM",,"MIN","Y","B","M","46","CS","N","N",,"N"
"20251354","06/22/2026 11:40:30 AM",,"MIN","Y","O","M","28","DE","N","N","215.51","N"
"20109943","04/18/2025 09:31:38 AM",,"MED","N","B","M","33","DE","N","N","140.25","Y"
"20247233","04/23/2026 12:41:48 AM",,"MAX","Y","O","M","27","DE","N","N","1192(2)-A","Y"
"20251630","07/06/2026 02:38:49 PM",,"MIN","N","W","F","41","DE","N","N","120.05","N"
"20213561","04/10/2026 06:44:41 PM",,"MAX","Y","B","M","28","DE","N","N","140.30","Y"
"20246449","01/03/2026 01:19:35 AM",,"MED","N","O","M","31","CS","N","N",,"Y"
"20244578","07/09/2025 12:11:41 AM",,"MED","Y","B","M","64","DE","N","N","130.35","N"
"20251551","07/02/2026 03:06:08 PM",,"MIN","Y","O","M","55","DNS","N","N",,"N"
"85835","04/29/2026 03:38:09 PM",,"MIN","Y","W","M","42","DE","N","N","140.25","N"
"20181033","07/06/2026 09:16:36 PM",,"MAX","Y","B","M","29","DE","N","N","155.40","N"
"20211047","07/05/2026 08:40:41 PM",,"MAX","N","B","M","24","DE","N","Y","265.03","N"
"20249491","03/21/2026 06:51:00 PM",,"MIN","N","O","M","26","DE","N","N","265.03","N"
"20247290","11/16/2025 01:28:19 AM",,"MIN","N","O","M","23","DE","N","N","120.05","N"
"143851","05/02/2026 12:20:26 AM",,"MIN","Y","B","M","36","DE","N","N","160.05","N"
"20231916","06/11/2024 05:48:11 PM",,"MED","N","B","M","23","DE","N","N","125.25","Y"
"20249024","02/26/2026 07:08:00 PM",,"MIN","Y","B","M","27","DE","N","N","160.10","N"
"20079288","04/03/2026 12:35:10 AM",,"MIN","N","O","M","60","CS","N","N",,"N"
"148766","12/30/2025 11:57:02 AM",,"MIN","Y","B","M","65","DE","N","N","140.20","N"
"20228156","07/03/2026 04:47:13 PM",,"MIN","Y","B","M","58","DE","N","N","140.20","N"
"20240643","01/06/2026 02:30:51 PM",,"MIN","N","A","M","21","CS","N","N",,"N"
"20160607","04/04/2026 01:10:22 AM",,"MED","Y","B","M","30","DEP","N","N","215.51","N"
"20248743","07/01/2026 02:20:28 PM",,"MED","Y","O","M","18","DE","N","Y","110-125.27","N"
"20250770","05/22/2026 07:31:24 PM",,"MAX","N","U","M","22","CS","N","Y",,"N"
"20242484","10/17/2025 01:02:16 PM",,"MIN","N","O","M","36","DE","N","N","155.35","N"
"20249499","04/21/2026 12:14:51 PM",,"MIN","Y","B","M","34","DE","N","N","140.20","Y"
"20244658","07/11/2025 05:50:49 PM",,"MED","Y","B","M","37","DE","N","N","130.75","N"
"20241341","01/29/2025 11:12:21 AM",,"MED","N","O","M","29","DE","N","N","220.43","Y"
"20226886","09/11/2023 12:20:00 PM",,"MAX","Y","O","M","33","DE","N","N","110-125.25","Y"
"20167733","04/30/2026 11:17:23 PM",,"MAX","Y","H","M","44","DE","N","N","140.25","N"
"20239467","07/07/2026 03:18:47 PM",,"MAX","N","B","M","21","DE","N","Y","160.15","N"
"20226574","08/23/2023 04:18:02 PM",,"MAX","N","B","M","23","DE","N","Y","105.15","Y"
"116689","05/17/2026 01:46:35 PM",,"MIN","Y","O","M","46","DE","N","N","140.20","N"
"20247064","04/10/2026 02:13:12 AM",,"MED","N","O","M","20","DE","N","N","110-160.10","N"
"20169328","07/06/2025 01:13:27 AM",,"MED","Y","B","M","33","DE","N","N","160.10","Y"
"37903","09/22/2024 11:45:22 PM",,"MED","Y","B","M","42","DE","N","Y","125.25","Y"
"98772","10/09/2024 04:01:28 PM",,"MED","Y","B","F","62","DE","N","N","110-150.15","Y"
"20243250","05/07/2025 12:55:28 PM",,"MED","Y","B","M","21","DE","N","N","130.35","Y"
"20244605","03/05/2026 02:38:03 PM",,"MIN","Y","O","M","60","CS","N","N","265.02","N"
"20246513","10/08/2025 03:54:23 PM",,"MIN","Y","O","M","22","DNS","N","Y","265.03","Y"
"20208019","05/21/2026 04:48:31 PM",,"MAX","N","B","M","25","DE","N","Y","160.15","N"
"20229419","07/01/2026 08:17:05 PM",,"MIN","Y","O","M","31","DE","N","N","215.50","N"
"50756","01/06/2026 09:38:48 AM",,"MED","N","B","M","47","DE","N","Y","125.20","Y"
"2435","04/18/2026 04:18:16 PM",,"MAX","Y","B","M","51","DE","N","N","265.02","N"
"20251063","07/06/2026 05:02:00 PM",,"MIN","Y","B","M","47","DE","N","N","120.14","N"
"20179624","09/26/2025 03:50:54 PM",,"MIN","Y","B","M","31","DE","N","N","140.25","N"
"20097795","12/03/2025 09:24:15 PM",,"MIN","Y","O","M","63","DE","N","N","140.25","N"
"20248257","01/13/2026 12:15:45 AM",,"MIN","N","O","M","30","DE","N","N","160.10","N"
"20086448","07/03/2026 12:57:47 PM",,"MIN","Y","B","M","60","DEP","N","N","155.25","N"
"20251601","07/04/2026 10:55:00 PM",,"MIN","Y","B","F","31","DE","N","N","195.05","N"
"20250496","05/10/2026 12:58:24 PM",,"MIN","Y","B","M","41","DE","N","N","110-140.25","N"
"20241501","02/06/2025 04:26:45 PM",,"MED","Y","O","F","47","DE","N","N","150.15","Y"
"20251300","06/21/2026 12:47:49 PM",,"MED","N","B","M","24","CS","N","N","110-125.25","N"
"20229732","02/21/2024 07:29:47 PM",,"MAX","Y","O","M","24","DE","N","N","125.25","Y"
"20244964","08/06/2025 07:34:54 PM",,"MAX","Y","B","M","19","DE","N","N","160.10","Y"
"20245918","09/10/2025 12:34:26 PM",,"MED","N","O","M","33","DE","N","N","130.35","N"
"20215987","03/04/2026 03:33:59 PM",,"MAX","Y","B","M","23","DE","N","Y","160.15","Y"
"20241163","06/23/2026 04:42:26 PM",,"MAX","Y","B","M","21","DE","N","Y","265.03","N"
"20204871","10/04/2025 12:03:23 AM",,"MED","Y","O","M","38","DE","N","N","140.25","N"
"20240965","02/04/2026 02:41:52 PM",,"MAX","Y","B","M","22","DE","N","Y","120.10","Y"
"20238343","10/23/2024 06:16:04 PM",,"MED","N","B","M","21","DE","N","Y","125.25","Y"
"20240089","11/22/2024 12:56:54 PM",,"MIN","Y","W","M","26","DE","N","N","120.10","N"
"20074202","07/02/2026 11:52:54 AM",,"MED","Y","B","M","53","DE","N","N","160.10","N"
"20006019","07/05/2026 01:46:02 AM",,"MAX","Y","B","M","37","DE","N","N","120.55","N"
"20241809","09/08/2025 11:46:55 AM",,"MAX","Y","O","M","21","DE","N","N","160.15","Y"
"71228","03/28/2026 08:09:50 PM",,"MIN","Y","W","M","62","DE","N","N","140.20","N"
"20239315","10/15/2024 11:45:00 PM",,"MED","N","O","M","23","DE","N","N","130.35","Y"
"20218085","05/22/2025 09:41:38 AM",,"MED","Y","B","F","43","DE","N","N","120.10","N"
"87596","04/16/2026 10:42:04 PM",,"MED","N","B","M","48","CSP","N","N","VOP","N"
"6371","01/29/2026 02:54:59 PM",,"MED","Y","O","M","55","DE","N","N","125.25","N"
"20251626","07/06/2026 11:28:05 AM",,"MED","Y","A","M","32","DE","N","N","120.18","N"
"20251631","07/06/2026 03:27:34 PM",,"MED","N","O","M","39","DE","N","N","130.65","N"
"119902","04/16/2026 05:30:39 PM",,"MED","N","B","M","38","DE","N","N","120.10","N"
"19322","08/22/2025 12:12:52 PM",,"MED","Y","B","M","55","DNS","N","N","160.05","Y"
"139628","08/28/2025 10:50:34 AM",,"MED","Y","B","M","36","DEP","N","Y","160.10","Y"
"20251633","07/06/2026 05:08:44 PM",,"MIN","N","A","M","41","DE","N","N","140.25","N"
"20229593","03/19/2026 08:04:10 PM",,"MED","Y","B","M","27","DE","N","N","110-120.10","N"
"67856","04/19/2026 09:01:48 PM",,"MIN","N","W","M","60","DE","N","N","FOA 900.00","N"
"100544","01/08/2026 01:53:40 PM",,"MIN","N","B","M","38","DE","N","N","120.10","Y"
"20238580","07/31/2025 06:48:04 PM",,"MIN","Y","B","M","31","DE","N","N","140.25","Y"
"20094376","10/11/2025 12:38:26 PM",,"MED","Y","O","M","47","DE","N","N","130.65","N"
"20249019","06/25/2026 05:35:59 PM",,"MAX","Y","B","M","24","DE","N","Y","215.51","N"
"20033310","03/21/2026 11:33:22 AM",,"MED","N","O","M","32","DE","N","Y","140.30","Y"
"20173533","07/11/2025 08:25:00 PM",,"MAX","Y","B","M","26","CS","N","Y","265.03","Y"
"20195830","05/09/2025 12:20:42 AM",,"MIN","Y","O","M","31","DE","N","N","120.08","Y"
"20248818","02/14/2026 12:09:52 AM",,"MIN","N","O","M","37","DE","N","N","220.21","N"
"20251084","06/07/2026 08:39:04 PM",,"MAX","Y","B","M","24","DE","N","Y","265.03","Y"
"20073332","03/02/2023 04:55:50 PM",,"MED","N","B","M","57","DE","N","N","125.27","N"
"123936","07/06/2026 03:37:21 PM",,"MIN","N","O","M","40","DE","N","N","155.25","N"
"20251620","07/06/2026 12:45:39 AM",,"MIN","N","A","M","43","DE","N","N","120.14","N"
"58432","03/14/2026 08:15:10 PM",,"MED","Y","B","M","41","CS","N","N",,"Y"
"44765","01/30/2026 04:44:00 PM",,"MIN","N","O","M","51","DE","N","N","110-125.25","N"
"4345","01/30/2026 04:35:00 PM",,"MED","Y","B","M","43","DE","N","N","140.25","N"
"20246019","09/14/2025 01:44:00 PM",,"MAX","Y","B","M","35","DE","N","N","130.35","Y"
"20242521","04/02/2025 12:18:27 PM",,"MIN","N","O","M","62","DNS","N","N","140.30","N"
"80769","07/05/2026 11:47:53 PM",,"MIN","N","B","M","37","DE","N","N","120.05","N"
"165173","01/27/2026 02:00:06 PM",,"MIN","Y","B","M","34","DE","N","Y","155.35","Y"
"20191028","05/18/2026 11:13:28 AM",,"MED","N","O","M","26","CS","N","N","120.00","N"
"20201483","03/04/2026 04:00:51 PM",,"MAX","Y","B","M","26","DE","N","Y","160.15","Y"
"110883","04/17/2026 08:14:58 PM",,"MIN","N","B","M","35","DE","N","N","120.05","N"
"20219291","05/04/2026 12:20:26 PM",,"MAX","Y","B","M","30","DE","N","N","160.15","N"
"20243786","07/05/2026 12:43:33 PM",,"MAX","N","B","M","19","DE","N","Y","160.15","N"
"75873","03/06/2026 11:04:13 AM",,"MIN","N","B","M","61","DE","N","N","140.20","N"
"20150492","07/04/2026 11:29:48 AM",,"MED","Y","B","M","45","DE","N","N","160.15","N"
"5283","07/22/2025 05:15:00 PM",,"MIN","Y","B","M","46","DE","N","N","140.25","N"
"5055","05/31/2025 11:31:19 AM",,"MIN","Y","B","M","62","DE","N","N","160.15","N"
"100797","07/06/2026 12:09:12 AM",,"MED","Y","W","M","59","DE","N","N","160.15","N"
"49755","07/06/2026 08:34:58 PM",,"MIN","Y","B","M","45","DE","N","N","215.52","N"
"20247434","11/23/2025 05:05:55 PM",,"MED","Y","B","M","35","CS","N","N",,"Y"
"20220387","03/09/2026 01:05:43 PM",,"MAX","N","B","M","38","CS","N","N",,"Y"
"20238709","07/02/2026 05:03:55 PM",,"MIN","N","B","M","44","DE","N","N","265.03","N"
"20220113","05/07/2026 02:33:51 PM",,"MIN","Y","B","M","22","DE","N","Y","160.10","N"
"20249943","04/14/2026 12:58:02 PM",,"MED","Y","B","M","18","DE","N","N","125.25","Y"
"4884","04/22/2026 12:21:00 AM",,"MED","Y","O","M","46","DE","N","N","220.16","N"
"20126060","07/07/2026 01:01:18 PM",,"MAX","Y","B","M","37","DE","N","N","110-160.15","N"
"20240161","04/29/2026 11:56:16 PM",,"MED","N","O","F","31","DE","N","N","140.20","Y"
"20248761","02/11/2026 12:14:11 PM",,"MIN","N","O","M","38","DE","N","N","220.43","N"
"20249461","03/20/2026 12:55:17 AM",,"MED","Y","O","M","19","DE","N","N","110-125.25","Y"
"153842","03/21/2025 02:56:16 PM",,"MED","Y","O","F","39","DE","N","N","220.21","Y"
"29232","07/23/2025 01:12:32 PM",,"MED","Y","B","F","60","DEP","N","N","160.10","N"
"20218040","04/01/2022 07:25:00 PM",,"MED","Y","B","M","22","DE","N","Y","125.25","Y"
"20245363","05/01/2026 12:44:19 AM",,"MIN","Y","B","M","44","CS","N","N",,"N"
"20135451","04/30/2026 12:33:24 PM",,"MIN","N","B","M","28","CS","N","N",,"N"
"20246006","01/25/2026 11:48:23 AM",,"MAX","Y","B","M","35","DE","N","N","140.30","Y"
"20243701","01/11/2026 06:28:34 PM",,"MIN","Y","B","M","26","CS","N","N",,"N"
"20247712","12/10/2025 12:18:55 AM",,"MAX","Y","B","M","20","DE","N","Y","110-125.25","Y"
"20248299","01/15/2026 01:02:17 AM",,"MED","N","O","M","39","DE","N","N","130.35","N"
"20244277","06/23/2025 10:34:00 PM",,"MED","Y","B","M","25","DE","N","N","125.25","Y"
"20099816","05/11/2026 11:46:30 AM",,"MAX","Y","B","M","44","DE","N","N","130.35","N"
"20086548","05/10/2026 01:37:36 AM",,"MIN","N","B","M","48","DE","N","N","155.30","N"
"20241537","10/16/2025 12:21:37 AM",,"MAX","N","O","M","23","DE","N","N","160.15","Y"
"20185912","12/27/2025 04:54:44 PM",,"MAX","Y","B","M","46","DE","N","N","110-125.25","Y"
"109104","04/02/2025 12:16:59 AM",,"MIN","N","O","M","59","DE","N","N","140.30","Y"
"131080","03/07/2026 04:29:31 PM",,"MIN","Y","O","F","47","DEP","N","N","110-160.10","N"
"20248031","12/30/2025 12:25:18 AM",,"MIN","N","B","M","29","CS","N","N","120.00","N"
"20227577","10/21/2023 02:20:42 AM",,"MED","N","W","M","22","DE","N","N","130.35","Y"
"20240131","02/26/2026 08:40:06 PM",,"MAX","N","O","M","31","DE","N","N","155.35","Y"
"20250320","05/02/2026 04:34:53 PM",,"MED","Y","B","M","27","DE","N","N","110-130.35","N"
"20204077","11/21/2025 10:03:32 AM",,"MIN","Y","B","M","51","DE","N","N","110-125.25","N"
"20250372","05/05/2026 12:21:24 PM",,"MIN","Y","O","M","49","DE","N","N","120.00","N"
"20200274","11/21/2025 08:05:06 PM",,"MAX","Y","B","F","35","DE","N","N","155.30","Y"
"20245271","08/11/2025 04:01:00 PM",,"MED","Y","O","M","40","DE","N","N","125.25","N"
"20210050","05/04/2026 05:33:15 PM",,"MIN","Y","A","M","61","DE","N","N","110-125.25","N"
"20150390","12/28/2023 08:12:53 PM",,"MAX","N","O","M","28","DE","N","Y","110-125.25","Y"
"20221935","04/08/2024 12:56:39 PM",,"MED","Y","B","F","26","DE","N","N","125.27","Y"
"20241084","01/15/2025 11:10:41 PM",,"MED","N","B","M","21","DE","N","Y","110-125.25","Y"
"20075201","10/03/2024 05:09:04 PM",,"MAX","N","O","M","32","DE","N","N","125.25","Y"
"20009011","03/26/2026 05:23:24 PM",,"MIN","Y","O","M","40","DE","N","N","150.10","N"
"20247521","12/31/2025 02:40:23 PM",,"MIN","Y","W","M","42","DE","N","N","120.05","N"
"20247308","11/17/2025 12:37:00 PM",,"MED","N","O","M","47","DE","N","N","130.35","N"
"20247805","12/14/2025 03:54:21 PM",,"MIN","N","B","M","19","DE","N","Y","160.15","N"
"20223526","03/12/2023 01:30:19 AM",,"MED","Y","B","M","49","DE","N","N","125.27","N"
"10014513","01/24/2026 04:47:13 PM",,"MED","N","O","M","51","DEP","N","N","160.15","Y"
"20242027","03/08/2025 01:07:24 AM",,"MED","Y","B","M","22","DE","N","N","160.15","Y"
"20120497","04/20/2024 03:23:06 PM",,"MED","N","B","M","36","DE","N","N","120.05","Y"
"20172706","03/25/2025 01:15:45 PM",,"MED","N","B","M","28","DE","N","N","140.30","Y"
"20205890","08/21/2024 08:57:41 PM",,"MED","Y","B","M","31","DE","N","N","125.27","Y"
"20246620","10/14/2025 01:00:04 AM",,"MAX","Y","B","M","33","DE","N","N","120.10","Y"
"10426","01/23/2026 09:22:50 PM",,"MAX","N","B","M","37","DE","N","Y","110-125.25","Y"
"20247344","11/19/2025 05:13:31 PM",,"MED","N","A","M","27","DE","N","N","125.25","N"
"20247560","12/02/2025 11:57:21 AM",,"MIN","N","O","M","22","CS","N","Y",,"N"
"20244124","06/16/2025 12:37:00 PM",,"MIN","N","W","M","25","DE","N","N","120.04","Y"
"20204162","02/02/2026 12:33:30 PM",,"MAX","Y","B","M","26","DE","N","Y","120.10","Y"
"132734","08/20/2024 11:59:23 AM",,"MED","Y","O","M","41","DE","N","N","140.25","Y"
"20192431","02/12/2026 02:04:50 AM",,"MAX","Y","A","M","25","DE","N","N","265.03","N"
"20045509","03/15/2026 11:19:00 AM",,"MAX","Y","B","M","33","DE","N","Y","155.35","Y"
"20137767","01/31/2026 07:27:00 PM",,"MAX","N","O","M","34","DE","N","N","140.30","Y"
"20154578","05/15/2026 03:54:08 PM",,"MED","Y","W","M","51","DEP","N","N","220.16","N"
"20121308","12/17/2025 12:55:06 AM",,"MED","N","B","M","32","DE","N","Y","125.25","N"
"20168283","04/12/2026 01:01:32 PM",,"MED","Y","B","M","26","DE","N","Y","160.05","N"
"28761","11/11/2025 12:08:09 AM",,"MIN","N","W","M","42","DE","N","N","140.30","N"
"20243231","01/14/2026 01:54:26 AM",,"MED","Y","B","M","53","DE","N","N","160.15","N"
"20226634","08/26/2023 01:50:38 AM",,"MED","Y","O","F","44","DE","N","N","125.25","Y"
"20223014","02/08/2023 04:14:12 PM",,"MAX","N","B","M","49","DE","N","Y","125.25","Y"
"20212463","05/04/2026 02:09:42 PM",,"MAX","Y","O","M","29","DE","N","N","130.65","N"
"20243370","05/11/2025 01:32:13 PM",,"MED","Y","O","M","35","DE","N","N","130.75","Y"
"10004483","01/05/2026 07:46:26 PM",,"MAX","Y","B","M","42","DE","N","N","120.05","Y"
"20247128","11/09/2025 01:28:28 AM",,"MAX","Y","B","M","32","DE","N","N","140.30SM","Y"
"20222538","02/22/2026 01:39:34 PM",,"MIN","Y","O","F","47","CS","N","N",,"N"
"11643","04/21/2026 05:08:31 PM",,"MIN","Y","B","M","52","DE","N","N","155.30","N"
"20250184","04/24/2026 11:53:24 AM",,"MIN","N","B","M","40","DE","N","N","1192.30","N"
"20192678","03/26/2026 03:01:32 PM",,"MIN","N","B","M","32","CS","N","N",,"N"
"136237","01/25/2026 12:12:00 PM",,"MIN","N","B","M","59","DE","N","N","265.03","N"
"20175664","08/01/2024 03:57:18 PM",,"MAX","Y","B","M","26","DE","N","Y","110-120.10","Y"
"20221809","03/18/2026 03:02:16 PM",,"MAX","N","B","M","22","DE","N","Y","160.15","Y"
"20247879","12/18/2025 08:37:49 PM",,"MIN","N","O","M","48","DE","N","N","220.21","N"
"20225050","09/10/2025 07:06:00 PM",,"MED","N","B","M","49","DE","N","N","140.25","Y"
"20234604","04/15/2026 07:22:00 PM",,"MIN","Y","B","M","64","DEP","N","N","160.15","N"
"20248798","02/13/2026 12:52:41 PM",,"MED","N","O","M","24","DE","N","N","130.35","N"
"20153631","12/29/2024 07:58:51 PM",,"MAX","Y","O","M","29","DE","N","Y","220.16","Y"
"20057996","01/05/2026 03:26:55 PM",,"MED","Y","B","M","48","DE","N","Y","160.15","N"
"20245336","09/23/2025 02:41:00 PM",,"MAX","Y","O","M","25","DE","N","N","130.35","Y"
"20243562","05/19/2025 03:06:57 PM",,"MIN","Y","B","M","19","DE","N","Y","120.07","Y"
"20228809","04/21/2026 12:47:49 PM",,"MIN","Y","A","M","52","CS","N","N","110-265.03","N"
"20239119","10/04/2024 12:00:58 AM",,"MED","N","B","M","30","DE","N","N","130.35","Y"
"149053","05/27/2026 12:22:27 PM",,"MED","Y","B","M","43","DE","N","N","140.20","N"
"20249607","03/27/2026 05:12:15 PM",,"MIN","Y","W","M","27","CS","N","N","165.40","N"
"10000020","04/14/2026 12:10:52 PM",,"MIN","Y","B","M","49","DE","N","N","265.03","Y"
"20185436","05/20/2026 03:43:00 PM",,"MED","Y","O","M","30","DE","N","N","215.51","N"
"1000","08/23/2025 12:49:19 PM",,"MED","N","W","M","62","DE","N","N","220.41","N"
"38242","12/03/2025 01:19:03 PM",,"MED","Y","B","M","47","DEP","N","N","VOP","N"
"20245642","09/13/2025 09:01:36 PM",,"MED","Y","B","M","21","DE","N","N","110-160.15","Y"
"20226320","05/07/2026 01:42:16 PM",,"MAX","Y","O","M","31","DE","N","N","130.35","N"
"20095908","05/04/2026 04:51:44 PM",,"MED","Y","B","M","48","CS","N","N",,"Y"
"20248606","02/01/2026 01:08:09 PM",,"MED","N","O","M","27","DE","N","N","130.65","N"
"20142118","02/25/2026 02:45:06 PM",,"MAX","Y","B","M","29","DE","N","Y","125.25","Y"
"20228980","01/10/2024 12:20:39 AM",,"MED","N","O","M","29","DE","N","N","125.20","N"
"20030976","12/08/2024 09:18:57 PM",,"MED","Y","O","M","58","DE","N","N","160.15","N"
"20243439","05/01/2026 12:17:35 PM",,"MED","Y","B","M","34","DE","N","N","140.20","N"
"20249255","03/10/2026 03:50:51 PM",,"MED","Y","O","F","34","DE","N","N","110-125.25","Y"
"6227","08/09/2024 07:50:00 PM",,"MAX","Y","B","M","41","DE","N","Y","125.25","Y"
"136989","10/09/2024 05:19:18 PM",,"MED","N","B","M","37","DE","N","Y","125.25","Y"
"20097278","03/03/2026 12:12:07 PM",,"MIN","N","B","M","31","DE","N","N","125.15","N"
"20246882","10/27/2025 11:45:19 AM",,"MAX","Y","B","M","21","DE","N","N","110-125.25","Y"
"20236082","03/28/2026 12:00:11 PM",,"MED","Y","B","M","48","DE","N","N","160.10","Y"
"20178804","11/17/2025 01:03:24 PM",,"MAX","Y","O","M","29","DE","N","N","120.05","Y"
"20026127","05/02/2026 07:10:00 PM",,"MED","Y","O","M","49","DE","N","N","160.15","N"
"20057610","04/01/2025 08:31:00 PM",,"MED","Y","O","M","38","DE","N","N","265.03","Y"
"20231592","05/19/2025 11:39:19 PM",,"MAX","Y","B","M","20","DE","N","Y","125.25","Y"
"20250755","05/21/2026 08:01:49 PM",,"MED","N","O","M","24","DE","N","N","110-125.25","N"
"20191903","03/12/2026 03:51:31 PM",,"MED","Y","W","F","31","CS","N","N",,"Y"
"20231535","10/10/2025 01:03:29 PM",,"MAX","Y","B","M","21","DE","N","Y","105.17","Y"
"63876","03/19/2026 11:52:26 PM",,"MIN","N","B","M","60","CS","N","N",,"N"
"20242543","04/02/2025 08:55:00 PM",,"MAX","Y","B","M","31","DE","N","N","120.10","Y"
"20239581","10/29/2024 01:02:00 PM",,"MIN","Y","B","M","37","DE","N","N","110-125.25","Y"
"20214402","03/04/2026 11:26:29 AM",,"MED","Y","B","M","25","DE","N","Y","110-120.07","Y"
"20248958","02/22/2026 01:33:31 AM",,"MED","N","O","M","19","DE","N","Y","125.27","Y"
"20230412","11/03/2025 12:05:26 PM",,"MIN","Y","A","M","42","DE","N","N","120.10","Y"
"20226338","12/03/2025 03:38:45 PM",,"MED","Y","B","M","33","DE","N","N","130.35","N"
"20215321","03/07/2026 01:01:52 PM",,"MED","Y","O","F","38","DE","N","N","140.25","N"
"20243766","04/07/2026 04:26:44 PM",,"MAX","Y","O","M","20","DE","N","N","120.05","Y"
"20245148","08/05/2025 04:47:29 PM",,"MAX","Y","O","F","20","DE","N","Y","125.25","Y"
"20152446","09/21/2025 01:06:16 AM",,"MIN","N","B","M","49","DE","N","N","155.30","N"
"20249971","04/15/2026 01:38:47 PM",,"MAX","N","O","M","19","DE","N","N","110-125.25","Y"
"10009400","05/14/2026 03:25:32 PM",,"MED","N","B","M","33","DE","N","Y","125.25","N"
"82553","01/14/2026 04:26:00 PM",,"MED","N","B","M","39","DE","N","Y","265.03","Y"
"20243156","05/02/2025 01:51:28 PM",,"MAX","Y","B","F","38","DE","N","N","135.25","Y"
"20010010","12/10/2025 08:26:08 PM",,"MAX","Y","B","M","35","CS","N","Y","215.51","Y"
"20243258","05/07/2025 06:19:02 PM",,"MAX","Y","B","M","20","DE","N","Y","110-125.25","Y"
"20026893","02/07/2026 01:03:58 AM",,"MAX","N","O","M","41","DEP","N","N","155.30","Y"
"20069219","06/21/2024 07:39:56 PM",,"MIN","N","B","M","42","DE","N","Y","265.03","Y"
"92855","04/24/2025 05:18:10 PM",,"MIN","Y","B","M","56","DE","N","N","120.05","N"
"20223979","04/07/2023 05:47:10 PM",,"MAX","Y","B","M","26","DE","N","Y","125.25","Y"
"20243610","05/21/2025 09:14:49 PM",,"MED","Y","B","M","20","DE","N","Y","125.25","Y"
"20243953","06/07/2025 03:12:51 AM",,"MED","Y","B","M","24","DE","N","N","160.15","Y"
"20244332","06/26/2025 03:25:14 PM",,"MIN","N","O","M","30","DE","N","N","230.34","Y"
"20156938","05/09/2024 11:01:55 AM",,"MAX","Y","B","M","27","DE","N","Y","125.25","Y"
"20224212","02/04/2026 04:13:11 PM",,"MAX","Y","B","M","22","CS","N","Y","120.14","Y"
"20226862","09/09/2023 08:28:12 PM",,"MIN","N","B","M","35","DE","N","N","265.13","N"
"20222925","02/03/2023 12:25:01 AM",,"MED","Y","W","M","24","DE","N","N","130.50","Y"
"20245624","08/27/2025 10:04:04 AM",,"MIN","N","B","M","23","DE","N","N","110-125.25","N"
"20247082","04/11/2026 12:47:00 PM",,"MED","Y","B","M","23","DE","N","N","215.51","N"
"20242324","03/22/2025 01:30:41 PM",,"MIN","Y","B","M","47","DE","N","N","265.03","Y"
"29190","07/09/2025 06:43:59 PM",,"MED","N","B","M","40","DE","N","N","125.25","Y"
"20239045","09/30/2024 07:08:17 PM",,"MED","N","B","M","37","DE","N","N","125.25","Y"
"20068470","05/01/2026 12:49:55 AM",,"MED","Y","O","M","35","DE","N","Y","110-125.25","N"
"20250632","05/15/2026 12:40:39 PM",,"MED","N","B","M","21","DE","N","Y","265.03","N"
"20249735","04/04/2026 03:32:19 PM",,"MAX","Y","B","M","20","DE","N","N","110-125.25","Y"
"25077","12/28/2023 06:44:13 PM",,"MED","Y","O","M","51","DE","N","N","110-125.25","Y"
"20204348","09/24/2025 11:25:08 AM",,"MAX","Y","W","M","26","CS","N","N",,"Y"
"20223468","03/09/2023 12:45:40 PM",,"MED","N","B","M","49","DE","N","N","125.25","N"
"20142209","04/30/2026 04:57:53 PM",,"MIN","Y","W","M","52","DE","N","N","140.20","Y"
"20206151","12/11/2025 10:48:00 PM",,"MIN","N","B","M","52","DE","N","N","120.05","Y"
"20085030","07/08/2025 11:47:53 PM",,"MIN","N","B","M","35","DE","N","N","140.30","N"
"20220041","08/06/2022 10:46:00 PM",,"MED","Y","O","M","22","DE","N","N","125.25","Y"
"20003525","12/19/2019 03:35:00 PM",,"MED","N","B","M","36","DE","N","Y","125.25","Y"
"20123996","05/16/2026 04:06:52 PM",,"MED","N","O","M","30","DE","N","N","140.25","N"
"20241997","11/05/2025 12:58:46 PM",,"MIN","Y","A","M","19","DE","N","Y","265.03","N"
"20238657","07/25/2025 03:33:37 PM",,"MIN","N","O","M","19","DE","N","Y","105.15","Y"
"20250022","04/17/2026 01:30:17 AM",,"MED","Y","W","M","28","DE","N","N","120.05","Y"
"20239496","03/24/2025 04:50:47 PM",,"MIN","N","B","M","24","DE","N","N","105.15","Y"
"20249315","03/12/2026 06:58:15 PM",,"MIN","N","B","M","19","DE","N","N","160.15","N"
"20212607","03/26/2026 12:16:01 PM",,"MAX","Y","O","M","40","DE","N","N","160.05","Y"
"20238486","02/18/2026 01:38:17 AM",,"MAX","N","O","M","32","DE","N","N","140.20","Y"
"20249666","03/31/2026 11:46:00 PM",,"MED","Y","A","M","29","DE","N","N","140.25","Y"
"20218026","11/19/2025 12:57:54 PM",,"MED","Y","B","M","27","DE","N","N","120.05","N"
"20231668","05/30/2024 11:09:20 AM",,"MED","Y","W","M","43","DE","N","N","125.25","N"
"20247241","11/14/2025 11:35:44 AM",,"MIN","Y","O","M","28","DE","N","N","220.43","N"
"20107890","03/03/2026 05:11:10 PM",,"MIN","Y","O","M","42","DE","N","N","120.05","N"
"20230313","01/08/2026 10:41:53 AM",,"MIN","N","B","M","36","CS","N","N","105.10","N"
"20247299","11/16/2025 07:33:56 PM",,"MIN","Y","B","M","27","DE","N","N","120.05","Y"
"20249266","03/11/2026 12:27:00 AM",,"MED","N","B","M","54","DE","N","N","130.80","N"
"20226861","09/09/2023 08:20:54 PM",,"MIN","Y","W","M","36","DE","N","N","265.03","Y"
"20047475","07/18/2025 03:54:56 PM",,"MED","Y","B","M","43","DE","N","N","110-125.25","Y"
"19413","03/02/2026 12:34:00 AM",,"MIN","Y","B","M","54","DE","N","N","140.20","N"
"74362","12/18/2025 04:08:58 PM",,"MIN","N","B","M","45","DE","N","N","140.25","N"
"110345","09/16/2025 03:51:54 PM",,"MIN","Y","B","M","62","DE","N","N","160.15","N"
"20105782","08/13/2024 11:35:06 PM",,"MAX","Y","B","M","32","DE","N","Y","125.25","Y"
"20149484","03/07/2026 08:07:06 PM",,"MED","Y","W","M","40","DE","N","N","140.30","Y"
"20228208","03/06/2025 08:11:00 PM",,"MED","Y","O","F","30","DE","N","N","110-120.10","Y"
"20250650","05/16/2026 07:18:57 PM",,"MED","Y","B","M","31","DE","N","N","120.05","N"
"20118399","01/14/2026 12:35:28 PM",,"MED","N","B","M","45","DE","N","N","140.25","Y"
"20174518","10/29/2025 11:34:28 AM",,"MAX","Y","B","M","29","DE","N","N","130.35","Y"
"20248643","02/04/2026 12:47:38 PM",,"MAX","Y","B","M","31","DE","N","N","120.10","Y"
"10012586","09/23/2021 11:59:00 PM",,"MED","Y","B","M","35","DE","N","Y","125.25","Y"
"66225","11/02/2025 12:47:39 AM",,"MAX","Y","O","M","37","DE","N","N","110-120.10","Y"
"57342","08/06/2025 04:45:12 PM",,"MIN","Y","B","M","46","DE","N","N","140.20","N"
"148034","05/08/2026 09:25:04 PM",,"MIN","N","O","M","44","DEP","N","Y","215.40","N"
"20246004","09/13/2025 04:51:42 PM",,"MED","N","O","M","19","DE","N","N","120.10","Y"
"20249584","03/26/2026 03:23:57 PM",,"MED","Y","O","M","50","DE","N","N","125.25","Y"
"20243454","01/14/2026 12:35:57 PM",,"MED","Y","B","M","32","DE","N","N","110-120.10","N"
"20186356","05/11/2026 04:47:47 PM",,"MED","N","B","M","27","CS","N","Y","265.01","N"
"20108939","12/16/2025 12:33:15 AM",,"MIN","Y","B","M","33","DE","N","N","150.15","N"
"50103","03/24/2026 09:25:51 PM",,"MIN","N","O","M","40","DE","N","N","140.20","Y"
"20250537","05/12/2026 01:14:54 PM",,"MED","N","O","M","32","DE","N","N","130.75","N"
"20232634","11/19/2025 02:01:57 PM",,"MED","Y","B","M","21","DE","N","Y","125.25","Y"
"20081768","05/18/2026 04:11:22 PM",,"MIN","N","B","M","47","DE","N","N","120.05","N"
"20238821","09/19/2024 05:10:00 PM",,"MED","Y","B","M","21","DE","N","Y","110-125.25","Y"
"20175417","03/29/2026 12:41:28 AM",,"MED","N","O","M","27","DE","N","Y","140.30","Y"
"20225151","03/27/2026 04:22:45 PM",,"MAX","Y","B","M","23","DE","N","N","125.25","N"
"20250099","05/12/2026 05:18:01 PM",,"MIN","Y","O","F","30","DE","N","N","120.05","N"
"15949","02/17/2026 12:48:26 AM",,"MIN","Y","O","M","62","DE","N","N","150.15","N"
"107078","03/03/2026 12:19:33 AM",,"MIN","N","B","M","59","DE","N","N","265.03","N"
"20136676","05/21/2026 11:58:40 PM",,"MAX","N","O","M","28","DE","N","Y","110-125.25","N"
"20228198","05/18/2026 12:53:04 AM",,"MED","N","W","M","34","DE","N","N","140.20","N"
"20238279","01/07/2025 03:50:59 PM",,"MED","Y","B","M","23","DE","N","Y","140.25","Y"
"20238292","12/03/2025 04:17:29 PM",,"MED","N","B","M","23","CS","N","N",,"N"
"20100527","02/09/2026 12:54:32 PM",,"MED","N","B","M","31","DE","N","N","220.09","Y"
"78464","05/18/2026 08:07:09 PM",,"MIN","Y","B","M","37","DE","N","N","220.16","N"
"20245062","07/31/2025 04:25:27 PM",,"MED","Y","B","M","44","DE","N","N","125.25","N"
"20247435","11/23/2025 06:50:57 PM",,"MIN","Y","O","M","25","DE","N","N","110-125.25","N"
"20231949","02/28/2026 07:30:14 PM",,"MIN","Y","B","M","40","DE","N","N","120.05","N"
"20190938","12/24/2025 02:46:40 PM",,"MAX","Y","O","M","24","DE","N","Y","160.15","Y"
"20173658","12/27/2025 11:23:52 AM",,"MIN","N","B","M","33","CS","N","N","155.25","N"
"20190330","10/15/2025 03:20:00 PM",,"MAX","Y","B","M","25","CS","N","Y","120.10","Y"
"20136389","05/17/2026 01:44:08 AM",,"MIN","Y","B","M","33","DE","N","N","120.05","N"
"20241541","02/09/2025 12:31:05 PM",,"MED","Y","B","M","23","DE","N","N","125.25","Y"
"20224086","09/10/2025 11:37:28 AM",,"MAX","Y","B","M","30","DE","N","N","110-125.25","Y"
"20227825","05/15/2026 04:40:36 PM",,"MIN","N","B","M","31","CS","N","Y","120.05","N"
"20160200","03/05/2026 08:20:21 PM",,"MIN","Y","B","M","60","DE","N","N","140.20","N"
"31752","10/26/2025 07:09:00 PM",,"MIN","N","B","M","52","DE","N","N","265.03","Y"
"20196982","11/20/2025 12:45:00 AM",,"MAX","Y","B","M","25","DE","N","Y","121.12","Y"
"20250618","05/14/2026 09:18:48 PM",,"MIN","Y","W","M","33","DE","N","N","120.05","N"
"2441","03/25/2026 12:46:05 PM",,"MIN","Y","B","M","44","DE","N","N","215.52","N"
"20212833","08/08/2024 01:13:00 AM",,"MED","Y","O","M","40","DE","N","N","130.95","N"
"20154718","05/27/2026 09:29:49 PM",,"MED","N","O","M","33","DE","N","N","140.25","N"
"20062585","01/03/2025 04:47:27 PM",,"MED","Y","B","F","36","DE","N","N","265.03","Y"
"106372","01/24/2026 12:33:00 AM",,"MIN","Y","B","M","37","DE","N","N","140.25","N"
"20232532","05/26/2026 08:43:15 PM",,"MED","Y","O","M","24","DE","N","N","160.05","N"
"20248314","01/15/2026 04:15:14 PM",,"MED","N","O","M","59","DE","N","N","125.25","N"
"147701","06/03/2025 01:04:30 PM",,"MIN","Y","B","M","66","DE","N","N","140.25","Y"
"20224221","04/12/2026 12:47:14 AM",,"MAX","Y","B","M","30","DE","N","N","110-120.10","Y"
"20043269","11/30/2025 01:14:58 AM",,"MED","N","B","M","53","DE","N","N","140.20","Y"
"20014512","05/15/2026 01:11:12 PM",,"MIN","Y","B","M","41","DE","N","N","155.25","N"
"20217384","01/06/2026 11:54:18 AM",,"MAX","N","B","M","27","DE","N","Y","110-125.25","Y"
"6182","05/28/2025 12:42:04 PM",,"MED","Y","B","M","40","DE","N","N","140.20","N"
"86885","09/02/2022 12:23:00 PM",,"MED","N","B","M","46","DE","N","N","125.25","Y"
"20017113","05/26/2025 08:14:24 PM",,"MAX","Y","O","M","37","DE","N","N","140.20","Y"
"107076","11/19/2025 08:34:42 PM",,"MED","N","B","M","58","CS","N","N","155.35","N"
"20157758","08/20/2025 08:50:00 PM",,"MIN","Y","B","M","64","DE","N","N","120.05","Y"
"20215909","10/01/2021 06:59:00 PM",,"MAX","Y","O","M","23","DE","N","Y","125.25","Y"
"20228976","01/09/2024 08:38:29 PM",,"MED","Y","O","M","36","DE","N","N","125.25","Y"
"20195980","11/20/2024 12:15:56 PM",,"MAX","Y","B","M","25","DE","N","Y","110-125.25","Y"
"20204375","11/18/2025 01:24:00 AM",,"MAX","Y","B","M","27","DE","N","Y","220.16","Y"
"20241403","01/31/2025 04:37:12 PM",,"MIN","N","B","M","33","DE","N","N","120.10","Y"
"20111808","03/25/2026 10:25:00 PM",,"MED","Y","B","M","29","DE","N","Y","160.15","N"
"20246077","05/20/2026 01:17:59 PM",,"MIN","N","B","M","26","CS","N","N",,"N"
"20247409","11/21/2025 06:46:02 PM",,"MAX","Y","O","M","19","DE","N","Y","205.25","Y"
"20150497","03/27/2026 12:08:35 AM",,"MED","N","B","M","32","CS","N","Y",,"N"
"20250869","05/28/2026 12:26:07 PM",,"MED","N","O","M","22","DE","N","N","160.15","N"
"20248987","02/25/2026 12:23:47 AM",,"MIN","N","O","M","26","CS","N","N","110-140.20","N"
"20233165","08/09/2024 08:39:00 PM",,"MED","Y","O","M","26","DE","N","N","125.25","Y"
"20224370","01/26/2024 09:42:41 AM",,"MAX","Y","B","M","42","DE","N","N","110-125.25","Y"
"20245266","05/18/2026 12:06:57 PM",,"MAX","Y","O","F","33","DE","N","N","160.10","N"
"20142864","06/14/2023 10:53:47 AM",,"MAX","Y","B","M","32","DE","N","Y","120.10","Y"
"20208896","05/28/2026 11:45:16 AM",,"MED","Y","W","M","30","DE","N","N","165.50","N"
"20244499","07/04/2025 11:21:53 PM",,"MED","N","O","M","53","DE","N","N","110-120.10","N"
"20193436","01/30/2026 12:33:02 AM",,"MIN","N","B","M","57","DEP","N","N","VOP","N"
"20097808","12/20/2025 11:52:00 PM",,"MED","Y","B","M","30","DEP","N","Y","121.12","Y"
"20105367","12/16/2025 02:08:49 PM",,"MED","Y","O","M","34","DE","N","Y","140.20","N"
"20070683","07/22/2025 11:09:00 PM",,"MIN","Y","A","M","46","DE","N","N","215.50","Y"
"20225479","06/05/2025 07:51:50 PM",,"MAX","Y","B","M","36","DE","N","N","110-125.25","Y"
"73359","03/24/2026 01:15:00 AM",,"MED","N","B","M","49","DEP","N","N","VOP","N"
"95858","04/07/2026 12:20:07 AM",,"MIN","N","O","F","66","CS","N","N","140.20","N"
"20218444","08/22/2024 02:49:16 PM",,"MAX","N","B","M","22","DE","N","Y","105.15","Y"
"20159079","09/12/2025 12:26:14 PM",,"MIN","Y","O","M","37","DE","N","N","215.51","Y"
"20076312","04/12/2026 08:53:06 PM",,"MIN","Y","O","M","38","DE","N","N","121.12","N"
"20120774","02/26/2026 09:03:23 PM",,"MAX","Y","B","M","28","DE","N","N","160.10","Y"
"67413","04/13/2024 12:12:59 PM",,"MED","Y","O","M","56","DE","N","N","125.25","Y"
"20242225","03/16/2025 04:04:10 PM",,"MIN","N","B","M","64","DE","N","N","110-120.05","Y"
"20241421","02/09/2026 01:19:17 AM",,"MAX","Y","B","M","21","DE","N","Y","110-125.25","Y"
"20245716","08/31/2025 12:38:14 AM",,"MED","Y","W","M","19","DE","N","Y","160.15","Y"
"20039535","05/26/2026 12:15:27 PM",,"MIN","N","B","M","34","CS","N","N",,"N"
"20224501","02/01/2026 11:23:00 AM",,"MIN","Y","B","M","30","CS","N","N","140.20","Y"
"20148033","05/28/2026 04:14:41 PM",,"MIN","N","B","M","68","DE","N","N","105.10","N"
"20218050","11/19/2025 12:33:23 AM",,"MAX","Y","B","M","23","DE","N","Y","125.25","Y"
"20203850","01/09/2026 01:19:31 PM",,"MIN","Y","O","M","24","DE","N","N","265.01B","N"
"20226821","05/28/2026 04:10:38 PM",,"MAX","N","B","M","23","DE","N","N","160.10","N"
"20075349","09/01/2025 12:09:08 AM",,"MAX","N","B","M","36","DE","N","N","110-125.25","Y"
"20249815","04/08/2026 05:08:29 PM",,"MAX","Y","B","M","32","DE","N","N","110-125.25","Y"
"20246600","10/12/2025 04:52:08 PM",,"MIN","Y","W","F","37","CS","N","N",,"Y"
"20235210","12/11/2025 12:05:35 PM",,"MIN","N","B","M","55","DE","N","N","220.16","N"
"20247007","11/03/2025 12:50:00 AM",,"MIN","Y","O","M","35","DE","N","N","110-125.25","Y"
"19050","01/16/2026 01:21:11 AM",,"MAX","N","B","M","43","DE","N","Y","160.10","Y"
"20250875","05/28/2026 04:00:38 PM",,"MIN","N","B","M","35","DE","N","N","155.42","N"
"20206728","01/03/2026 09:01:20 PM",,"MIN","Y","W","F","39","DEP","N","N","140.25","N"
"20175512","07/05/2023 05:13:56 PM",,"MED","Y","W","M","31","DE","N","Y","125.25","Y"
"20152627","03/11/2026 12:29:02 AM",,"MIN","N","B","M","37","DE","N","N","160.10","N"
"48992","03/20/2026 01:22:27 AM",,"MED","Y","B","M","58","DE","N","Y","110-160.10","N"
"20230847","05/13/2026 08:44:27 PM",,"MIN","N","O","M","50","CS","N","N",,"N"
"81450","05/19/2025 05:28:46 PM",,"MAX","Y","O","M","42","DE","N","N","120.10","Y"
"20230073","03/09/2024 01:32:42 PM",,"MAX","Y","B","M","32","DE","N","N","125.25","Y"
"119328","10/30/2025 11:40:24 AM",,"MIN","N","O","M","40","DE","N","N","110-125.25","N"
"20206640","03/12/2026 12:16:50 PM",,"MED","Y","O","M","26","DE","N","N","265.03","N"
"17944","11/18/2025 01:32:25 AM",,"MED","Y","B","M","54","DE","N","N","120.05","Y"
"20228275","09/16/2025 02:29:50 PM",,"MAX","Y","B","M","29","DE","N","N","130.50","N"
"20159875","10/28/2025 03:45:53 PM",,"MAX","Y","B","M","33","DE","N","N","130.35","Y"
"20009388","01/06/2026 07:13:33 PM",,"MAX","Y","W","M","38","DE","N","N","120.05","Y"
"60600","05/17/2026 01:28:04 PM",,"MIN","Y","O","M","60","CS","N","N",,"N"
"20232504","07/09/2024 04:00:40 PM",,"MED","Y","B","M","45","DE","N","N","130.30","Y"
"20245468","05/28/2026 07:14:21 PM",,"MIN","Y","B","M","31","DE","N","N","120.05","N"
"20076776","03/08/2025 03:30:43 PM",,"MED","Y","O","M","32","DE","N","N","130.25","Y"
"20213250","03/04/2021 01:49:00 PM",,"MED","Y","B","M","39","DE","N","N","125.25","Y"
"20250393","05/06/2026 11:50:23 AM",,"MED","Y","B","M","21","DE","N","Y","160.15","Y"
"20245678","08/29/2025 11:47:40 AM",,"MED","N","O","M","44","DE","N","N","130.75","N"
"20227030","09/19/2023 12:08:38 AM",,"MAX","Y","B","M","24","DE","N","Y","125.25","Y"
"20242647","04/07/2025 04:48:00 PM",,"MAX","Y","B","M","26","DE","N","N","125.25","Y"
"20249298","03/12/2026 12:00:16 PM",,"MED","Y","O","M","75","DE","N","N","125.25","N"
"79111","11/14/2024 12:46:42 PM",,"MIN","Y","B","M","67","DE","N","N","220.16","Y"
"20094257","11/21/2025 07:19:40 PM",,"MIN","Y","B","M","37","CS","N","N","160.05","N"
"20248149","01/07/2026 03:57:47 PM",,"MIN","N","B","M","31","DE","N","N","160.15","N"
"20241343","09/08/2025 01:38:53 PM",,"MED","Y","B","M","22","DE","N","Y","105.15","Y"
"20250866","05/28/2026 01:19:26 AM",,"MED","Y","O","M","37","DE","N","N","130.65","N"
"148229","05/30/2026 08:18:01 PM",,"MIN","N","B","M","38","DE","N","N","215.51","N"
"20115417","07/07/2023 05:51:13 PM",,"MAX","Y","O","M","31","DE","N","Y","125.25","Y"
"8731","02/20/2026 12:07:04 PM",,"MED","Y","O","M","48","DE","N","N","140.20","N"
"20149688","05/18/2026 12:39:00 AM",,"MED","Y","B","M","29","CS","N","N","265.01B","N"
"20224255","04/24/2023 06:40:57 PM",,"MED","Y","B","F","38","DE","N","N","125.25","Y"
"20176315","05/26/2026 01:29:42 AM",,"MED","N","O","M","36","DEP","N","N","140.20","N"
"67739","06/28/2025 04:14:19 PM",,"MED","Y","O","M","48","DE","N","N","140.20","Y"
"20152657","01/19/2023 04:13:00 PM",,"MAX","Y","B","M","28","DE","N","Y","125.25","Y"
"20248433","01/22/2026 11:42:30 AM",,"MIN","Y","O","M","20","DE","N","N","265.03","Y"
"20218640","05/31/2026 11:59:54 AM",,"MED","N","B","M","32","DE","N","N","155.35","N"
"20242836","12/16/2025 01:16:47 PM",,"MAX","Y","B","M","20","DE","N","Y","105.15","Y"
"20160524","05/26/2026 11:54:30 AM",,"MIN","Y","O","M","36","DE","N","N","120.05","N"
"20250339","05/03/2026 04:45:59 PM",,"MIN","N","B","M","57","DE","N","N","120.10","N"
"20239331","10/16/2024 04:10:27 PM",,"MED","Y","B","F","28","DE","N","N","125.25","Y"
"20244194","06/19/2025 04:59:45 PM",,"MAX","Y","W","M","24","DE","N","N","125.25","Y"
"10015263","05/31/2026 08:10:35 PM",,"MIN","N","B","M","61","DE","N","N","160.10","N"
"20240228","11/29/2024 04:28:12 PM",,"MED","N","U","M","40","DE","N","Y","125.25","Y"
"20250876","05/28/2026 03:59:36 PM",,"MIN","N","B","M","51","DE","N","N","105.10","N"
"20250907","05/29/2026 04:53:00 PM",,"MED","N","B","M","23","DE","N","N","120.07","N"
"20244311","04/17/2026 11:32:50 PM",,"MAX","Y","W","F","32","DE","N","N","150.15","Y"
"20224090","03/09/2026 05:23:24 PM",,"MED","N","B","M","22","DE","N","Y","120.10","Y"
"20244143","06/17/2025 04:53:08 PM",,"MED","Y","B","M","35","DE","N","N","120.05","Y"
"20245923","09/10/2025 04:21:46 PM",,"MED","N","B","M","33","DE","N","N","125.25","N"
"29953","07/14/2025 11:58:32 AM",,"MIN","N","O","M","54","DE","N","N","140.25","N"
"20249558","03/25/2026 01:22:12 PM",,"MED","Y","W","M","21","DE","N","N","265.13","N"
"20082919","06/26/2025 05:50:42 PM",,"MED","N","B","M","47","DE","N","N","140.25","N"
"44656","05/29/2026 04:39:50 PM",,"MED","N","B","M","60","DE","N","N","140.20","N"
"84155","05/25/2026 12:41:00 AM",,"MED","Y","B","F","38","DE","N","N","160.10","N"
"20165169","05/05/2026 04:49:44 PM",,"MIN","Y","B","M","29","CS","N","N","220.03","N"
"20250925","05/30/2026 12:35:00 PM",,"MED","N","O","M","25","DE","N","N","125.25","N"
"20239028","05/28/2026 06:10:44 PM",,"MIN","Y","W","M","41","DE","N","N","140.20","N"
"88429","04/18/2026 07:47:12 PM",,"MAX","Y","B","M","41","CSP","N","N","140.20","N"
"20250851","05/27/2026 09:30:58 PM",,"MIN","Y","A","M","22","DE","N","N","120.05","N"
"20250848","05/27/2026 08:19:14 PM",,"MIN","Y","A","M","39","DE","N","N","110-125.25","N"
"20244720","07/15/2025 01:23:00 AM",,"MED","Y","O","M","27","DE","N","Y","110-125.25","Y"
"20243481","11/17/2025 01:05:48 AM",,"MED","N","O","M","39","DE","N","N","265.03","Y"
"87090","04/21/2025 07:03:39 PM",,"MIN","N","B","F","49","DE","N","N","140.30","Y"
"121325","05/22/2026 01:25:31 AM",,"MIN","N","W","M","63","DE","N","N","140.20","N"
"20250879","05/28/2026 05:10:59 PM",,"MIN","N","B","M","51","DE","N","N","105.10","N"
"20194694","04/10/2025 09:06:45 PM",,"MAX","Y","B","M","33","DE","N","Y","110-125.25","Y"
"20244069","06/12/2025 10:37:56 PM",,"MAX","Y","O","M","27","DE","N","N","110-125.25","Y"
"20204690","12/20/2025 04:48:58 PM",,"MAX","N","B","M","24","DE","N","Y","160.15","Y"
"148818","01/21/2026 12:52:26 PM",,"MIN","N","B","M","40","CS","N","N","265.01B","N"
"77152","05/29/2026 08:30:00 PM",,"MED","N","B","M","46","DE","N","N","160.15","N"
"84414","01/29/2026 09:14:29 PM",,"MIN","Y","B","M","37","DE","N","N","110-125.25","Y"
"43984","11/17/2025 08:57:39 PM",,"MED","N","B","M","43","DE","N","N","110-125.25","Y"
"141352","04/04/2026 08:20:00 PM",,"MIN","N","B","M","62","CS","N","N",,"N"
"20030134","05/12/2026 11:00:00 PM",,"MED","Y","B","M","62","DE","N","N","120.05","Y"
"14021","10/31/2025 12:05:41 PM",,"MED","Y","B","M","42","DE","N","N","265.03","Y"
"20092051","05/14/2026 03:26:47 PM",,"MED","Y","W","M","34","DE","N","N","140.30","N"
"20196893","11/30/2023 11:40:17 PM",,"MED","Y","B","M","46","DEP","N","Y","220.16","Y"
"20078253","05/29/2026 12:03:18 PM",,"MAX","N","O","M","35","DE","N","N","155.35","N"
"20241230","01/29/2025 04:18:47 PM",,"MED","Y","B","M","22","DE","N","Y","105.15","Y"
"20247493","11/26/2025 03:48:31 PM",,"MED","Y","O","M","29","DE","N","N","110-125.26","Y"
"20240783","12/30/2024 05:34:47 PM",,"MAX","Y","B","M","22","DE","N","Y","105.15","Y"
"20241285","05/09/2026 01:13:35 AM",,"MED","Y","A","F","40","DE","N","N","155.30","N"
"20246570","05/20/2026 07:14:12 AM",,"MED","N","O","M","33","CS","N","N","215.56","N"
"20229537","05/28/2026 07:09:14 PM",,"MED","Y","O","M","24","DE","N","N","120.05","N"
"20227093","09/22/2023 01:08:30 PM",,"MED","N","O","M","24","DE","N","N","125.27","Y"
"20095478","01/31/2025 05:42:27 PM",,"MED","Y","W","M","30","DE","N","Y","140.20","Y"
"20229382","07/10/2025 01:10:56 PM",,"MAX","Y","B","M","21","DE","N","Y","120.10","Y"
"20171341","05/31/2026 01:15:33 PM",,"MAX","N","B","M","26","DE","N","Y","160.15","N"
"20244366","06/27/2025 05:00:57 PM",,"MED","Y","O","M","29","DE","N","N","125.25","N"
"20248943","02/21/2026 03:53:35 PM",,"MED","Y","B","M","29","DE","N","N","120.05","Y"
"20242832","04/17/2025 01:08:53 AM",,"MED","N","O","M","23","DE","N","N","130.96","Y"
"20247564","04/30/2026 03:57:00 PM",,"MIN","Y","W","F","43","DE","N","N","120.00","Y"
"20194258","02/17/2026 04:24:53 PM",,"MAX","Y","B","M","24","CS","N","N","160.05","Y"
"20241617","02/13/2025 07:57:45 PM",,"MAX","Y","O","M","24","DE","N","N","125.25","Y"
"20249120","03/03/2026 12:43:21 PM",,"MAX","Y","B","M","26","DE","N","N","120.60","Y"
"20131138","03/12/2025 06:45:58 PM",,"MAX","Y","B","M","28","DE","N","N","125.25","Y"
"19088","05/29/2026 12:08:19 AM",,"MIN","N","B","M","59","DE","N","N","110-120.10","N"
"20191036","05/21/2026 12:43:16 AM",,"MAX","Y","O","F","30","DE","N","N","220.39","Y"
"20246922","03/13/2026 10:15:00 PM",,"MAX","Y","B","M","25","DE","N","Y","121.12","Y"
"20210194","03/11/2025 06:59:40 PM",,"MED","N","U","M","35","DE","N","Y","125.25","Y"
"152879","10/13/2025 11:58:44 PM",,"MED","N","W","M","53","DE","N","N","160.15","N"
"20117871","08/15/2025 12:56:53 PM",,"MAX","N","B","F","31","DE","N","Y","160.10","Y"
"20249351","03/14/2026 11:20:00 AM",,"MIN","Y","W","M","42","CS","N","N",,"Y"
"20063922","05/17/2026 04:57:57 PM",,"MED","Y","B","F","33","CS","N","N","155.25","N"
"20244320","06/25/2025 08:56:52 PM",,"MED","N","O","M","30","DE","N","N","220.21","Y"
"20250896","05/29/2026 12:41:00 AM",,"MED","N","O","M","24","DE","N","N","130.35","N"
"20250941","05/31/2026 01:08:16 PM",,"MED","N","O","M","23","DE","N","N","140.25","N"
"89852","02/03/2026 03:32:15 PM",,"MIN","N","B","M","43","CS","N","Y","220.09","N"
"20245377","05/07/2026 03:50:00 PM",,"MED","N","O","M","41","CS","N","N","265.01B","N"
"67082","05/08/2026 05:04:06 PM",,"MED","N","B","M","37","CS","N","Y",,"Y"
"20120097","12/24/2025 05:53:39 AM",,"MAX","Y","O","M","33","DE","N","Y","125.25","Y"
"20246616","10/13/2025 08:58:45 PM",,"MED","Y","B","M","29","DE","N","N","120.05","Y"
"32617","05/07/2026 12:31:04 AM",,"MIN","Y","O","M","41","CS","N","N","120.00","N"
"20231445","05/18/2024 03:35:34 PM",,"MAX","N","B","M","24","DE","N","Y","125.25","Y"
"20250920","05/30/2026 12:44:23 AM",,"MIN","N","O","M","31","DE","N","N","220.21","N"
"20233269","05/27/2026 12:50:42 PM",,"MED","N","B","M","22","CS","N","N","265.01B","N"
"20137305","07/30/2025 03:14:00 PM",,"MED","Y","W","M","29","DE","N","N","265.03","Y"
"20250893","05/29/2026 12:13:16 AM",,"MED","N","B","M","43","DE","N","N","125.25","N"
"20246138","01/29/2026 11:47:53 AM",,"MIN","N","B","M","18","DE","N","N","160.15","Y"
"20242775","05/26/2026 01:29:59 PM",,"MIN","N","B","M","49","CS","N","N","220.39","N"
"20197183","05/06/2026 06:30:34 PM",,"MAX","N","B","M","27","DE","N","Y","125.25","Y"
"46465","11/13/2025 10:28:02 AM",,"MED","N","B","M","37","DE","N","N","160.10","Y"
"20249847","04/09/2026 08:13:34 PM",,"MIN","N","H","M","21","DE","N","N","220.21","N"
"20211022","06/19/2025 12:09:56 PM",,"MAX","Y","B","M","40","DE","N","N","160.10","Y"
"20095516","04/28/2026 01:36:06 AM",,"MAX","Y","O","M","41","DE","N","N","140.30","Y"
"69304","11/19/2025 03:04:00 PM",,"MIN","N","B","M","51","DEP","N","N","140.25","N"
"20239996","11/18/2024 04:49:04 PM",,"MIN","Y","W","M","34","DE","N","N","140.30","Y"
"20246909","10/28/2025 06:36:40 PM",,"MAX","Y","O","M","19","DE","N","Y","110-125.25","Y"
"20248585","01/30/2026 03:55:52 PM",,"MIN","Y","W","M","55","DE","N","N","265.03","Y"
"20216532","05/31/2026 07:00:21 PM",,"MED","N","O","M","39","DE","N","N","125.25","N"
"77923","11/22/2025 04:10:24 PM",,"MIN","N","O","M","40","DE","N","N","220.09","N"
"53633","05/24/2026 08:39:06 PM",,"MED","Y","O","M","48","DE","N","N","160.15","N"
"20249371","05/30/2026 07:22:38 PM",,"MIN","Y","B","M","48","DE","N","N","215.51","N"
"32007","01/23/2026 01:32:52 AM",,"MIN","Y","O","M","57","DE","N","N","140.20","Y"
"20249733","04/04/2026 02:52:00 PM",,"MED","Y","B","M","22","DE","N","N","125.25","Y"
"20249950","04/14/2026 06:47:56 PM",,"MED","N","O","M","20","DE","N","N","110-125.25","Y"
"20248762","02/11/2026 12:47:45 PM",,"MIN","Y","O","M","39","DE","N","N","220.43","N"
"44857","08/17/2025 04:43:50 PM",,"MIN","Y","B","M","50","DE","N","N","160.15","N"
"20019239","05/14/2026 06:18:57 PM",,"MED","Y","B","M","40","DE","N","N","140.30","Y"
"20232596","10/24/2025 03:09:00 PM",,"MAX","Y","B","M","22","DE","N","Y","125.25","Y"
"142518","06/01/2026 06:39:50 PM",,"MED","N","B","M","42","DE","N","N","140.25","N"
"20186677","05/31/2026 12:37:00 AM",,"MED","Y","O","M","28","DE","N","N","140.25","N"
"20248212","01/10/2026 01:28:04 AM",,"MIN","N","O","M","43","DE","N","N","140.20","Y"
"47673","08/14/2025 08:46:31 PM",,"MIN","Y","B","M","37","SSR","N","Y","120.10","Y"
"20123894","06/02/2026 01:48:06 AM",,"MIN","N","W","M","49","DE","N","N","140.20","N"
"20247377","12/17/2025 12:28:39 AM",,"MIN","N","O","M","21","DE","N","N","140.25","Y"
"20045077","04/09/2026 03:46:43 PM",,"MED","Y","O","M","32","DE","N","Y","220.21","Y"
"139414","03/29/2026 01:42:21 PM",,"MIN","Y","O","M","39","DE","N","N","140.20","N"
"20185254","03/05/2025 10:11:17 AM",,"MAX","Y","B","M","35","DE","N","N","125.27","Y"
"20220435","06/02/2026 12:39:20 AM",,"MAX","N","B","M","26","DE","N","N","120.05","N"
"33865","05/31/2026 05:06:23 PM",,"MIN","Y","B","M","48","DE","N","N","140.25","N"
"20248730","02/09/2026 05:40:39 PM",,"MIN","Y","W","M","33","DE","N","N","150.15","Y"
"20244601","05/20/2026 11:13:16 AM",,"MIN","Y","B","M","35","DE","N","N","120.05","Y"
"102407","06/19/2025 12:49:20 AM",,"MIN","Y","B","M","62","DE","N","N","155.30","Y"
"20146828","07/24/2025 11:36:30 AM",,"MIN","N","O","M","36","DE","N","N","110-125.25","N"
"20101579","05/31/2026 03:34:09 PM",,"MAX","Y","B","M","47","DE","N","N","110-125.25","N"
"20242471","03/30/2025 11:58:34 AM",,"MED","N","O","M","40","DE","N","N","125.15","Y"
"20157034","12/02/2025 09:15:15 PM",,"MED","Y","B","M","32","DE","N","N","110-125.25","N"
"20245703","08/30/2025 03:13:43 PM",,"MED","Y","B","M","20","DE","N","N","120.10","Y"
"39464","04/03/2026 07:42:00 PM",,"MIN","N","O","M","49","DEP","N","N","140.25","N"
"20156463","06/01/2026 12:33:27 PM",,"MAX","Y","O","M","26","DE","N","Y","120.05","N"
"20170062","06/01/2026 12:23:48 PM",,"MAX","Y","W","M","35","DE","N","N","140.20","N"
"20198546","11/20/2025 01:02:14 AM",,"MAX","Y","O","M","27","CS","N","N","160.15","Y"
"20250055","04/18/2026 02:47:55 PM",,"MED","N","B","M","18","DE","N","Y","110-125.25","Y"
"137990","05/07/2026 07:53:00 PM",,"MAX","Y","B","M","37","DE","N","Y","215.51","Y"
"10008933","04/01/2026 11:52:30 PM",,"MED","N","B","M","36","CS","N","N","120.00","N"
"112160","05/20/2026 12:34:38 PM",,"MIN","Y","B","M","37","DE","N","N","120.05","N"
"69260","01/15/2026 10:35:00 PM",,"MIN","Y","B","M","75","DE","N","N","140.25","Y"
"20248161","01/07/2026 10:23:48 PM",,"MIN","N","W","M","28","DE","N","N","120.10","Y"
"20227898","05/28/2026 05:44:50 PM",,"MED","N","O","M","24","DE","N","N","160.10","N"
"142402","10/22/2025 07:34:39 PM",,"MED","Y","B","M","45","DE","N","N","110-125.25","Y"
"20082412","05/01/2026 10:45:00 PM",,"MAX","Y","W","F","48","DE","N","N","120.05","Y"
"124468","11/16/2025 10:59:00 PM",,"MIN","Y","B","M","38","DE","N","N","140.20","N"
"20025231","05/20/2026 11:06:00 PM",,"MED","Y","W","M","34","DE","N","N","220.16","N"
"20241905","03/03/2025 07:24:27 PM",,"MIN","Y","W","M","45","DE","N","N","220.18","N"
"20249641","03/30/2026 12:26:20 PM",,,"N","B","F","43","DE","N","N","125.25","Y"
"157106","03/21/2025 12:43:48 PM",,"MIN","N","B","M","50","DE","N","N","220.21","Y"
"20250957","06/01/2026 12:24:38 PM",,"MED","N","O","M","57","DE","N","N","VTL 1192.2","N"
"20014249","05/20/2026 05:08:11 AM",,"MED","Y","U","M","45","DE","N","N","265.03","N"
"20116374","09/02/2022 05:34:00 PM",,"MED","Y","O","M","38","DE","N","N","125.25","Y"
"20137","05/22/2026 06:37:26 PM",,"MED","Y","B","F","49","DE","N","N","140.20","N"
"20055415","05/31/2026 12:20:00 PM",,"MAX","N","B","M","34","DE","N","Y","155.30","N"
"20250965","06/02/2026 11:32:35 AM",,"MIN","N","O","M","39","DE","N","N","120.60","N"
"20122347","12/01/2025 12:33:00 AM",,"MAX","Y","B","M","35","DE","N","Y","160.10","Y"
"20248059","05/18/2026 02:29:00 PM",,"MED","N","B","M","18","DE","N","Y","220.39","N"
"20038414","05/29/2026 12:37:14 PM",,"MED","Y","O","M","55","DE","N","N","140.20","N"
"20221544","11/06/2022 01:14:56 PM",,"MAX","Y","B","M","36","DE","N","Y","125.25","Y"
"20242599","04/04/2025 07:04:42 PM",,"MIN","N","O","M","33","DE","N","N","220.21","N"
"20232171","08/14/2025 04:21:21 PM",,"MIN","Y","W","M","26","CS","N","N","265.10","N"
"20217622","02/28/2022 05:14:29 PM",,"MED","Y","B","M","31","DE","N","N","125.25","Y"
"140753","03/30/2026 04:06:27 PM",,"MAX","Y","B","F","35","DE","N","N","160.15","Y"
"20117451","05/30/2026 03:52:12 PM",,"MAX","N","B","M","30","DE","N","Y","170.15","N"
"46807","05/24/2026 12:50:15 PM",,"MED","Y","B","M","39","DE","N","Y","140.30","N"
"20012472","04/05/2025 01:17:37 PM",,"MAX","Y","B","M","38","DE","N","N","110-140.25","Y"
"20250535","05/12/2026 12:37:51 PM",,"MIN","N","O","M","23","DE","N","N","VTL 600A","N"
"20248686","02/23/2026 07:27:00 PM",,"MIN","Y","W","F","41","DE","N","N","140.25","N"
"20210747","02/10/2026 04:20:17 PM",,"MIN","Y","B","M","45","CS","N","N",,"Y"
"2618","05/17/2026 01:13:05 AM",,"MAX","Y","B","M","39","DE","N","N","215.52","N"
"20159905","11/21/2025 01:23:19 PM",,"MIN","N","B","M","31","CS","N","Y",,"Y"
"20248741","02/10/2026 12:15:28 PM",,"MED","N","B","M","34","CS","N","N",,"Y"
"20245538","08/23/2025 01:06:18 AM",,"MED","N","B","M","27","DE","N","N","120.05","Y"
"20241031","01/13/2025 11:37:04 PM",,"MAX","Y","B","F","24","DE","N","N","125.25","Y"
"20222222","04/09/2026 10:51:08 AM",,"MED","Y","B","F","36","DE","N","N","110-135.20","Y"
"72902","05/05/2026 05:25:47 PM",,"MED","Y","B","M","36","DE","N","N","120.05","N"
"20248665","02/05/2026 12:42:07 PM",,"MIN","Y","W","M","38","DE","N","N","150.10","Y"
"20198565","10/14/2025 04:04:20 PM",,"MAX","Y","B","M","41","DE","N","Y","110-125.25","Y"
"20227334","10/06/2023 09:47:28 PM",,"MED","N","O","M","49","DE","N","N","125.25","Y"
"20044712","11/16/2025 12:56:05 AM",,"MAX","Y","B","M","33","DE","N","Y","110-125.25","Y"
"20241598","03/30/2026 12:49:59 PM",,"MED","N","B","M","22","CS","N","Y",,"Y"
"20241218","05/28/2026 12:19:00 AM",,"MIN","N","O","M","55","DE","N","N","140.20","N"
"20119506","02/21/2025 04:07:51 PM",,"MAX","Y","O","M","33","DEP","N","Y","110-120.10","Y"
"20239582","04/14/2026 11:58:06 PM",,"MIN","Y","A","M","39","DE","N","N","120.25","N"
"20147089","05/08/2026 01:42:46 PM",,"MIN","Y","B","F","58","DE","N","N","120.05","N"
"20244294","04/08/2026 12:15:17 AM",,"MED","Y","O","M","26","DE","N","N","120.05","N"
"20079810","05/26/2026 12:22:07 PM",,"MED","Y","B","M","47","DE","N","N","120.10","N"
"20057700","10/21/2025 01:01:06 AM",,"MAX","Y","O","M","32","DE","N","N","140.25","Y"
"20250523","05/11/2026 06:59:53 PM",,"MAX","Y","H","M","43","DE","N","N","120.10","Y"
"10008162","02/15/2026 11:32:18 PM",,"MAX","Y","O","M","38","DE","N","Y","125.25","Y"
"20093662","05/31/2026 01:10:14 PM",,"MAX","Y","B","M","52","DE","N","N","110-120.10","N"
"20213350","09/20/2025 04:06:00 PM",,"MED","Y","B","M","28","DE","N","N","120.05","Y"
"20244948","07/25/2025 02:51:57 PM",,"MED","Y","O","F","55","DE","N","N","125.27","N"
"20250976","06/02/2026 11:14:09 PM",,"MED","N","O","M","35","DE","N","N","130.96","N"
"20246438","10/05/2025 01:17:00 AM",,"MAX","Y","B","M","22","DE","N","Y","160.15","Y"
"20016153","04/10/2026 05:12:15 PM",,"MAX","Y","W","F","39","DE","N","N","160.15","N"
"109362","03/13/2026 11:05:00 AM",,"MIN","Y","B","M","51","DE","N","N","155.30","N"
"20082812","05/28/2026 12:41:23 PM",,"MED","N","B","M","65","DE","N","N","265.03","N"
