"INCIDENT_ID","REPORTED_DT","INCIDENT_TYPE","FACILITY"
"76075","01/31/2016 09:17:00 PM","Slashing",
"76130","02/02/2016 09:43:00 AM","Slashing",
"76177","02/03/2016 03:56:00 PM","Slashing",
"76348","02/10/2016 02:49:00 AM","Stabbing",
"76488","02/14/2016 07:34:00 PM","Slashing",
"76518","02/15/2016 07:39:00 PM","Slashing",
"76527","02/16/2016 11:15:00 AM","Slashing",
"76665","02/20/2016 07:48:00 PM","Slashing",
"76714","02/22/2016 09:12:00 AM","Slashing",
"76766","02/24/2016 11:20:00 AM","Slashing",
"77862","03/31/2016 06:15:00 PM","Slashing",
"77925","04/02/2016 02:15:00 PM","Slashing",
"77962","04/04/2016 12:19:00 AM","Slashing",
"77971","04/04/2016 11:00:00 AM","Slashing",
"78055","04/06/2016 07:00:00 PM","Slashing",
"78111","04/08/2016 10:30:00 PM","Slashing",
"78151","04/10/2016 12:58:00 AM","Slashing",
"78348","04/16/2016 01:32:00 PM","Slashing",
"78554","04/23/2016 12:54:00 PM","Stabbing",
"78555","04/23/2016 12:54:00 PM","Slashing",
"78594","04/24/2016 08:30:00 PM","Slashing",
"78595","04/24/2016 09:31:00 PM","Slashing",
"78660","04/26/2016 09:57:00 PM","Slashing",
"79009","05/07/2016 07:28:00 PM","Slashing",
"79040","05/08/2016 11:18:00 PM","Stabbing",
"79084","05/10/2016 01:09:00 PM","Slashing",
"79263","05/15/2016 07:32:00 PM","Slashing",
"79464","05/22/2016 11:35:00 PM","Slashing",
"79556","05/25/2016 08:29:00 AM","Slashing",
"79719","05/29/2016 09:15:00 PM","Slashing",
"79720","05/29/2016 09:17:00 PM","Slashing",
"80054","06/07/2016 10:53:00 PM","Slashing",
"80292","06/14/2016 08:13:00 PM","Slashing",
"80472","06/20/2016 07:57:00 AM","Slashing",
"80588","06/22/2016 10:04:00 PM","Slashing",
"80643","06/24/2016 06:00:00 PM","Slashing",
"80698","06/26/2016 10:29:00 AM","Stabbing",
"80732","06/27/2016 09:05:00 AM","Slashing",
"80733","06/27/2016 11:58:00 AM","Slashing",
"80754","06/27/2016 06:00:00 PM","Slashing",
"80759","06/27/2016 09:25:00 PM","Slashing",
"80942","07/04/2016 09:50:00 PM","Slashing",
"80967","07/05/2016 09:45:00 PM","Slashing",
"81240","07/14/2016 09:15:00 PM","Slashing",
"81321","07/18/2016 12:04:00 AM","Slashing",
"81406","07/20/2016 12:11:00 PM","Slashing",
"81503","07/22/2016 09:28:00 PM","Slashing",
"81519","07/23/2016 10:57:00 AM","Slashing",
"81520","07/23/2016 10:57:00 AM","Slashing",
"81523","07/23/2016 02:30:00 PM","Slashing",
"81659","07/27/2016 10:49:00 AM","Slashing",
"81661","07/27/2016 10:49:00 AM","Slashing",
"81748","07/29/2016 11:25:00 PM","Slashing",
"81505","07/22/2016 09:28:00 PM","Slashing",
"81729","07/29/2016 11:48:00 AM","Slashing",
"81765","07/30/2016 04:23:00 PM","Slashing",
"81840","08/01/2016 09:02:00 PM","Slashing",
"82051","08/07/2016 09:33:00 PM","Slashing",
"82085","08/08/2016 09:58:00 PM","Stabbing",
"82291","08/14/2016 08:32:00 PM","Slashing",
"82324","08/15/2016 08:50:00 PM","Slashing",
"82477","08/19/2016 01:33:00 PM","Slashing",
"82502","08/19/2016 10:20:00 PM","Slashing",
"82519","08/20/2016 04:02:00 PM","Slashing",
"82539","08/21/2016 02:19:00 PM","Slashing",
"82559","08/22/2016 06:21:00 AM","Slashing",
"82582","08/22/2016 09:18:00 PM","Slashing",
"82753","08/27/2016 02:29:00 PM","Slashing",
"82758","08/27/2016 03:15:00 PM","Slashing",
"82768","08/27/2016 10:12:00 PM","Slashing",
"82834","08/30/2016 10:10:00 PM","Stabbing",
"82880","09/01/2016 01:51:00 PM","Slashing",
"82889","09/01/2016 01:51:00 PM","Slashing",
"82959","09/04/2016 02:13:00 PM","Slashing",
"82966","09/04/2016 07:54:00 PM","Slashing",
"82993","09/05/2016 02:48:00 PM","Slashing",
"83045","09/06/2016 09:43:00 PM","Slashing",
"83088","09/08/2016 12:51:00 PM","Slashing",
"83112","09/09/2016 10:05:00 AM","Slashing",
"83143","09/09/2016 08:00:00 PM","Slashing",
"83178","09/10/2016 11:24:00 PM","Slashing",
"83242","09/13/2016 12:43:00 AM","Stabbing",
"150373","04/30/2021 09:16:00 AM","Stabbing","RNDC"
"83331","09/15/2016 11:37:00 AM","Slashing",
"83340","09/15/2016 06:00:00 PM","Slashing",
"83376","09/16/2016 06:29:00 PM","Slashing",
"150379","04/30/2021 12:11:00 PM","Slashing","AMKC"
"83465","09/20/2016 01:00:00 AM","Slashing",
"83529","09/21/2016 11:35:00 PM","Slashing",
"83632","09/25/2016 01:16:00 PM","Slashing",
"83643","09/25/2016 09:21:00 PM","Slashing",
"83667","09/26/2016 12:33:00 PM","Slashing",
"83762","09/29/2016 02:34:00 PM","Slashing",
"83862","10/03/2016 06:27:00 AM","Slashing",
"83917","10/04/2016 07:48:00 PM","Slashing",
"84093","10/10/2016 07:28:00 AM","Stabbing",
"84106","10/10/2016 01:15:00 PM","Stabbing",
"84156","10/11/2016 07:15:00 PM","Slashing",
"84158","10/11/2016 07:15:00 PM","Slashing",
"84163","10/11/2016 10:05:00 PM","Slashing",
"84530","10/20/2016 08:21:00 PM","Slashing",
"84532","10/20/2016 08:20:00 PM","Slashing",
"84576","10/22/2016 12:00:00 AM","Slashing",
"84670","10/24/2016 03:10:00 PM","Slashing",
"84793","10/27/2016 01:23:00 PM","Slashing",
"84868","10/28/2016 09:35:00 PM","Slashing",
"84869","10/28/2016 09:56:00 PM","Slashing",
"84888","10/29/2016 11:39:00 AM","Slashing",
"85025","11/01/2016 01:16:00 PM","Slashing",
"85192","11/05/2016 08:19:00 PM","Slashing",
"85310","11/09/2016 10:52:00 AM","Slashing",
"85313","11/09/2016 12:22:00 PM","Slashing",
"85330","11/09/2016 06:48:00 PM","Slashing",
"85475","11/14/2016 01:47:00 PM","Slashing",
"85535","11/15/2016 08:54:00 PM","Slashing",
"85648","11/17/2016 10:23:00 PM","Stabbing",
"85761","11/20/2016 01:34:00 PM","Slashing",
"85878","11/23/2016 05:10:00 PM","Stabbing",
"85904","11/24/2016 03:33:00 PM","Slashing",
"85914","11/25/2016 01:59:00 AM","Slashing",
"85956","11/25/2016 08:19:00 PM","Stabbing",
"86116","11/30/2016 02:23:00 PM","Slashing",
"86154","12/01/2016 09:59:00 AM","Slashing",
"86222","12/02/2016 09:31:00 PM","Slashing",
"86284","12/05/2016 07:20:00 AM","Stabbing",
"86505","12/11/2016 09:25:00 PM","Slashing",
"86580","12/13/2016 11:40:00 AM","Slashing",
"86596","12/13/2016 09:10:00 PM","Slashing",
"86767","12/19/2016 01:30:00 AM","Slashing",
"86777","12/19/2016 09:30:00 AM","Slashing",
"86939","12/22/2016 09:46:00 PM","Slashing",
"86992","12/24/2016 11:43:00 AM","Slashing",
"87029","12/25/2016 09:54:00 PM","Slashing",
"87183","12/30/2016 04:00:00 PM","Slashing",
"87421","01/06/2017 07:03:00 PM","Slashing",
"87574","01/10/2017 09:34:00 PM","Stabbing",
"87638","01/12/2017 09:48:00 AM","Slashing",
"87753","01/15/2017 09:24:00 PM","Slashing",
"87820","01/18/2017 09:07:00 AM","Slashing",
"87995","01/23/2017 07:41:00 AM","Slashing",
"88039","01/23/2017 12:00:00 AM","Stabbing",
"88040","01/23/2017 08:03:00 PM","Slashing",
"88074","01/24/2017 06:36:00 PM","Stabbing",
"88210","01/28/2017 06:03:00 AM","Slashing",
"88377","01/31/2017 09:42:00 PM","Slashing",
"88414","02/01/2017 06:17:00 PM","Slashing",
"88521","02/04/2017 09:30:00 PM","Slashing",
"88580","02/06/2017 10:02:00 AM","Slashing",
"88641","02/07/2017 07:26:00 PM","Slashing",
"88671","02/08/2017 03:05:00 PM","Stabbing",
"88717","02/10/2017 10:49:00 AM","Slashing",
"88744","02/10/2017 07:45:00 PM","Slashing",
"88775","02/11/2017 09:29:00 PM","Slashing",
"88785","02/12/2017 12:35:00 AM","Slashing",
"88915","02/14/2017 11:00:00 PM","Slashing",
"88946","02/15/2017 05:52:00 PM","Slashing",
"89046","02/18/2017 08:13:00 PM","Slashing",
"89093","02/20/2017 06:24:00 PM","Slashing",
"89105","02/21/2017 04:52:00 AM","Stabbing",
"89318","02/27/2017 08:40:00 AM","Slashing",
"89380","02/28/2017 08:53:00 PM","Slashing",
"89584","03/07/2017 12:09:00 PM","Slashing",
"89689","03/09/2017 11:00:00 PM","Slashing",
"89747","03/11/2017 03:28:00 PM","Slashing",
"89786","03/12/2017 10:50:00 PM","Slashing",
"89888","03/15/2017 10:18:00 PM","Slashing",
"89931","03/16/2017 03:00:00 PM","Slashing",
"89982","03/18/2017 07:23:00 PM","Slashing",
"90016","03/19/2017 09:43:00 PM","Stabbing",
"90040","03/20/2017 02:56:00 PM","Slashing",
"90081","03/21/2017 03:23:00 PM","Slashing",
"90083","03/21/2017 03:13:00 PM","Slashing",
"90137","03/23/2017 08:56:00 AM","Slashing",
"90141","03/23/2017 11:12:00 AM","Slashing",
"90167","03/23/2017 11:27:00 PM","Slashing",
"90177","03/24/2017 09:50:00 AM","Slashing",
"90288","03/28/2017 09:44:00 AM","Slashing",
"90314","03/29/2017 05:28:00 AM","Slashing",
"90552","04/06/2017 08:44:00 AM","Slashing",
"90572","04/06/2017 08:59:00 PM","Slashing",
"90593","04/07/2017 02:10:00 PM","Slashing",
"90687","04/10/2017 01:30:00 PM","Slashing",
"90696","04/10/2017 05:32:00 PM","Slashing",
"90714","04/11/2017 10:39:00 AM","Slashing",
"90720","04/11/2017 09:52:00 AM","Slashing",
"90780","04/12/2017 08:46:00 PM","Slashing",
"90851","04/14/2017 02:09:00 PM","Slashing",
"90877","04/15/2017 06:09:00 AM","Slashing",
"91155","04/23/2017 02:30:00 PM","Slashing",
"91370","04/29/2017 07:45:00 PM","Slashing",
"91482","05/03/2017 06:53:00 AM","Slashing",
"91967","05/18/2017 03:00:00 PM","Slashing",
"92098","05/23/2017 12:26:00 AM","Slashing",
"92279","05/28/2017 02:52:00 PM","Slashing",
"92377","05/30/2017 10:33:00 PM","Slashing",
"92417","05/31/2017 09:35:00 PM","Slashing",
"92662","06/07/2017 08:00:00 PM","Slashing",
"92708","06/08/2017 02:54:00 PM","Slashing",
"92763","06/09/2017 10:05:00 PM","Slashing",
"92826","06/11/2017 03:50:00 PM","Slashing",
"92894","06/13/2017 11:36:00 AM","Slashing",
"92926","06/14/2017 07:57:00 AM","Slashing",
"92929","06/14/2017 10:41:00 AM","Slashing",
"93067","06/18/2017 05:00:00 PM","Slashing",
"93271","06/23/2017 01:12:00 PM","Slashing",
"93276","06/23/2017 03:47:00 PM","Slashing",
"93339","06/25/2017 08:48:00 PM","Slashing",
"93365","06/26/2017 04:00:00 PM","Stabbing",
"93373","06/26/2017 07:46:00 PM","Slashing",
"93421","06/27/2017 04:20:00 PM","Slashing",
"93641","07/03/2017 06:50:00 AM","Stabbing",
"93814","07/07/2017 09:12:00 PM","Slashing",
"93825","07/08/2017 12:15:00 PM","Slashing",
"93854","07/08/2017 10:50:00 PM","Slashing",
"93917","07/11/2017 07:00:00 AM","Slashing",
"93976","07/12/2017 12:52:00 PM","Slashing",
"94054","07/14/2017 10:10:00 AM","Stabbing",
"94233","07/18/2017 07:40:00 PM","Stabbing",
"94237","07/18/2017 10:11:00 PM","Stabbing",
"121939","06/29/2019 01:45:00 PM","Slashing","OBCC"
"94371","07/22/2017 01:00:00 PM","Slashing",
"94416","07/23/2017 09:49:00 PM","Slashing",
"94611","07/29/2017 09:46:00 AM","Slashing",
"121943","06/29/2019 03:05:00 PM","Slashing","NIC"
"95497","08/24/2017 12:25:00 PM","Slashing",
"95578","08/26/2017 04:57:00 PM","Slashing",
"95582","08/26/2017 09:03:00 PM","Slashing",
"95667","08/29/2017 03:44:00 PM","Slashing",
"95776","09/01/2017 06:17:00 PM","Slashing",
"95809","09/02/2017 07:37:00 PM","Slashing",
"95926","09/06/2017 06:27:00 PM","Slashing",
"122110","07/04/2019 07:23:00 AM","Stabbing","OBCC"
"95976","09/07/2017 08:05:00 PM","Slashing",
"96088","09/11/2017 08:55:00 AM","Slashing",
"96170","09/13/2017 10:38:00 AM","Slashing",
"96302","09/17/2017 06:11:00 AM","Stabbing",
"122126","07/04/2019 04:55:00 PM","Slashing","BKDC"
"96554","09/23/2017 08:20:00 PM","Slashing",
"96785","09/30/2017 04:00:00 AM","Stabbing",
"96798","09/30/2017 12:21:00 PM","Slashing","GRVC"
"96849","10/02/2017 04:18:00 AM","Slashing","AMKC"
"96959","10/04/2017 03:14:00 PM","Slashing","MDC"
"97078","10/07/2017 10:23:00 AM","Slashing","GRVC"
"97197","10/11/2017 08:27:00 AM","Slashing","AMKC"
"97254","10/12/2017 12:39:00 PM","Slashing","MDC"
"97360","10/16/2017 12:15:00 PM","Slashing","MDC"
"97596","10/23/2017 12:05:00 AM","Slashing","GRVC"
"98015","11/02/2017 11:30:00 AM","Slashing","OBCC"
"98323","11/09/2017 10:45:00 PM","Stabbing","AMKC"
"98449","11/13/2017 03:47:00 PM","Slashing","OBCC"
"98516","11/15/2017 06:25:00 AM","Slashing","VCBC"
"98578","11/16/2017 11:50:00 AM","Slashing","OBCC"
"98752","11/21/2017 12:01:00 AM","Slashing","VCBC"
"98781","11/21/2017 06:22:00 PM","Slashing","BKDC"
"98809","11/22/2017 04:02:00 PM","Slashing","GRVC"
"98815","11/22/2017 04:20:00 PM","Slashing","BKDC"
"100050","12/22/2017 11:30:00 PM","Slashing","MDC"
"100170","12/26/2017 05:38:00 PM","Slashing","OBCC"
"99181","12/01/2017 09:08:00 AM","Slashing","GRVC"
"99279","12/03/2017 10:06:00 PM","Slashing","BKDC"
"99361","12/05/2017 07:28:00 PM","Slashing","OBCC"
"99362","12/05/2017 09:07:00 PM","Slashing","OBCC"
"99384","12/06/2017 01:55:00 PM","Stabbing","MDC"
"99471","12/08/2017 12:57:00 AM","Slashing","AMKC"
"99896","12/19/2017 06:15:00 PM","Slashing","MDC"
"99897","12/19/2017 06:45:00 PM","Slashing","BKDC"
"100496","01/03/2018 10:59:00 PM","Slashing","GRVC"
"100660","01/07/2018 04:55:00 PM","Slashing","MDC"
"100725","01/09/2018 08:35:00 AM","Slashing","MDC"
"100816","01/10/2018 08:10:00 PM","Slashing","BKCTS"
"100819","01/10/2018 09:32:00 PM","Slashing","BKDC"
"100948","01/13/2018 07:57:00 PM","Slashing","GMDC"
"100949","01/13/2018 08:16:00 PM","Slashing","BKDC"
"101145","01/18/2018 08:41:00 AM","Slashing","BXCT"
"101236","01/19/2018 06:55:00 PM","Slashing","BKDC"
"101303","01/21/2018 09:30:00 PM","Slashing","RNDC"
"101405","01/24/2018 01:14:00 PM","Slashing","OBCC"
"101638","01/30/2018 09:26:00 AM","Stabbing","AMKC"
"101644","01/30/2018 12:09:00 PM","Stabbing","GMDC"
"101913","02/06/2018 01:02:00 PM","Slashing","RNDC"
"102244","02/14/2018 01:30:00 AM","Slashing","AMKC"
"102455","02/19/2018 04:35:00 PM","Slashing","OBCC"
"102509","02/21/2018 02:23:00 AM","Slashing","EMTC"
"103547","03/19/2018 12:39:00 PM","Stabbing","MDC"
"103662","03/22/2018 03:25:00 PM","Slashing","GRVC"
"103715","03/23/2018 07:44:00 PM","Slashing","OBCC"
"103785","03/26/2018 07:00:00 AM","Slashing","BKDC"
"103817","03/27/2018 12:04:00 AM","Slashing","GRVC"
"103827","03/27/2018 11:34:00 AM","Slashing","AMKC"
"103953","03/30/2018 09:08:00 PM","Slashing","GRVC"
"104046","04/02/2018 08:28:00 PM","Slashing","OBCC"
"104294","04/10/2018 08:59:00 AM","Slashing","OBCC"
"104363","04/11/2018 09:59:00 PM","Slashing","OBCC"
"104489","04/16/2018 12:10:00 AM","Slashing","AMKC"
"104520","04/16/2018 10:10:00 PM","Slashing","AMKC"
"104534","04/17/2018 11:50:00 AM","Slashing","OBCC"
"104575","04/18/2018 12:58:00 PM","Slashing","AMKC"
"104762","04/24/2018 09:49:00 AM","Slashing","AMKC"
"105130","05/04/2018 03:45:00 PM","Slashing","AMKC"
"105388","05/11/2018 08:27:00 PM","Slashing","AMKC"
"105434","05/13/2018 01:08:00 PM","Slashing","OBCC"
"105943","05/27/2018 01:05:00 PM","Slashing","AMKC"
"105958","05/27/2018 08:52:00 PM","Slashing","BKDC"
"106230","06/05/2018 03:26:00 PM","Slashing","MDC"
"106371","06/09/2018 04:55:00 AM","Slashing","OBCC"
"106511","06/13/2018 04:50:00 PM","Slashing","BHPW"
"106606","06/16/2018 10:00:00 PM","Slashing","GRVC"
"107004","06/28/2018 02:06:00 PM","Slashing","OBCC"
"94264","07/19/2017 06:26:00 PM","Slashing","TD"
"95395","08/21/2017 09:28:00 PM","Slashing","OBCC"
"95952","09/07/2017 12:12:00 PM","Slashing","QNCTS"
"96325","09/17/2017 11:18:00 PM","Slashing","OBCC"
"107576","07/13/2018 11:07:00 PM","Slashing","AMKC"
"107816","07/19/2018 07:25:00 AM","Slashing","GRVC"
"108374","08/03/2018 02:46:00 PM","Slashing","OBCC"
"108532","08/06/2018 05:39:00 PM","Slashing","AMKC"
"108536","08/06/2018 09:26:00 PM","Slashing","MDC"
"108758","08/11/2018 11:29:00 AM","Slashing","AMKC"
"108778","08/11/2018 08:28:00 PM","Slashing","VCBC"
"108881","08/14/2018 02:11:00 PM","Slashing","AMKC"
"109093","08/20/2018 12:50:00 AM","Slashing","AMKC"
"109219","08/22/2018 03:14:00 PM","Slashing","BKDC"
"109231","08/22/2018 08:35:00 PM","Slashing","MDC"
"109490","08/29/2018 11:02:00 AM","Slashing","AMKC"
"109596","08/31/2018 08:23:00 PM","Slashing","RNDC"
"109757","09/04/2018 11:01:00 PM","Slashing","VCBC"
"109830","09/06/2018 03:20:00 PM","Stabbing","BKDC"
"109915","09/07/2018 10:17:00 PM","Slashing","MDC"
"110004","09/11/2018 01:46:00 AM","Slashing","BKDC"
"110044","09/11/2018 10:05:00 PM","Slashing","MDC"
"110138","09/14/2018 01:25:00 AM","Slashing","AMKC"
"110999","10/04/2018 12:07:00 PM","Slashing","OBCC"
"111018","10/04/2018 05:05:00 PM","Slashing","RNDC"
"111114","10/06/2018 09:43:00 AM","Slashing","RNDC"
"111191","10/08/2018 07:32:00 PM","Slashing","RNDC"
"111434","10/13/2018 10:21:00 PM","Slashing","MDC"
"111487","10/15/2018 04:14:00 PM","Slashing","BKCTS"
"111770","10/22/2018 08:30:00 PM","Stabbing","MDC"
"111896","10/25/2018 08:23:00 PM","Slashing","GRVC"
"112025","10/28/2018 03:52:00 PM","Stabbing","GRVC"
"112095","10/30/2018 01:02:00 PM","Slashing","OBCC"
"112181","11/01/2018 08:25:00 AM","Slashing","OBCC"
"112433","11/08/2018 09:12:00 AM","Stabbing","OBCC"
"112494","11/09/2018 06:10:00 PM","Slashing","GRVC"
"112590","11/12/2018 07:13:00 PM","Slashing","GRVC"
"112846","11/18/2018 07:27:00 PM","Slashing","BKDC"
"112996","11/22/2018 01:18:00 AM","Slashing","MDC"
"113149","11/26/2018 08:30:00 PM","Slashing","OBCC"
"113152","11/26/2018 08:40:00 PM","Slashing","OBCC"
"113275","11/29/2018 08:35:00 PM","Slashing","OBCC"
"113367","12/01/2018 08:00:00 PM","Slashing","MDC"
"113447","12/03/2018 07:48:00 PM","Slashing","VCBC"
"113551","12/06/2018 10:32:00 AM","Slashing","TD"
"113552","12/06/2018 11:00:00 AM","Slashing","RNDC"
"113574","12/06/2018 07:40:00 PM","Slashing","RNDC"
"113575","12/06/2018 08:55:00 PM","Slashing","GRVC"
"113679","12/09/2018 10:57:00 PM","Slashing","RNDC"
"113746","12/11/2018 10:20:00 AM","Slashing","RNDC"
"113791","12/11/2018 11:51:00 PM","Slashing","RNDC"
"113889","12/13/2018 07:40:00 PM","Slashing","RNDC"
"114003","12/16/2018 05:58:00 PM","Slashing","VCBC"
"114005","12/16/2018 07:15:00 PM","Slashing","OBCC"
"114507","12/28/2018 08:50:00 PM","Slashing","BKDC"
"114510","12/28/2018 09:06:00 PM","Slashing","VCBC"
"114562","12/29/2018 11:05:00 PM","Slashing","EMTC"
"114631","12/31/2018 10:45:00 PM","Stabbing","BKDC"
"114818","01/04/2019 12:14:00 PM","Stabbing","GRVC"
"114821","01/04/2019 12:50:00 PM","Slashing","RNDC"
"114940","01/06/2019 03:20:00 PM","Slashing","RNDC"
"115251","01/12/2019 07:03:00 PM","Slashing","GRVC"
"115328","01/14/2019 04:47:00 PM","Slashing","MDC"
"115697","01/22/2019 07:38:00 PM","Slashing","AMKC"
"115887","01/26/2019 03:34:00 PM","Slashing","GRVC"
"115907","01/27/2019 05:40:00 PM","Slashing","RNDC"
"115954","01/29/2019 01:41:00 AM","Slashing","MDC"
"116055","01/30/2019 07:06:00 PM","Slashing","OBCC"
"116492","02/11/2019 06:49:00 AM","Slashing","OBCC"
"116500","02/11/2019 11:37:00 AM","Slashing","GRVC"
"116508","02/11/2019 02:15:00 PM","Slashing","MDC"
"116841","02/20/2019 03:10:00 PM","Slashing","BKDC"
"117257","03/01/2019 10:15:00 PM","Slashing","GRVC"
"117435","03/06/2019 01:55:00 PM","Slashing","GRVC"
"117508","03/07/2019 09:17:00 PM","Slashing","AMKC"
"117674","03/12/2019 05:11:00 PM","Slashing","HOJC"
"117944","03/19/2019 01:31:00 PM","Slashing","QNCTS"
"118065","03/22/2019 08:06:00 AM","Stabbing","GRVC"
"118171","03/25/2019 08:33:00 PM","Slashing","OBCC"
"118518","04/03/2019 12:26:00 PM","Slashing","RNDC"
"118675","04/06/2019 07:11:00 PM","Slashing","VCBC"
"119150","04/17/2019 09:00:00 PM","Slashing","OBCC"
"119275","04/20/2019 10:00:00 AM","Slashing","AMKC"
"119343","04/22/2019 12:33:00 PM","Slashing","AMKC"
"119421","04/24/2019 08:11:00 AM","Slashing","VCBC"
"119425","04/23/2019 08:06:00 PM","Slashing","OBCC"
"119698","05/01/2019 01:45:00 PM","Slashing","RNDC"
"119714","05/01/2019 09:38:00 PM","Slashing","RNDC"
"119721","05/02/2019 01:48:00 AM","Slashing","GRVC"
"119794","05/04/2019 07:35:00 PM","Slashing","AMKC"
"119812","05/05/2019 01:40:00 PM","Slashing","RNDC"
"119921","05/07/2019 07:23:00 PM","Slashing","OBCC"
"119974","05/09/2019 10:10:00 AM","Slashing","RNDC"
"120047","05/11/2019 06:17:00 PM","Slashing","BKDC"
"120358","05/20/2019 08:05:00 AM","Slashing","RNDC"
"120521","05/24/2019 05:44:00 PM","Slashing","BKDC"
"120641","05/28/2019 05:40:00 PM","Slashing","OBCC"
"120117","05/13/2019 07:12:00 PM","Slashing","VCBC"
"120744","05/31/2019 12:37:00 PM","Slashing","OBCC"
"120823","06/02/2019 05:45:00 PM","Slashing","RNDC"
"120845","06/03/2019 09:12:00 AM","Slashing","OBCC"
"120851","06/03/2019 12:39:00 PM","Slashing","MNCT"
"120895","06/04/2019 09:39:00 AM","Slashing","OBCC"
"120918","06/04/2019 04:40:00 PM","Slashing","VCBC"
"120943","06/04/2019 04:45:00 PM","Slashing","TD"
"120983","06/05/2019 10:36:00 PM","Slashing","AMKC"
"121145","06/08/2019 10:21:00 PM","Slashing","GRVC"
"121450","06/16/2019 01:16:00 PM","Slashing","BKDC"
"121735","06/24/2019 04:56:00 PM","Slashing","BKDC"
"122461","07/13/2019 05:04:00 AM","Stabbing","EMTC"
"122503","07/14/2019 01:35:00 PM","Slashing","GRVC"
"122579","07/16/2019 09:02:00 PM","Stabbing","AMKC"
"122619","07/17/2019 07:50:00 PM","Slashing","OBCC"
"122622","07/17/2019 07:30:00 PM","Slashing","AMKC"
"122705","07/19/2019 02:00:00 PM","Slashing","RNDC"
"122750","07/20/2019 04:46:00 PM","Slashing","BKDC"
"122827","07/23/2019 07:08:00 AM","Slashing","MDC"
"122908","07/25/2019 12:38:00 PM","Slashing","MDC"
"123034","07/28/2019 04:00:00 PM","Slashing","RNDC"
"123096","07/30/2019 09:32:00 AM","Slashing","NIC"
"122747","07/20/2019 02:17:00 PM","Stabbing","AMKC"
"123679","08/13/2019 10:00:00 PM","Slashing","GRVC"
"123873","08/18/2019 02:00:00 PM","Slashing","GRVC"
"124120","08/23/2019 07:35:00 PM","Slashing","GRVC"
"124167","08/24/2019 10:20:00 PM","Slashing","OBCC"
"124238","08/26/2019 10:16:00 PM","Slashing","AMKC"
"124256","08/27/2019 05:17:00 PM","Stabbing","GRVC"
"124487","09/02/2019 04:40:00 PM","Slashing","GRVC"
"124695","09/07/2019 05:06:00 PM","Slashing","AMKC"
"124744","09/08/2019 08:10:00 PM","Slashing","OBCC"
"124818","09/10/2019 10:11:00 PM","Slashing","OBCC"
"125006","09/13/2019 03:18:00 PM","Slashing","MDC"
"125014","09/13/2019 05:35:00 PM","Stabbing","VCBC"
"125043","09/14/2019 01:17:00 PM","Stabbing","EMTC"
"125213","09/18/2019 12:01:00 PM","Slashing","TD"
"125267","09/19/2019 01:55:00 PM","Slashing","AMKC"
"125363","09/21/2019 11:15:00 AM","Slashing","GRVC"
"125387","09/22/2019 10:35:00 AM","Slashing","OBCC"
"125436","09/23/2019 05:35:00 PM","Stabbing","GRVC"
"125539","09/25/2019 11:42:00 AM","Stabbing","MDC"
"125625","09/26/2019 06:08:00 PM","Slashing","MDC"
"126027","10/05/2019 03:03:00 PM","Slashing","AMKC"
"126273","10/10/2019 08:49:00 PM","Slashing","GRVC"
"126426","10/14/2019 09:55:00 PM","Slashing","OBCC"
"126590","10/17/2019 08:45:00 PM","Stabbing","MDC"
"126645","10/18/2019 10:21:00 PM","Slashing","GRVC"
"126799","10/22/2019 11:06:00 PM","Slashing","MDC"
"127101","10/29/2019 08:17:00 PM","Stabbing","AMKC"
"127271","11/02/2019 04:51:00 PM","Slashing","MDC"
"127362","11/05/2019 02:15:00 AM","Slashing","GRVC"
"127380","11/05/2019 02:04:00 PM","Slashing","AMKC"
"127570","11/09/2019 12:27:00 PM","Slashing","AMKC"
"127615","11/10/2019 02:36:00 PM","Slashing","OBCC"
"127742","11/12/2019 10:30:00 PM","Stabbing","MDC"
"127789","11/13/2019 03:10:00 PM","Stabbing","GRVC"
"127806","11/13/2019 09:42:00 PM","Slashing","OBCC"
"127858","11/14/2019 07:32:00 PM","Slashing","OBCC"
"127862","11/14/2019 08:55:00 PM","Slashing","AMKC"
"127909","11/15/2019 04:26:00 PM","Slashing","OBCC"
"127965","11/16/2019 08:56:00 PM","Slashing","GRVC"
"128156","11/20/2019 08:35:00 PM","Slashing","AMKC"
"128212","11/21/2019 06:43:00 PM","Slashing","TD"
"128513","11/28/2019 04:19:00 PM","Slashing","GRVC"
"128742","12/05/2019 08:09:00 AM","Slashing","GRVC"
"128829","12/06/2019 10:37:00 PM","Slashing","AMKC"
"128871","12/08/2019 01:53:00 PM","Slashing","OBCC"
"129014","12/10/2019 09:40:00 PM","Slashing","MDC"
"129067","12/11/2019 11:33:00 PM","Slashing","AMKC"
"129209","12/15/2019 12:55:00 PM","Stabbing","MDC"
"134023","04/06/2020 07:42:00 PM","Stabbing","AMKC"
"129702","12/27/2019 02:17:00 PM","Stabbing","AMKC"
"129715","12/27/2019 05:20:00 PM","Slashing","AMKC"
"134091","04/08/2020 10:16:00 PM","Slashing","OBCC"
"129887","01/01/2020 11:29:00 AM","Slashing","AMKC"
"129999","01/03/2020 06:41:00 PM","Slashing","GRVC"
"130026","01/04/2020 12:06:00 PM","Slashing","NIC"
"130181","01/08/2020 11:43:00 AM","Slashing","RNDC"
"124440","08/31/2019 10:30:00 PM","Slashing","OBCC"
"130312","01/11/2020 10:37:00 AM","Slashing","AMKC"
"130579","01/17/2020 10:45:00 PM","Slashing","GRVC"
"130687","01/21/2020 01:01:00 PM","Slashing","MDC"
"130903","01/25/2020 09:27:00 AM","Slashing","MDC"
"130946","01/26/2020 11:32:00 AM","Slashing","RNDC"
"129320","12/17/2019 10:10:00 PM","Slashing","RNDC"
"129752","12/28/2019 07:56:00 PM","Slashing","MDC"
"131147","01/30/2020 05:53:00 PM","Slashing","GRVC"
"131287","02/03/2020 06:01:00 PM","Slashing","GRVC"
"131432","02/06/2020 07:25:00 AM","Slashing","MDC"
"131465","02/06/2020 08:12:00 PM","Slashing","OBCC"
"131509","02/07/2020 02:15:00 PM","Slashing","GRVC"
"132068","02/22/2020 08:58:00 AM","Slashing","AMKC"
"132461","03/02/2020 04:37:00 PM","Slashing","VCBC"
"132573","03/04/2020 04:23:00 PM","Slashing","GRVC"
"132727","03/07/2020 07:48:00 AM","Slashing","RNDC"
"132819","03/09/2020 05:42:00 PM","Slashing","GRVC"
"132970","03/12/2020 09:59:00 AM","Slashing","AMKC"
"133002","03/12/2020 08:14:00 PM","Slashing","VCBC"
"133240","03/17/2020 05:27:00 PM","Slashing","OBCC"
"133788","03/30/2020 10:54:00 PM","Slashing","GRVC"
"133937","04/03/2020 11:04:00 PM","Slashing","AMKC"
"134199","04/13/2020 06:00:00 PM","Slashing","AMKC"
"133473","03/23/2020 12:30:00 PM","Slashing","RNDC"
"133482","03/23/2020 06:40:00 PM","Stabbing","GRVC"
"133569","03/25/2020 10:46:00 AM","Slashing","GRVC"
"133639","03/27/2020 08:19:00 AM","Slashing","GRVC"
"133718","03/28/2020 10:10:00 PM","Slashing","OBCC"
"134663","05/02/2020 09:38:00 PM","Stabbing","GRVC"
"134226","04/15/2020 10:43:00 AM","Slashing","GRVC"
"134511","04/26/2020 05:45:00 PM","Slashing","GRVC"
"134575","04/28/2020 07:41:00 PM","Stabbing","OBCC"
"134769","05/06/2020 06:53:00 PM","Slashing","OBCC"
"134803","05/07/2020 06:15:00 PM","Stabbing","GRVC"
"135589","06/03/2020 12:53:00 PM","Slashing","GRVC"
"135832","06/11/2020 01:16:00 PM","Slashing","AMKC"
"135908","06/13/2020 11:23:00 AM","Stabbing","GRVC"
"135912","06/13/2020 03:44:00 PM","Stabbing","AMKC"
"135977","06/16/2020 12:59:00 AM","Stabbing","GRVC"
"136026","06/17/2020 12:54:00 PM","Slashing","OBCC"
"136116","06/19/2020 08:40:00 PM","Slashing","AMKC"
"136119","06/19/2020 09:55:00 PM","Slashing","AMKC"
"136214","06/23/2020 07:56:00 AM","Slashing","OBCC"
"136344","06/26/2020 02:25:00 PM","Slashing","OBCC"
"136366","06/27/2020 11:17:00 AM","Slashing","AMKC"
"136411","06/28/2020 10:45:00 PM","Slashing","RNDC"
"134835","05/08/2020 06:37:00 PM","Slashing","OBCC"
"134994","05/14/2020 04:24:00 PM","Stabbing","GRVC"
"135186","05/21/2020 09:51:00 AM","Slashing","OBCC"
"135267","05/23/2020 02:41:00 PM","Slashing","GRVC"
"135171","05/20/2020 08:00:00 PM","Slashing","RNDC"
"136424","06/29/2020 12:59:00 PM","Slashing","AMKC"
"136489","07/01/2020 01:56:00 PM","Slashing","AMKC"
"136639","07/06/2020 04:45:00 PM","Stabbing","AMKC"
"136658","07/07/2020 10:45:00 AM","Stabbing","GRVC"
"136736","07/08/2020 10:05:00 PM","Slashing","AMKC"
"136747","07/09/2020 07:21:00 AM","Slashing","GRVC"
"136752","07/09/2020 12:05:00 PM","Slashing","GRVC"
"136768","07/09/2020 02:34:00 PM","Slashing","RNDC"
"137114","07/17/2020 06:05:00 PM","Stabbing","AMKC"
"137130","07/18/2020 07:28:00 AM","Slashing","RNDC"
"137179","07/20/2020 10:34:00 PM","Stabbing","MDC"
"137466","07/28/2020 02:03:00 PM","Slashing","OBCC"
"137744","08/04/2020 11:48:00 AM","Slashing","NIC"
"137988","08/10/2020 08:50:00 PM","Stabbing","AMKC"
"138310","08/18/2020 05:20:00 PM","Slashing","OBCC"
"138355","08/19/2020 04:15:00 PM","Slashing","RNDC"
"138447","08/21/2020 12:52:00 PM","Slashing","GRVC"
"138625","08/26/2020 11:35:00 AM","Slashing","AMKC"
"135541","06/01/2020 11:29:00 PM","Stabbing","VCBC"
"138850","09/01/2020 09:40:00 AM","Slashing","OBCC"
"138871","09/01/2020 11:53:00 AM","Stabbing","AMKC"
"139076","09/08/2020 12:41:00 AM","Slashing","GRVC"
"139159","09/09/2020 11:02:00 AM","Slashing","AMKC"
"139360","09/14/2020 10:17:00 AM","Slashing","GRVC"
"139404","09/15/2020 10:38:00 AM","Slashing","AMKC"
"139428","09/15/2020 06:54:00 PM","Slashing","GRVC"
"139841","09/25/2020 12:03:00 AM","Stabbing","AMKC"
"139975","09/29/2020 11:49:00 AM","Stabbing","AMKC"
"138259","08/17/2020 12:45:00 PM","Slashing","MDC"
"140143","10/02/2020 06:26:00 PM","Slashing","GRVC"
"140167","10/03/2020 12:59:00 PM","Stabbing","GRVC"
"140396","10/09/2020 08:58:00 PM","Slashing","AMKC"
"140442","10/11/2020 02:41:00 PM","Stabbing","GRVC"
"140657","10/16/2020 12:40:00 PM","Slashing","AMKC"
"140659","10/16/2020 01:00:00 PM","Stabbing","RNDC"
"140693","10/17/2020 09:06:00 AM","Stabbing","OBCC"
"140879","10/21/2020 07:02:00 PM","Slashing","VCBC"
"141007","10/23/2020 07:30:00 PM","Slashing","GRVC"
"83301","09/14/2016 03:32:00 PM","Slashing","BXCT"
"83454","09/19/2016 03:50:00 PM","Stabbing","MDC"
"141318","10/30/2020 10:52:00 PM","Stabbing","AMKC"
"140841","10/20/2020 09:19:00 PM","Stabbing","GRVC"
"140888","10/21/2020 08:52:00 PM","Slashing","GRVC"
"140938","10/22/2020 07:36:00 PM","Slashing","GRVC"
"145028","01/25/2021 07:54:00 AM","Slashing","OBCC"
"141097","10/26/2020 12:28:00 PM","Slashing","OBCC"
"141162","10/27/2020 09:25:00 PM","Slashing","GRVC"
"141177","10/28/2020 08:14:00 AM","Slashing","GRVC"
"141413","11/02/2020 10:50:00 PM","Stabbing","AMKC"
"141415","11/02/2020 11:30:00 PM","Slashing","GRVC"
"141622","11/07/2020 12:51:00 PM","Slashing","AMKC"
"141697","11/09/2020 11:23:00 AM","Stabbing","VCBC"
"141719","11/09/2020 06:23:00 PM","Stabbing","GRVC"
"141779","11/10/2020 09:10:00 AM","Stabbing","GRVC"
"141796","11/10/2020 01:18:00 PM","Slashing","GRVC"
"141877","11/12/2020 08:52:00 AM","Slashing","AMKC"
"141906","11/12/2020 09:32:00 PM","Slashing","VCBC"
"142054","11/17/2020 09:07:00 AM","Stabbing","GRVC"
"142064","11/17/2020 12:07:00 PM","Slashing","GRVC"
"142335","11/23/2020 03:14:00 AM","Slashing","EMTC"
"142855","12/04/2020 11:06:00 PM","Slashing","RNDC"
"142946","12/07/2020 10:54:00 AM","Stabbing","AMKC"
"142977","12/07/2020 08:39:00 PM","Slashing","RNDC"
"145175","01/27/2021 03:20:00 PM","Slashing","GRVC"
"143180","12/12/2020 12:35:00 PM","Slashing","RNDC"
"143450","12/18/2020 01:26:00 PM","Slashing","AMKC"
"143601","12/21/2020 02:20:00 PM","Stabbing","RNDC"
"143651","12/22/2020 07:51:00 PM","Slashing","RNDC"
"143945","12/30/2020 07:00:00 PM","Stabbing","OBCC"
"143949","12/30/2020 08:10:00 PM","Slashing","AMKC"
"144016","01/01/2021 07:53:00 AM","Slashing","OBCC"
"144050","01/02/2021 11:24:00 AM","Stabbing","RNDC"
"144057","01/02/2021 02:05:00 PM","Slashing","OBCC"
"144142","01/04/2021 10:50:00 AM","Slashing","AMKC"
"144204","01/05/2021 07:52:00 PM","Stabbing","AMKC"
"144244","01/06/2021 08:44:00 PM","Slashing","OBCC"
"144536","01/13/2021 02:50:00 PM","Stabbing","OBCC"
"144940","01/22/2021 08:25:00 PM","Stabbing","AMKC"
"150499","05/03/2021 11:27:00 AM","Slashing","GRVC"
"155678","08/02/2021 01:08:00 PM","Stabbing","RNDC"
"145950","02/12/2021 10:37:00 AM","Slashing","OBCC"
"150634","05/05/2021 02:42:00 PM","Slashing","RNDC"
"150663","05/05/2021 08:33:00 PM","Slashing","AMKC"
"146198","02/17/2021 06:47:00 PM","Slashing","OBCC"
"150743","05/07/2021 07:20:00 AM","Stabbing","AMKC"
"145287","01/29/2021 01:24:00 PM","Slashing","AMKC"
"145298","01/29/2021 02:30:00 PM","Slashing","OBCC"
"145340","01/30/2021 01:21:00 PM","Slashing","OBCC"
"145349","01/30/2021 05:03:00 PM","Stabbing","OBCC"
"145500","02/02/2021 10:18:00 PM","Stabbing","AMKC"
"145580","02/04/2021 07:08:00 PM","Stabbing","AMKC"
"145666","02/06/2021 08:00:00 PM","Slashing","AMKC"
"155698","08/02/2021 01:35:00 PM","Slashing","GRVC"
"145668","02/06/2021 08:28:00 PM","Stabbing","GRVC"
"145704","02/07/2021 07:27:00 PM","Stabbing","AMKC"
"145808","02/09/2021 11:08:00 PM","Slashing","GRVC"
"145991","02/13/2021 12:48:00 AM","Slashing","RNDC"
"146023","02/13/2021 08:43:00 PM","Stabbing","VCBC"
"146093","02/16/2021 01:12:00 AM","Slashing","AMKC"
"150758","05/07/2021 03:05:00 PM","Stabbing","RNDC"
"150763","05/07/2021 03:56:00 PM","Slashing","AMKC"
"150780","05/07/2021 07:42:00 PM","Slashing","RNDC"
"150828","05/08/2021 03:30:00 PM","Stabbing","RNDC"
"150865","05/09/2021 10:55:00 PM","Slashing","GRVC"
"150901","05/10/2021 07:15:00 PM","Stabbing","AMKC"
"150917","05/10/2021 11:02:00 PM","Stabbing","GRVC"
"150919","05/11/2021 01:09:00 AM","Slashing","RNDC"
"150967","05/11/2021 04:30:00 PM","Slashing","VCBC"
"150982","05/11/2021 10:00:00 PM","Stabbing","RNDC"
"146178","02/17/2021 11:20:00 AM","Stabbing","OBCC"
"146627","02/24/2021 10:38:00 PM","Stabbing","OBCC"
"149041","04/07/2021 09:51:00 AM","Stabbing","RNDC"
"146840","03/01/2021 02:18:00 PM","Stabbing","RNDC"
"147004","03/04/2021 10:00:00 AM","Slashing","OBCC"
"147021","03/04/2021 02:56:00 PM","Stabbing","GRVC"
"147091","03/05/2021 05:42:00 PM","Slashing","AMKC"
"147116","03/06/2021 06:59:00 AM","Stabbing","RNDC"
"147128","03/06/2021 02:17:00 PM","Slashing","GRVC"
"146220","02/18/2021 06:45:00 AM","Stabbing","OBCC"
"146301","02/19/2021 05:12:00 PM","Slashing","RNDC"
"146372","02/20/2021 11:00:00 PM","Stabbing","OBCC"
"146389","02/21/2021 01:09:00 PM","Slashing","EMTC"
"146465","02/22/2021 11:30:00 PM","Slashing","AMKC"
"146553","02/23/2021 10:55:00 PM","Slashing","RNDC"
"147271","03/09/2021 03:50:00 AM","Slashing","OBCC"
"147276","03/09/2021 07:55:00 AM","Stabbing","EMTC"
"147601","03/13/2021 08:13:00 PM","Slashing","OBCC"
"147643","03/14/2021 10:22:00 PM","Slashing","OBCC"
"147645","03/14/2021 09:52:00 PM","Stabbing","GRVC"
"147928","03/19/2021 01:15:00 PM","Slashing","AMKC"
"147960","03/19/2021 12:10:00 PM","Stabbing","RNDC"
"148088","03/22/2021 12:27:00 PM","Slashing","RNDC"
"148105","03/22/2021 01:15:00 PM","Slashing","AMKC"
"148225","03/24/2021 09:30:00 AM","Stabbing","GRVC"
"148236","03/24/2021 01:34:00 PM","Slashing","RNDC"
"148286","03/25/2021 09:52:00 AM","Stabbing","EMTC"
"148292","03/25/2021 12:29:00 PM","Slashing","RNDC"
"148312","03/25/2021 05:37:00 PM","Stabbing","GRVC"
"148391","03/26/2021 05:58:00 PM","Slashing","RNDC"
"148432","03/27/2021 11:24:00 AM","Slashing","RNDC"
"148520","03/29/2021 07:29:00 AM","Slashing","OBCC"
"148566","03/30/2021 07:05:00 AM","Slashing","OBCC"
"147181","03/07/2021 02:11:00 PM","Stabbing","OBCC"
"148628","03/31/2021 02:08:00 PM","Stabbing","GRVC"
"148727","04/02/2021 12:08:00 AM","Slashing","RNDC"
"148798","04/02/2021 11:53:00 PM","Slashing","RNDC"
"148799","04/02/2021 10:16:00 PM","Stabbing","GRVC"
"148814","04/03/2021 07:05:00 AM","Slashing","GRVC"
"148890","04/04/2021 06:00:00 PM","Slashing","AMKC"
"148897","04/04/2021 09:22:00 PM","Stabbing","AMKC"
"148898","04/04/2021 10:00:00 PM","Slashing","RNDC"
"148977","04/06/2021 10:00:00 AM","Stabbing","RNDC"
"148984","04/06/2021 11:42:00 AM","Slashing","RNDC"
"147171","03/07/2021 08:00:00 AM","Slashing","OBCC"
"149042","04/07/2021 10:53:00 AM","Slashing","RNDC"
"149056","04/07/2021 03:31:00 PM","Stabbing","RNDC"
"149162","04/08/2021 02:05:00 PM","Slashing","OBCC"
"149357","04/12/2021 10:05:00 PM","Stabbing","RNDC"
"149399","04/13/2021 03:17:00 PM","Slashing","GRVC"
"149462","04/14/2021 04:45:00 PM","Stabbing","AMKC"
"149535","04/15/2021 05:37:00 PM","Stabbing","GRVC"
"149547","04/15/2021 09:47:00 PM","Stabbing","OBCC"
"149565","04/16/2021 07:00:00 AM","Slashing","EMTC"
"149582","04/16/2021 01:30:00 PM","Slashing","OBCC"
"149593","04/16/2021 03:15:00 PM","Slashing","GRVC"
"149667","04/17/2021 07:25:00 PM","Slashing","RNDC"
"149760","04/19/2021 10:18:00 PM","Slashing","RNDC"
"149827","04/20/2021 08:26:00 PM","Slashing","GRVC"
"149833","04/20/2021 03:00:00 AM","Stabbing","GRVC"
"149848","04/21/2021 12:31:00 PM","Slashing","AMKC"
"149898","04/22/2021 02:25:00 AM","Slashing","RNDC"
"149949","04/22/2021 09:32:00 PM","Stabbing","RNDC"
"155779","08/04/2021 09:18:00 AM","Stabbing","RNDC"
"150017","04/24/2021 08:35:00 AM","Stabbing","GRVC"
"150034","04/24/2021 03:50:00 PM","Slashing","GRVC"
"150082","04/25/2021 11:15:00 AM","Stabbing","RNDC"
"150105","04/25/2021 08:44:00 PM","Slashing","OBCC"
"150127","04/26/2021 01:35:00 PM","Slashing","GRVC"
"150202","04/27/2021 02:23:00 PM","Slashing","AMKC"
"150987","05/12/2021 12:46:00 AM","Slashing","GRVC"
"151001","05/12/2021 07:33:00 AM","Slashing","RNDC"
"151015","05/12/2021 11:46:00 AM","Slashing","GRVC"
"151049","05/12/2021 06:28:00 PM","Stabbing","AMKC"
"151120","05/13/2021 06:55:00 PM","Stabbing","AMKC"
"151168","05/14/2021 02:39:00 PM","Slashing","GRVC"
"151173","05/14/2021 04:48:00 PM","Slashing","GRVC"
"151186","05/14/2021 08:17:00 PM","Slashing","RNDC"
"151229","05/15/2021 09:14:00 AM","Slashing","NIC"
"151287","05/16/2021 11:25:00 AM","Stabbing","AMKC"
"148701","04/01/2021 04:30:00 PM","Stabbing","RNDC"
"150271","04/28/2021 11:45:00 AM","Slashing","AMKC"
"150292","04/28/2021 07:40:00 PM","Slashing","RNDC"
"151314","05/17/2021 08:17:00 AM","Stabbing","EMTC"
"151387","05/18/2021 03:05:00 PM","Slashing","GRVC"
"151388","05/18/2021 04:05:00 PM","Slashing","AMKC"
"151483","05/20/2021 08:29:00 AM","Stabbing","AMKC"
"151549","05/20/2021 11:35:00 PM","Slashing","GRVC"
"151601","05/22/2021 01:31:00 AM","Slashing","RNDC"
"151688","05/23/2021 08:23:00 PM","Stabbing","OBCC"
"151689","05/23/2021 09:20:00 PM","Stabbing","AMKC"
"151806","05/25/2021 10:40:00 PM","Slashing","AMKC"
"151823","05/26/2021 06:00:00 AM","Stabbing","OBCC"
"151892","05/27/2021 01:08:00 PM","Slashing","RNDC"
"151936","05/28/2021 10:41:00 AM","Stabbing","RNDC"
"152058","05/30/2021 02:12:00 PM","Slashing","AMKC"
"149982","04/23/2021 04:57:00 PM","Stabbing","GRVC"
"151974","05/28/2021 06:35:00 PM","Stabbing","RNDC"
"152097","05/31/2021 11:24:00 AM","Slashing","RNDC"
"152130","06/01/2021 12:42:00 AM","Slashing","OBCC"
"152204","06/01/2021 01:46:00 PM","Stabbing","RNDC"
"152241","06/02/2021 02:02:00 PM","Slashing","VCBC"
"152250","06/02/2021 07:35:00 PM","Slashing","GRVC"
"152272","06/02/2021 04:57:00 PM","Stabbing","AMKC"
"152367","06/04/2021 02:34:00 PM","Stabbing","GRVC"
"152515","06/07/2021 04:08:00 PM","Stabbing","GRVC"
"152540","06/07/2021 04:50:00 PM","Slashing","OBCC"
"152560","06/08/2021 09:00:00 AM","Slashing","RNDC"
"152644","06/09/2021 12:29:00 PM","Stabbing","AMKC"
"152645","06/09/2021 12:23:00 PM","Stabbing","GRVC"
"152806","06/11/2021 05:15:00 PM","Slashing","GRVC"
"150500","05/03/2021 11:55:00 AM","Stabbing","GRVC"
"150750","05/07/2021 11:30:00 AM","Slashing","AMKC"
"152002","05/29/2021 09:36:00 AM","Slashing","RNDC"
"152844","06/12/2021 11:09:00 AM","Stabbing","GRVC"
"152952","06/14/2021 04:15:00 AM","Slashing","RNDC"
"152956","06/14/2021 08:09:00 AM","Slashing","OBCC"
"152982","06/14/2021 02:50:00 PM","Slashing","AMKC"
"153084","06/15/2021 11:33:00 PM","Slashing","GRVC"
"153134","06/16/2021 02:02:00 PM","Slashing","RNDC"
"153191","06/17/2021 12:28:00 PM","Slashing","OBCC"
"153195","06/17/2021 02:06:00 PM","Stabbing","RNDC"
"153244","06/18/2021 08:39:00 AM","Stabbing","GRVC"
"153265","06/18/2021 04:46:00 PM","Slashing","RNDC"
"153285","06/18/2021 08:47:00 PM","Stabbing","AMKC"
"153288","06/19/2021 12:27:00 AM","Stabbing","RNDC"
"153295","06/19/2021 04:29:00 AM","Stabbing","AMKC"
"153320","06/19/2021 10:42:00 AM","Slashing","NIC"
"153406","06/20/2021 11:29:00 PM","Slashing","OBCC"
"153452","06/21/2021 07:49:00 PM","Stabbing","RNDC"
"153485","06/22/2021 02:30:00 PM","Slashing","OBCC"
"152894","06/13/2021 11:11:00 AM","Stabbing","GRVC"
"153745","06/26/2021 03:30:00 PM","Stabbing","RNDC"
"153757","06/26/2021 10:43:00 PM","Slashing","VCBC"
"153788","06/27/2021 02:05:00 PM","Stabbing","GRVC"
"153805","06/28/2021 01:22:00 AM","Stabbing","RNDC"
"153885","06/29/2021 05:34:00 PM","Stabbing","VCBC"
"153892","06/29/2021 08:17:00 PM","Stabbing","GRVC"
"153592","06/24/2021 06:10:00 AM","Stabbing","RNDC"
"153869","06/29/2021 11:38:00 AM","Slashing","OBCC"
"154023","07/01/2021 06:25:00 PM","Slashing","AMKC"
"152283","06/03/2021 12:57:00 AM","Slashing","GRVC"
"153113","06/16/2021 10:49:00 AM","Stabbing","RNDC"
"153663","06/25/2021 12:40:00 PM","Stabbing","RNDC"
"154089","07/03/2021 01:17:00 AM","Slashing","AMKC"
"154133","07/03/2021 06:28:00 PM","Slashing","GRVC"
"154138","07/03/2021 09:15:00 PM","Slashing","AMKC"
"154194","07/05/2021 02:45:00 AM","Slashing","RNDC"
"154246","07/06/2021 12:47:00 AM","Slashing","AMKC"
"154304","07/06/2021 11:24:00 PM","Slashing","GRVC"
"154376","07/08/2021 01:11:00 AM","Stabbing","GRVC"
"154420","07/08/2021 07:23:00 PM","Slashing","NIC"
"161562","11/29/2021 11:27:00 PM","Stabbing","GRVC"
"154522","07/10/2021 01:01:00 PM","Slashing","RNDC"
"154082","07/02/2021 09:55:00 PM","Stabbing","GRVC"
"155783","08/04/2021 10:51:00 AM","Stabbing","RNDC"
"155787","08/04/2021 12:07:00 PM","Stabbing","OBCC"
"155884","08/05/2021 04:59:00 PM","Stabbing","NIC"
"155900","08/06/2021 11:55:00 AM","Slashing","AMKC"
"155952","08/07/2021 08:25:00 AM","Slashing","RNDC"
"155960","08/07/2021 01:20:00 PM","Stabbing","AMKC"
"161614","12/01/2021 01:58:00 AM","Slashing","RNDC"
"154540","07/10/2021 08:18:00 PM","Slashing","GRVC"
"154578","07/11/2021 09:57:00 PM","Slashing","AMKC"
"154624","07/12/2021 09:40:00 PM","Slashing","RNDC"
"154663","07/13/2021 02:48:00 PM","Slashing","GRVC"
"154724","07/14/2021 04:50:00 PM","Stabbing","GRVC"
"154852","07/16/2021 05:42:00 PM","Stabbing","GRVC"
"154903","07/17/2021 04:00:00 PM","Stabbing","GRVC"
"154937","07/18/2021 02:46:00 PM","Stabbing","NIC"
"155163","07/22/2021 07:10:00 PM","Slashing","AMKC"
"155277","07/25/2021 01:11:00 PM","Slashing","VCBC"
"155306","07/26/2021 11:17:00 AM","Slashing","RNDC"
"155331","07/26/2021 08:27:00 PM","Slashing","RNDC"
"155357","07/27/2021 10:51:00 AM","Stabbing","QNCTS"
"154461","07/09/2021 08:05:00 AM","Slashing","AMKC"
"155337","07/26/2021 09:50:00 PM","Stabbing","AMKC"
"155508","07/29/2021 08:00:00 PM","Slashing","RNDC"
"155528","07/30/2021 07:15:00 AM","Stabbing","AMKC"
"156004","08/08/2021 01:27:00 PM","Slashing","AMKC"
"156013","08/08/2021 06:46:00 PM","Stabbing","GRVC"
"156017","08/08/2021 08:57:00 PM","Slashing","GRVC"
"156059","08/09/2021 06:15:00 PM","Slashing","RNDC"
"156237","08/12/2021 09:41:00 PM","Slashing","AMKC"
"156295","08/13/2021 07:27:00 PM","Slashing","AMKC"
"156341","08/14/2021 11:15:00 PM","Stabbing","GRVC"
"156362","08/15/2021 01:17:00 PM","Slashing","OBCC"
"156384","08/16/2021 06:36:00 AM","Slashing","RNDC"
"156404","08/16/2021 04:22:00 PM","Stabbing","RNDC"
"156411","08/16/2021 01:55:00 PM","Slashing","OBCC"
"156551","08/19/2021 11:16:00 AM","Slashing","OBCC"
"156592","08/19/2021 10:32:00 PM","Slashing","OBCC"
"156600","08/20/2021 01:17:00 AM","Slashing","AMKC"
"156698","08/22/2021 12:28:00 AM","Stabbing","VCBC"
"156709","08/22/2021 11:15:00 AM","Slashing","AMKC"
"156711","08/22/2021 12:06:00 PM","Stabbing","GRVC"
"156734","08/22/2021 07:30:00 PM","Stabbing","OBCC"
"155999","08/08/2021 12:44:00 PM","Stabbing","RNDC"
"156841","08/24/2021 09:25:00 PM","Slashing","OBCC"
"156920","08/26/2021 12:42:00 PM","Slashing","RNDC"
"156993","08/27/2021 01:00:00 AM","Slashing","RNDC"
"157006","08/28/2021 01:08:00 PM","Slashing","AMKC"
"156790","08/24/2021 02:08:00 AM","Stabbing","NIC"
"157018","08/29/2021 12:19:00 AM","Slashing","AMKC"
"157043","08/29/2021 06:33:00 PM","Slashing","RNDC"
"157090","08/30/2021 05:38:00 PM","Slashing","RNDC"
"157108","08/30/2021 07:42:00 PM","Slashing","RNDC"
"157136","08/31/2021 11:06:00 AM","Stabbing","AMKC"
"157010","08/28/2021 02:54:00 PM","Stabbing","VCBC"
"157184","09/01/2021 09:23:00 AM","Stabbing","OBCC"
"157192","09/01/2021 11:51:00 AM","Stabbing","AMKC"
"157198","09/01/2021 12:45:00 PM","Stabbing","RNDC"
"157233","09/01/2021 09:16:00 PM","Slashing","OBCC"
"157263","09/02/2021 11:53:00 AM","Slashing","NIC"
"157277","09/02/2021 10:44:00 PM","Slashing","RNDC"
"157379","09/05/2021 07:19:00 AM","Stabbing","RNDC"
"157382","09/05/2021 10:08:00 AM","Stabbing","AMKC"
"157424","09/06/2021 04:30:00 PM","Stabbing","RNDC"
"157172","09/01/2021 03:28:00 AM","Stabbing","RNDC"
"157635","09/09/2021 08:21:00 PM","Slashing","OBCC"
"157636","09/09/2021 10:53:00 PM","Slashing","RNDC"
"157671","09/10/2021 01:55:00 PM","Slashing","RNDC"
"157747","09/11/2021 01:51:00 PM","Slashing","GRVC"
"161625","12/01/2021 12:12:00 PM","Stabbing","GRVC"
"157977","09/16/2021 03:23:00 AM","Stabbing","GRVC"
"161618","12/01/2021 10:07:00 AM","Stabbing","RNDC"
"158063","09/17/2021 11:56:00 AM","Stabbing","RNDC"
"158154","09/19/2021 08:59:00 AM","Stabbing","OBCC"
"157600","09/09/2021 12:32:00 PM","Stabbing","RNDC"
"157365","09/04/2021 07:10:00 PM","Slashing","OBCC"
"157422","09/06/2021 03:49:00 PM","Slashing","RNDC"
"157492","09/07/2021 07:56:00 PM","Slashing","GRVC"
"157568","09/08/2021 09:05:00 PM","Slashing","RNDC"
"157571","09/08/2021 08:49:00 PM","Slashing","GRVC"
"157619","09/09/2021 05:30:00 PM","Slashing","RNDC"
"161692","12/02/2021 07:15:00 PM","Slashing","RNDC"
"165292","02/28/2022 01:20:00 PM","Slashing","RNDC"
"161683","12/02/2021 05:06:00 PM","Stabbing","RNDC"
"161845","12/07/2021 05:07:00 PM","Stabbing","AMKC"
"161909","12/08/2021 08:59:00 PM","Slashing","GRVC"
"161815","12/06/2021 09:56:00 PM","Stabbing","AMKC"
"165313","02/28/2022 07:28:00 PM","Slashing","RNDC"
"165336","03/01/2022 11:41:00 AM","Stabbing","OBCC"
"158182","09/19/2021 06:22:00 PM","Stabbing","RNDC"
"158264","09/21/2021 11:35:00 AM","Slashing","RNDC"
"158297","09/21/2021 06:09:00 PM","Stabbing","RNDC"
"158435","09/23/2021 04:00:00 PM","Stabbing","OBCC"
"158462","09/24/2021 03:12:00 AM","Stabbing","OBCC"
"158604","09/26/2021 09:52:00 PM","Slashing","NIC"
"158632","09/27/2021 03:48:00 PM","Slashing","GRVC"
"158644","09/27/2021 08:07:00 PM","Slashing","VCBC"
"158757","09/29/2021 03:15:00 PM","Stabbing","RNDC"
"158495","09/24/2021 08:04:00 PM","Stabbing","AMKC"
"158784","09/30/2021 12:08:00 AM","Stabbing","RNDC"
"158768","09/29/2021 08:35:00 PM","Slashing","NIC"
"158819","09/30/2021 03:25:00 PM","Stabbing","OBCC"
"158832","09/30/2021 09:48:00 PM","Slashing","NIC"
"158836","09/30/2021 08:12:00 PM","Slashing","AMKC"
"158878","10/01/2021 07:48:00 PM","Slashing","GRVC"
"157890","09/14/2021 05:44:00 PM","Stabbing","AMKC"
"157949","09/15/2021 09:02:00 PM","Slashing","OBCC"
"157957","09/15/2021 10:59:00 PM","Slashing","AMKC"
"158037","09/16/2021 06:44:00 PM","Slashing","VCBC"
"158293","09/21/2021 05:55:00 PM","Stabbing","OBCC"
"158308","09/21/2021 09:58:00 PM","Slashing","NIC"
"158476","09/24/2021 02:07:00 PM","Slashing","OBCC"
"158498","09/24/2021 09:12:00 PM","Slashing","GRVC"
"158499","09/24/2021 08:51:00 PM","Slashing","RNDC"
"158593","09/26/2021 02:17:00 PM","Stabbing","OBCC"
"158686","09/28/2021 05:03:00 PM","Stabbing","AMKC"
"159003","10/04/2021 08:50:00 PM","Slashing","GRVC"
"159039","10/05/2021 03:28:00 PM","Stabbing","OBCC"
"159148","10/07/2021 02:47:00 PM","Stabbing","RNDC"
"159171","10/07/2021 11:23:00 PM","Stabbing","RNDC"
"159202","10/08/2021 07:03:00 PM","Slashing","AMKC"
"159211","10/08/2021 10:40:00 PM","Slashing","GRVC"
"159251","10/09/2021 10:43:00 PM","Stabbing","OBCC"
"159263","10/10/2021 10:02:00 AM","Stabbing","EMTC"
"159306","10/11/2021 04:58:00 PM","Stabbing","GRVC"
"159449","10/14/2021 07:37:00 AM","Slashing","AMKC"
"159541","10/15/2021 10:35:00 PM","Slashing","GRVC"
"159548","10/16/2021 02:13:00 AM","Slashing","AMKC"
"159650","10/18/2021 03:50:00 PM","Stabbing","OBCC"
"159667","10/18/2021 09:43:00 PM","Slashing","RNDC"
"159718","10/19/2021 09:39:00 PM","Slashing","AMKC"
"159762","10/20/2021 09:00:00 PM","Slashing","AMKC"
"159765","10/20/2021 10:41:00 PM","Slashing","GRVC"
"159776","10/21/2021 08:05:00 AM","Slashing","AMKC"
"159825","10/22/2021 09:18:00 AM","Slashing","EMTC"
"159861","10/22/2021 10:22:00 PM","Slashing","NIC"
"159881","10/23/2021 12:38:00 PM","Stabbing","AMKC"
"159939","10/24/2021 04:58:00 PM","Slashing","NIC"
"159951","10/25/2021 12:30:00 AM","Slashing","AMKC"
"159952","10/25/2021 12:42:00 AM","Stabbing","RNDC"
"158915","10/02/2021 01:40:00 PM","Stabbing","RNDC"
"160028","10/26/2021 02:18:00 PM","Stabbing","AMKC"
"160034","10/26/2021 07:55:00 PM","Stabbing","RNDC"
"160035","10/26/2021 07:15:00 PM","Slashing","RNDC"
"160111","10/28/2021 01:36:00 PM","Slashing","GRVC"
"160002","10/26/2021 04:53:00 AM","Stabbing","RNDC"
"169692","05/31/2022 10:45:00 PM","Stabbing","OBCC"
"160206","10/30/2021 07:47:00 AM","Slashing","GRVC"
"160233","10/31/2021 01:41:00 AM","Slashing","RNDC"
"161931","12/09/2021 02:45:00 PM","Stabbing","GRVC"
"158777","09/29/2021 08:05:00 PM","Slashing","VCBC"
"160069","10/27/2021 04:20:00 PM","Slashing","VCBC"
"161934","12/09/2021 03:44:00 PM","Slashing","RNDC"
"160152","10/29/2021 03:49:00 AM","Stabbing","RNDC"
"160273","10/31/2021 11:16:00 PM","Stabbing","GRVC"
"160278","11/01/2021 04:57:00 AM","Stabbing","AMKC"
"160315","11/01/2021 05:45:00 PM","Slashing","NIC"
"160455","11/04/2021 09:14:00 AM","Slashing","RNDC"
"160460","11/04/2021 10:16:00 AM","Slashing","RNDC"
"160520","11/05/2021 11:18:00 AM","Stabbing","AMKC"
"161950","12/09/2021 06:25:00 PM","Slashing","EMTC"
"160144","10/28/2021 11:54:00 PM","Stabbing","RNDC"
"160692","11/09/2021 09:29:00 AM","Slashing","RNDC"
"160716","11/09/2021 05:26:00 PM","Stabbing","AMKC"
"160731","11/09/2021 09:38:00 PM","Slashing","RNDC"
"160758","11/10/2021 05:38:00 PM","Slashing","RNDC"
"160811","11/11/2021 09:40:00 PM","Slashing","GRVC"
"161970","12/10/2021 01:43:00 AM","Stabbing","AMKC"
"161978","12/10/2021 09:06:00 AM","Slashing","RNDC"
"160458","11/04/2021 06:30:00 AM","Stabbing","AMKC"
"160815","11/11/2021 10:42:00 PM","Slashing","RNDC"
"160885","11/13/2021 04:50:00 PM","Slashing","RNDC"
"160934","11/15/2021 12:47:00 AM","Slashing","RNDC"
"160947","11/15/2021 11:49:00 AM","Slashing","RNDC"
"160956","11/15/2021 12:49:00 PM","Slashing","GRVC"
"160962","11/15/2021 06:12:00 PM","Slashing","RNDC"
"160970","11/15/2021 07:34:00 PM","Slashing","RNDC"
"161030","11/16/2021 04:02:00 PM","Stabbing","RNDC"
"161067","11/17/2021 04:31:00 PM","Slashing","RNDC"
"161078","11/17/2021 09:39:00 PM","Stabbing","VCBC"
"161143","11/18/2021 08:18:00 PM","Stabbing","AMKC"
"160613","11/07/2021 07:08:00 PM","Stabbing","RNDC"
"161241","11/21/2021 11:05:00 PM","Slashing","RNDC"
"161319","11/23/2021 02:23:00 PM","Slashing","GRVC"
"161347","11/24/2021 02:28:00 AM","Slashing","RNDC"
"161404","11/25/2021 02:23:00 PM","Slashing","AMKC"
"161168","11/19/2021 09:12:00 AM","Stabbing","GRVC"
"161469","11/26/2021 09:57:00 PM","Stabbing","AMKC"
"161542","11/29/2021 03:53:00 PM","Slashing","RNDC"
"161559","11/29/2021 10:50:00 PM","Slashing","AMKC"
"161560","11/29/2021 09:37:00 PM","Stabbing","VCBC"
"180792","01/02/2023 02:18:00 PM","Slashing","GRVC"
"193897","10/31/2023 04:14:00 AM","Slashing","OBCC"
"161446","11/26/2021 03:17:00 PM","Stabbing","RNDC"
"162020","12/10/2021 02:45:00 PM","Stabbing","GRVC"
"162047","12/11/2021 09:25:00 PM","Stabbing","RNDC"
"162077","12/13/2021 01:04:00 PM","Stabbing","GRVC"
"162082","12/13/2021 04:10:00 PM","Slashing","AMKC"
"162132","12/14/2021 11:51:00 AM","Slashing","EMTC"
"162157","12/14/2021 11:49:00 PM","Slashing","RNDC"
"162173","12/15/2021 11:13:00 AM","Slashing","RNDC"
"162195","12/15/2021 10:00:00 PM","Stabbing","AMKC"
"162201","12/16/2021 01:19:00 AM","Slashing","GRVC"
"162033","12/11/2021 01:21:00 PM","Stabbing","AMKC"
"162279","12/17/2021 02:35:00 PM","Slashing","VCBC"
"162328","12/18/2021 08:19:00 PM","Stabbing","RNDC"
"162330","12/18/2021 08:20:00 PM","Stabbing","GRVC"
"162426","12/22/2021 02:33:00 AM","Slashing","RNDC"
"162437","12/22/2021 09:05:00 AM","Stabbing","RNDC"
"162455","12/22/2021 04:41:00 PM","Stabbing","OBCC"
"162458","12/22/2021 04:06:00 PM","Slashing","RNDC"
"162459","12/22/2021 05:21:00 PM","Stabbing","AMKC"
"162233","12/16/2021 01:50:00 PM","Stabbing","AMKC"
"162512","12/23/2021 09:40:00 PM","Slashing","EMTC"
"162528","12/24/2021 07:35:00 AM","Stabbing","RNDC"
"162546","12/25/2021 01:45:00 AM","Slashing","GRVC"
"162563","12/25/2021 04:30:00 PM","Stabbing","GRVC"
"162573","12/26/2021 12:00:00 AM","Slashing","GRVC"
"162621","12/27/2021 01:00:00 PM","Slashing","GRVC"
"162651","12/28/2021 03:46:00 AM","Slashing","EMTC"
"162705","12/29/2021 12:45:00 PM","Slashing","RNDC"
"162710","12/29/2021 01:38:00 PM","Slashing","OBCC"
"162768","12/30/2021 04:00:00 PM","Stabbing","OBCC"
"162509","12/23/2021 06:34:00 PM","Stabbing","EMTC"
"162804","12/31/2021 07:01:00 AM","Slashing","AMKC"
"162837","01/02/2022 09:47:00 AM","Slashing","RNDC"
"162852","01/02/2022 05:58:00 PM","Stabbing","RNDC"
"162862","01/03/2022 03:58:00 AM","Slashing","AMKC"
"180971","01/06/2023 12:53:00 AM","Slashing","AMKC"
"160198","10/30/2021 03:29:00 AM","Stabbing","AMKC"
"161326","11/23/2021 05:05:00 PM","Slashing","RNDC"
"181075","01/07/2023 11:50:00 PM","Slashing","VCBC"
"181087","01/08/2023 12:53:00 PM","Slashing","GRVC"
"181124","01/09/2023 10:33:00 AM","Slashing","EMTC"
"162935","01/04/2022 02:35:00 PM","Stabbing","OBCC"
"181204","01/10/2023 09:02:00 PM","Slashing","GRVC"
"162909","01/03/2022 11:22:00 PM","Stabbing","RNDC"
"181206","01/10/2023 07:15:00 PM","Slashing","GRVC"
"163109","01/08/2022 05:16:00 PM","Stabbing","GRVC"
"184998","03/31/2023 03:30:00 PM","Slashing","GRVC"
"163142","01/10/2022 11:26:00 AM","Slashing","AMKC"
"163177","01/11/2022 07:58:00 AM","Slashing","OBCC"
"163250","01/12/2022 02:01:00 PM","Slashing","RNDC"
"163388","01/14/2022 06:52:00 PM","Slashing","GRVC"
"165374","03/02/2022 07:12:00 AM","Stabbing","OBCC"
"161736","12/04/2021 08:02:00 AM","Stabbing","AMKC"
"165398","03/02/2022 04:28:00 PM","Slashing","AMKC"
"174509","08/31/2022 08:54:00 AM","Slashing","GRVC"
"163188","01/11/2022 01:55:00 PM","Slashing","GRVC"
"165493","03/03/2022 11:43:00 AM","Stabbing","RNDC"
"162190","12/15/2021 07:45:00 PM","Slashing","EMTC"
"163427","01/15/2022 05:55:00 PM","Slashing","AMKC"
"163455","01/16/2022 02:24:00 PM","Slashing","RNDC"
"163478","01/17/2022 12:48:00 AM","Stabbing","EMTC"
"163495","01/17/2022 03:06:00 PM","Slashing","EMTC"
"163627","01/20/2022 10:00:00 AM","Stabbing","AMKC"
"174617","09/02/2022 09:06:00 AM","Stabbing","AMKC"
"163607","01/19/2022 10:45:00 PM","Stabbing","RNDC"
"163644","01/20/2022 05:24:00 PM","Slashing","AMKC"
"181220","01/11/2023 02:00:00 AM","Slashing","AMKC"
"163682","01/21/2022 04:03:00 PM","Slashing","OBCC"
"163714","01/22/2022 02:20:00 PM","Stabbing","AMKC"
"163755","01/23/2022 08:22:00 PM","Stabbing","NIC"
"163762","01/23/2022 11:44:00 PM","Slashing","GRVC"
"163763","01/24/2022 12:50:00 AM","Stabbing","OBCC"
"163780","01/24/2022 12:29:00 PM","Slashing","RNDC"
"163829","01/25/2022 07:44:00 AM","Slashing","GRVC"
"163831","01/25/2022 09:00:00 AM","Slashing","EMTC"
"163890","01/26/2022 08:35:00 PM","Slashing","GRVC"
"181226","01/11/2023 03:46:00 AM","Slashing","AMKC"
"163943","01/28/2022 03:59:00 AM","Slashing","OBCC"
"174622","09/02/2022 09:46:00 AM","Stabbing","AMKC"
"163991","01/28/2022 11:47:00 PM","Slashing","OBCC"
"164011","01/29/2022 09:39:00 PM","Slashing","GRVC"
"164029","01/30/2022 04:26:00 PM","Slashing","GRVC"
"164037","01/30/2022 09:04:00 PM","Slashing","RNDC"
"163985","01/28/2022 09:03:00 PM","Stabbing","OBCC"
"189999","08/01/2023 02:47:00 AM","Stabbing","EMTC"
"163919","01/27/2022 02:55:00 PM","Slashing","VCBC"
"164057","01/31/2022 02:05:00 PM","Stabbing","RNDC"
"164059","01/31/2022 03:58:00 PM","Stabbing","OBCC"
"181252","01/11/2023 01:30:00 PM","Stabbing","AMKC"
"163251","01/12/2022 02:11:00 PM","Stabbing","AMKC"
"163457","01/16/2022 02:02:00 PM","Stabbing","AMKC"
"163712","01/22/2022 12:57:00 PM","Stabbing","OBCC"
"164184","02/03/2022 04:52:00 AM","Stabbing","OBCC"
"164273","02/04/2022 02:00:00 AM","Slashing","EMTC"
"164285","02/04/2022 11:42:00 AM","Slashing","OBCC"
"181254","01/11/2023 12:01:00 PM","Slashing","AMKC"
"164173","02/03/2022 12:02:00 AM","Stabbing","RNDC"
"164358","02/06/2022 02:11:00 PM","Slashing","AMKC"
"164367","02/07/2022 12:38:00 AM","Stabbing","OBCC"
"164382","02/07/2022 02:39:00 PM","Slashing","RNDC"
"164416","02/07/2022 11:45:00 AM","Slashing","RNDC"
"164436","02/08/2022 10:20:00 AM","Slashing","GRVC"
"164545","02/10/2022 01:09:00 PM","Slashing","RNDC"
"190042","08/01/2023 12:22:00 PM","Slashing","EMTC"
"164639","02/12/2022 11:51:00 PM","Slashing","RNDC"
"164637","02/12/2022 05:15:00 PM","Stabbing","EMTC"
"164716","02/15/2022 12:34:00 AM","Slashing","RNDC"
"164720","02/15/2022 03:22:00 AM","Slashing","VCBC"
"164759","02/15/2022 07:41:00 PM","Slashing","RNDC"
"164864","02/18/2022 01:20:00 AM","Slashing","EMTC"
"181381","01/14/2023 07:36:00 AM","Slashing","GRVC"
"164701","02/14/2022 07:30:00 PM","Stabbing","OBCC"
"181391","01/14/2023 03:30:00 PM","Stabbing","EMTC"
"181401","01/14/2023 08:19:00 PM","Stabbing","EMTC"
"164969","02/20/2022 03:22:00 AM","Slashing","RNDC"
"164997","02/20/2022 07:15:00 PM","Slashing","EMTC"
"165006","02/20/2022 10:00:00 PM","Slashing","OBCC"
"181500","01/17/2023 12:58:00 AM","Slashing","EMTC"
"165076","02/22/2022 11:35:00 PM","Stabbing","GRVC"
"165240","02/26/2022 01:27:00 PM","Slashing","OBCC"
"165231","02/26/2022 07:59:00 AM","Stabbing","GRVC"
"181551","01/17/2023 11:44:00 PM","Slashing","AMKC"
"165271","02/27/2022 02:13:00 PM","Stabbing","RNDC"
"169838","06/03/2022 04:21:00 PM","Stabbing","GRVC"
"165278","02/27/2022 01:42:00 PM","Stabbing","RNDC"
"165534","03/04/2022 09:50:00 AM","Stabbing","OBCC"
"174630","09/02/2022 01:08:00 PM","Stabbing","AMKC"
"181676","01/20/2023 08:27:00 PM","Slashing","EMTC"
"165593","03/05/2022 09:00:00 AM","Slashing","EMTC"
"165601","03/05/2022 03:10:00 PM","Slashing","RNDC"
"165612","03/05/2022 04:36:00 PM","Slashing","VCBC"
"163510","01/17/2022 08:14:00 PM","Slashing","GRVC"
"165656","03/06/2022 09:34:00 PM","Stabbing","RNDC"
"165702","03/07/2022 07:49:00 PM","Stabbing","OBCC"
"165731","03/08/2022 11:26:00 AM","Slashing","BXCT"
"165735","03/08/2022 01:02:00 PM","Stabbing","RNDC"
"165764","03/09/2022 01:11:00 AM","Slashing","EMTC"
"169889","06/05/2022 01:17:00 AM","Slashing","EMTC"
"165777","03/09/2022 11:00:00 AM","Slashing","OBCC"
"165788","03/09/2022 02:06:00 PM","Stabbing","RNDC"
"165822","03/09/2022 10:00:00 PM","Stabbing","RNDC"
"165855","03/10/2022 03:48:00 PM","Stabbing","EMTC"
"165871","03/10/2022 09:15:00 PM","Stabbing","OBCC"
"165881","03/11/2022 03:24:00 AM","Slashing","RNDC"
"165621","03/05/2022 09:01:00 PM","Stabbing","GRVC"
"165965","03/12/2022 08:57:00 PM","Slashing","OBCC"
"165994","03/13/2022 06:37:00 PM","Slashing","OBCC"
"166047","03/14/2022 09:34:00 PM","Slashing","GRVC"
"181714","01/22/2023 12:19:00 AM","Slashing","AMKC"
"166110","03/16/2022 04:18:00 AM","Slashing","EMTC"
"166114","03/16/2022 08:00:00 AM","Stabbing","GRVC"
"166120","03/16/2022 10:26:00 AM","Slashing","EMTC"
"181719","01/22/2023 03:17:00 AM","Slashing","EMTC"
"166139","03/16/2022 02:41:00 PM","Slashing","RNDC"
"181746","01/22/2023 10:23:00 PM","Slashing","RNDC"
"166235","03/18/2022 10:09:00 AM","Stabbing","EMTC"
"165926","03/12/2022 08:46:00 AM","Stabbing","GRVC"
"166270","03/19/2022 12:52:00 AM","Slashing","OBCC"
"166242","03/18/2022 10:17:00 AM","Stabbing","RNDC"
"166319","03/20/2022 03:30:00 PM","Stabbing","VCBC"
"181803","01/24/2023 12:35:00 PM","Slashing","GRVC"
"181821","01/24/2023 05:33:00 PM","Slashing","RNDC"
"166356","03/21/2022 01:00:00 PM","Slashing","VCBC"
"166371","03/21/2022 06:36:00 PM","Stabbing","RNDC"
"166383","03/21/2022 08:21:00 PM","Slashing","GRVC"
"181829","01/24/2023 08:44:00 PM","Stabbing","GRVC"
"166488","03/23/2022 06:24:00 PM","Slashing","OBCC"
"185076","04/02/2023 10:59:00 AM","Slashing","AMKC"
"166625","03/26/2022 12:50:00 AM","Slashing","GRVC"
"166635","03/26/2022 11:11:00 AM","Slashing","RNDC"
"166660","03/27/2022 10:00:00 AM","Stabbing","AMKC"
"166698","03/28/2022 12:30:00 PM","Slashing","AMKC"
"190052","08/01/2023 05:13:00 PM","Stabbing","GRVC"
"166728","03/29/2022 08:25:00 AM","Stabbing","GRVC"
"166752","03/29/2022 05:01:00 PM","Stabbing","OBCC"
"166824","03/30/2022 08:41:00 PM","Slashing","GRVC"
"166294","03/19/2022 05:54:00 PM","Stabbing","RNDC"
"166876","03/31/2022 06:03:00 PM","Stabbing","AMKC"
"166893","03/31/2022 11:45:00 PM","Stabbing","OBCC"
"166898","04/01/2022 10:47:00 AM","Stabbing","RNDC"
"166958","04/02/2022 11:35:00 AM","Slashing","RNDC"
"166142","03/16/2022 05:22:00 PM","Stabbing","EMTC"
"166153","03/16/2022 07:20:00 PM","Stabbing","RNDC"
"166381","03/21/2022 07:34:00 PM","Slashing","RNDC"
"166489","03/23/2022 05:50:00 PM","Slashing","RNDC"
"193914","10/31/2023 01:25:00 PM","Stabbing","RNDC"
"166805","03/30/2022 11:16:00 AM","Slashing","RNDC"
"167107","04/05/2022 10:34:00 PM","Stabbing","VCBC"
"166966","04/02/2022 01:46:00 PM","Stabbing","RNDC"
"167147","04/06/2022 02:20:00 PM","Stabbing","OBCC"
"189963","07/31/2023 05:19:00 AM","Stabbing","AMKC"
"167228","04/07/2022 10:35:00 PM","Stabbing","AMKC"
"167253","04/08/2022 11:10:00 AM","Slashing","GRVC"
"167255","04/08/2022 10:47:00 AM","Slashing","GRVC"
"167123","04/06/2022 12:08:00 PM","Stabbing","RNDC"
"167322","04/09/2022 10:32:00 AM","Slashing","AMKC"
"167351","04/09/2022 08:40:00 PM","Slashing","AMKC"
"167354","04/09/2022 10:23:00 PM","Slashing","RNDC"
"167377","04/10/2022 03:10:00 PM","Stabbing","OBCC"
"167385","04/10/2022 11:51:00 PM","Stabbing","GRVC"
"167481","04/13/2022 09:39:00 AM","Slashing","RNDC"
"167483","04/13/2022 10:39:00 AM","Slashing","AMKC"
"167514","04/13/2022 09:49:00 PM","Stabbing","OBCC"
"182035","01/28/2023 07:45:00 AM","Slashing","AMKC"
"167300","04/08/2022 10:24:00 PM","Stabbing","RNDC"
"167589","04/15/2022 03:10:00 PM","Stabbing","AMKC"
"167603","04/15/2022 08:09:00 PM","Stabbing","AMKC"
"167611","04/15/2022 11:28:00 PM","Slashing","AMKC"
"167655","04/17/2022 07:36:00 AM","Stabbing","OBCC"
"170035","06/08/2022 04:58:00 PM","Slashing","RNDC"
"182042","01/28/2023 09:59:00 AM","Stabbing","VCBC"
"182047","01/28/2023 01:27:00 PM","Slashing","AMKC"
"170122","06/09/2022 10:15:00 PM","Slashing","AMKC"
"170214","06/11/2022 07:27:00 AM","Slashing","GRVC"
"170294","06/13/2022 12:10:00 AM","Slashing","EMTC"
"170334","06/13/2022 06:35:00 PM","Stabbing","GRVC"
"174715","09/04/2022 08:54:00 PM","Stabbing","AMKC"
"174671","09/03/2022 04:40:00 PM","Stabbing","GRVC"
"165813","03/09/2022 08:03:00 PM","Slashing","RNDC"
"167660","04/17/2022 11:50:00 AM","Stabbing","GRVC"
"167695","04/18/2022 09:21:00 AM","Slashing","RNDC"
"167717","04/18/2022 06:08:00 PM","Slashing","BKCTS"
"167853","04/21/2022 04:30:00 PM","Slashing","AMKC"
"167858","04/21/2022 06:59:00 PM","Slashing","RNDC"
"167860","04/21/2022 07:12:00 PM","Slashing","RNDC"
"167893","04/22/2022 12:38:00 PM","Slashing","RNDC"
"167914","04/22/2022 08:17:00 PM","Slashing","OBCC"
"167949","04/23/2022 05:10:00 PM","Slashing","EMTC"
"168010","04/25/2022 12:27:00 AM","Slashing","EMTC"
"168053","04/25/2022 07:20:00 PM","Stabbing","RNDC"
"168090","04/26/2022 05:47:00 PM","Stabbing","OBCC"
"168100","04/26/2022 08:06:00 PM","Stabbing","AMKC"
"168102","04/26/2022 08:45:00 PM","Slashing","AMKC"
"168221","04/29/2022 12:45:00 AM","Slashing","AMKC"
"167522","04/14/2022 05:37:00 AM","Stabbing","AMKC"
"168303","04/30/2022 08:40:00 PM","Slashing","AMKC"
"168307","05/01/2022 12:10:00 AM","Slashing","AMKC"
"168311","05/01/2022 07:50:00 AM","Slashing","VCBC"
"168381","05/02/2022 07:43:00 PM","Slashing","AMKC"
"168437","05/03/2022 06:30:00 PM","Slashing","AMKC"
"168489","05/04/2022 06:27:00 PM","Slashing","EMTC"
"168524","05/05/2022 11:28:00 AM","Slashing","RNDC"
"168684","05/09/2022 09:35:00 PM","Slashing","EMTC"
"168777","05/11/2022 05:00:00 PM","Slashing","EMTC"
"167960","04/23/2022 09:22:00 PM","Slashing","GRVC"
"168210","04/28/2022 09:40:00 PM","Stabbing","TD"
"168967","05/15/2022 10:21:00 AM","Slashing","OBCC"
"169001","05/15/2022 10:20:00 PM","Stabbing","GRVC"
"169033","05/16/2022 04:37:00 PM","Stabbing","AMKC"
"169070","05/17/2022 07:53:00 AM","Slashing","EMTC"
"169139","05/18/2022 12:33:00 PM","Slashing","AMKC"
"169328","05/22/2022 01:57:00 PM","Slashing","RNDC"
"169457","05/25/2022 08:07:00 PM","Slashing","EMTC"
"169464","05/25/2022 11:56:00 PM","Slashing","AMKC"
"169510","05/26/2022 08:14:00 PM","Stabbing","AMKC"
"169560","05/27/2022 07:45:00 PM","Stabbing","GRVC"
"169586","05/28/2022 05:38:00 PM","Slashing","RNDC"
"169616","05/29/2022 03:06:00 PM","Stabbing","EMTC"
"168955","05/14/2022 11:54:00 PM","Stabbing","GRVC"
"168987","05/15/2022 07:24:00 PM","Slashing","RNDC"
"169480","05/26/2022 12:36:00 PM","Stabbing","AMKC"
"169845","06/03/2022 09:52:00 PM","Stabbing","EMTC"
"170340","06/13/2022 09:36:00 PM","Stabbing","EMTC"
"170337","06/13/2022 06:40:00 PM","Stabbing","GRVC"
"182072","01/28/2023 11:25:00 PM","Slashing","GRVC"
"170423","06/15/2022 04:10:00 PM","Stabbing","RNDC"
"170480","06/15/2022 10:46:00 PM","Slashing","GRVC"
"170348","06/14/2022 12:27:00 AM","Stabbing","GRVC"
"170532","06/17/2022 12:35:00 AM","Slashing","AMKC"
"182074","01/29/2023 01:21:00 AM","Stabbing","GRVC"
"170632","06/18/2022 04:20:00 PM","Stabbing","GRVC"
"170641","06/18/2022 07:55:00 PM","Slashing","EMTC"
"170653","06/19/2022 03:00:00 AM","Stabbing","AMKC"
"170663","06/19/2022 02:49:00 PM","Stabbing","EMTC"
"182083","01/29/2023 09:17:00 AM","Slashing","AMKC"
"170726","06/20/2022 08:00:00 PM","Slashing","GRVC"
"170747","06/21/2022 01:22:00 AM","Slashing","GRVC"
"170832","06/22/2022 11:13:00 AM","Stabbing","GRVC"
"182107","01/29/2023 06:47:00 PM","Slashing","GRVC"
"174727","09/05/2022 04:45:00 AM","Slashing","AMKC"
"171161","06/28/2022 05:17:00 PM","Slashing","GRVC"
"171172","06/28/2022 07:34:00 PM","Stabbing","AMKC"
"171179","06/28/2022 10:14:00 PM","Slashing","AMKC"
"171231","06/29/2022 08:15:00 PM","Slashing","GRVC"
"170508","06/16/2022 12:06:00 PM","Stabbing","GRVC"
"163634","01/20/2022 04:44:00 PM","Stabbing","RNDC"
"171307","07/01/2022 12:00:00 AM","Slashing","AMKC"
"171360","07/02/2022 12:18:00 AM","Slashing","AMKC"
"174740","09/05/2022 01:54:00 PM","Slashing","EMTC"
"165532","03/04/2022 06:23:00 AM","Stabbing","EMTC"
"165560","03/04/2022 08:00:00 PM","Slashing","GRVC"
"165748","03/08/2022 07:09:00 PM","Slashing","RNDC"
"167040","04/04/2022 06:31:00 PM","Stabbing","RNDC"
"169963","06/07/2022 08:05:00 AM","Stabbing","VCBC"
"170763","06/21/2022 12:13:00 PM","Stabbing","GRVC"
"171116","06/27/2022 09:28:00 PM","Slashing","RNDC"
"174744","09/05/2022 04:02:00 PM","Slashing","GRVC"
"174749","09/05/2022 06:28:00 PM","Slashing","GRVC"
"182147","01/30/2023 02:25:00 PM","Slashing","GRVC"
"165582","03/04/2022 11:16:00 PM","Slashing","AMKC"
"171138","06/28/2022 10:09:00 AM","Slashing","RNDC"
"171405","07/02/2022 11:32:00 PM","Slashing","AMKC"
"171430","07/03/2022 04:47:00 PM","Slashing","GRVC"
"171443","07/04/2022 07:43:00 AM","Slashing","GRVC"
"171446","07/04/2022 10:15:00 AM","Slashing","RNDC"
"171452","07/04/2022 12:25:00 PM","Slashing","GRVC"
"171585","07/06/2022 06:01:00 PM","Slashing","GRVC"
"171662","07/07/2022 10:45:00 PM","Slashing","GRVC"
"171663","07/08/2022 12:10:00 AM","Slashing","AMKC"
"171373","07/02/2022 09:15:00 AM","Stabbing","GRVC"
"171762","07/10/2022 02:25:00 AM","Stabbing","AMKC"
"171811","07/11/2022 12:50:00 AM","Slashing","AMKC"
"171854","07/11/2022 09:24:00 PM","Slashing","EMTC"
"190138","08/03/2023 12:53:00 PM","Stabbing","RESH"
"171923","07/12/2022 09:37:00 PM","Slashing","GRVC"
"171926","07/12/2022 11:16:00 PM","Stabbing","AMKC"
"172028","07/14/2022 03:51:00 PM","Slashing","GRVC"
"172031","07/14/2022 03:20:00 PM","Slashing","GRVC"
"172163","07/16/2022 07:06:00 PM","Stabbing","GRVC"
"172165","07/16/2022 11:36:00 PM","Stabbing","GRVC"
"172232","07/19/2022 12:00:00 AM","Slashing","EMTC"
"172276","07/19/2022 05:07:00 PM","Slashing","NIC"
"172287","07/19/2022 07:24:00 PM","Slashing","RNDC"
"172330","07/20/2022 01:27:00 PM","Stabbing","RNDC"
"172443","07/22/2022 08:40:00 AM","Slashing","GRVC"
"183564","02/28/2023 03:48:00 PM","Slashing","RNDC"
"172503","07/23/2022 04:12:00 PM","Slashing","RNDC"
"172532","07/24/2022 01:07:00 PM","Slashing","RNDC"
"183582","02/28/2023 09:32:00 PM","Stabbing","AMKC"
"172557","07/24/2022 11:40:00 PM","Stabbing","EMTC"
"172582","07/25/2022 09:38:00 AM","Slashing","GRVC"
"172670","07/27/2022 09:50:00 AM","Stabbing","GRVC"
"172724","07/28/2022 08:22:00 AM","Stabbing","GRVC"
"172763","07/28/2022 06:57:00 PM","Stabbing","EMTC"
"183663","03/02/2023 08:40:00 AM","Slashing","GRVC"
"172865","07/30/2022 07:45:00 PM","Slashing","EMTC"
"174862","09/07/2022 06:49:00 PM","Slashing","GRVC"
"172861","07/30/2022 06:45:00 PM","Stabbing","RNDC"
"172913","08/01/2022 02:08:00 AM","Slashing","GRVC"
"172924","08/01/2022 09:14:00 AM","Slashing","EMTC"
"183703","03/02/2023 10:36:00 PM","Slashing","RNDC"
"172990","08/02/2022 05:30:00 PM","Slashing","EMTC"
"173002","08/02/2022 04:58:00 PM","Slashing","GRVC"
"173004","08/02/2022 06:04:00 PM","Slashing","GRVC"
"173008","08/02/2022 10:36:00 PM","Slashing","AMKC"
"183775","03/04/2023 08:46:00 AM","Slashing","GRVC"
"183807","03/04/2023 11:21:00 PM","Slashing","EMTC"
"173151","08/05/2022 03:39:00 PM","Stabbing","GRVC"
"183818","03/05/2023 12:59:00 PM","Slashing","GRVC"
"173498","08/11/2022 08:57:00 AM","Slashing","EMTC"
"183934","03/07/2023 11:41:00 PM","Slashing","EMTC"
"171731","07/09/2022 01:00:00 PM","Stabbing","GRVC"
"171870","07/12/2022 03:13:00 AM","Slashing","GRVC"
"172543","07/24/2022 04:47:00 PM","Slashing","RNDC"
"172736","07/28/2022 11:11:00 AM","Slashing","RNDC"
"171913","07/12/2022 05:15:00 PM","Stabbing","GRVC"
"183943","03/08/2023 12:33:00 PM","Slashing","AMKC"
"173632","08/13/2022 01:55:00 PM","Stabbing","AMKC"
"173686","08/14/2022 05:00:00 PM","Slashing","GRVC"
"173691","08/14/2022 11:25:00 PM","Slashing","AMKC"
"173716","08/15/2022 02:55:00 PM","Slashing","GRVC"
"183969","03/08/2023 07:06:00 PM","Stabbing","EMTC"
"183993","03/09/2023 08:46:00 AM","Slashing","EMTC"
"183994","03/09/2023 09:19:00 AM","Slashing","GRVC"
"173871","08/18/2022 01:12:00 PM","Stabbing","GRVC"
"174063","08/22/2022 11:35:00 PM","Slashing","GRVC"
"174082","08/23/2022 03:15:00 PM","Slashing","GRVC"
"174150","08/24/2022 04:40:00 PM","Slashing","RNDC"
"184086","03/10/2023 11:11:00 PM","Slashing","EMTC"
"174200","08/25/2022 12:01:00 PM","Slashing","GRVC"
"184180","03/13/2023 08:04:00 PM","Stabbing","AMKC"
"184187","03/13/2023 11:32:00 PM","Slashing","AMKC"
"174324","08/27/2022 02:04:00 PM","Stabbing","VCBC"
"184219","03/14/2023 04:20:00 PM","Stabbing","RNDC"
"174267","08/25/2022 08:30:00 PM","Stabbing","GRVC"
"175071","09/11/2022 11:06:00 PM","Stabbing","GRVC"
"175072","09/12/2022 12:50:00 AM","Slashing","GRVC"
"175273","09/15/2022 10:58:00 PM","Slashing","GRVC"
"184420","03/19/2023 12:43:00 AM","Slashing","EMTC"
"184422","03/19/2023 12:50:00 AM","Slashing","AMKC"
"174777","09/06/2022 08:55:00 AM","Slashing","GRVC"
"174404","08/29/2022 01:36:00 PM","Slashing","RNDC"
"182207","01/31/2023 03:13:00 PM","Stabbing","GRVC"
"182228","01/31/2023 05:36:00 PM","Stabbing","RNDC"
"174475","08/30/2022 07:54:00 PM","Slashing","GRVC"
"182243","01/31/2023 11:54:00 PM","Slashing","AMKC"
"174384","08/28/2022 10:35:00 PM","Slashing","GRVC"
"182309","02/01/2023 08:08:00 PM","Slashing","GRVC"
"175411","09/18/2022 06:46:00 PM","Slashing","AMKC"
"175418","09/18/2022 10:35:00 PM","Stabbing","AMKC"
"174696","09/04/2022 10:21:00 AM","Stabbing","RNDC"
"182330","02/02/2023 08:24:00 AM","Slashing","EMTC"
"190168","08/03/2023 09:52:00 PM","Slashing","RNDC"
"175690","09/23/2022 07:47:00 PM","Stabbing","AMKC"
"182566","02/07/2023 12:04:00 PM","Stabbing","GRVC"
"175715","09/24/2022 06:13:00 AM","Slashing","AMKC"
"175789","09/25/2022 10:20:00 PM","Slashing","GRVC"
"175916","09/28/2022 03:36:00 PM","Slashing","BKCTS"
"175438","09/19/2022 01:58:00 PM","Stabbing","RNDC"
"176109","10/02/2022 04:36:00 PM","Stabbing","AMKC"
"182672","02/09/2023 08:41:00 AM","Stabbing","GRVC"
"176228","10/04/2022 09:47:00 PM","Stabbing","GRVC"
"182723","02/09/2023 04:04:00 PM","Stabbing","GRVC"
"176286","10/05/2022 09:49:00 PM","Slashing","GRVC"
"176388","10/06/2022 08:49:00 PM","Stabbing","RNDC"
"176400","10/06/2022 07:00:00 PM","Stabbing","RNDC"
"185082","04/02/2023 02:14:00 PM","Slashing","RNDC"
"182729","02/09/2023 06:36:00 PM","Slashing","AMKC"
"182834","02/11/2023 08:37:00 PM","Slashing","AMKC"
"176527","10/09/2022 12:13:00 AM","Slashing","GRVC"
"176546","10/09/2022 02:12:00 PM","Slashing","GRVC"
"176548","10/09/2022 02:45:00 PM","Stabbing","GRVC"
"176552","10/09/2022 04:54:00 PM","Slashing","GRVC"
"176557","10/09/2022 04:37:00 PM","Slashing","GRVC"
"176579","10/09/2022 11:15:00 PM","Stabbing","AMKC"
"182894","02/13/2023 06:58:00 PM","Stabbing","AMKC"
"176631","10/11/2022 05:24:00 AM","Slashing","AMKC"
"176709","10/12/2022 12:17:00 PM","Slashing","BHPW"
"176713","10/12/2022 12:27:00 PM","Stabbing","GRVC"
"176737","10/12/2022 02:20:00 PM","Slashing","NIC"
"182944","02/14/2023 06:16:00 PM","Slashing","AMKC"
"182967","02/15/2023 11:17:00 AM","Stabbing","GRVC"
"182999","02/15/2023 09:56:00 PM","Stabbing","AMKC"
"177055","10/18/2022 08:55:00 PM","Slashing","RNDC"
"177121","10/20/2022 08:18:00 AM","Slashing","TD"
"177126","10/20/2022 10:54:00 AM","Slashing","RNDC"
"177206","10/22/2022 01:00:00 AM","Slashing","NIC"
"177239","10/22/2022 08:46:00 PM","Slashing","EMTC"
"177265","10/23/2022 06:42:00 PM","Stabbing","AMKC"
"177329","10/25/2022 02:00:00 AM","Stabbing","GRVC"
"177343","10/25/2022 12:37:00 PM","Slashing","GRVC"
"177344","10/25/2022 01:00:00 PM","Stabbing","GRVC"
"177347","10/25/2022 02:13:00 PM","Slashing","AMKC"
"177362","10/25/2022 07:08:00 PM","Slashing","GRVC"
"177457","10/26/2022 08:25:00 PM","Slashing","GRVC"
"176629","10/11/2022 02:36:00 AM","Stabbing","EMTC"
"177514","10/28/2022 01:28:00 PM","Slashing","RNDC"
"177520","10/28/2022 06:40:00 AM","Slashing","GRVC"
"177548","10/28/2022 03:00:00 PM","Slashing","GRVC"
"177553","10/28/2022 04:34:00 PM","Stabbing","EMTC"
"177494","10/27/2022 06:11:00 PM","Stabbing","GRVC"
"183153","02/19/2023 06:38:00 AM","Slashing","AMKC"
"177568","10/28/2022 09:43:00 PM","Stabbing","GRVC"
"171860","07/11/2022 08:20:00 PM","Stabbing","GRVC"
"172461","07/22/2022 12:38:00 PM","Slashing","GRVC"
"172538","07/24/2022 01:03:00 PM","Slashing","RNDC"
"172779","07/28/2022 10:39:00 PM","Slashing","GRVC"
"172957","08/02/2022 06:28:00 AM","Slashing","GRVC"
"173013","08/03/2022 01:21:00 AM","Slashing","AMKC"
"173016","08/03/2022 03:35:00 AM","Slashing","AMKC"
"173335","08/08/2022 01:14:00 PM","Slashing","GRVC"
"177675","10/31/2022 02:27:00 PM","Slashing","GRVC"
"177831","11/03/2022 11:47:00 AM","Slashing","QNCTS"
"177834","11/03/2022 02:17:00 PM","Slashing","MNCT"
"177843","11/03/2022 02:34:00 PM","Stabbing","VCBC"
"177861","11/03/2022 08:23:00 PM","Slashing","GRVC"
"177872","11/04/2022 02:43:00 AM","Slashing","EMTC"
"177894","11/04/2022 10:51:00 AM","Slashing","EMTC"
"177949","11/05/2022 10:12:00 AM","Slashing","RNDC"
"177989","11/06/2022 01:14:00 PM","Slashing","GRVC"
"178132","11/09/2022 12:55:00 PM","Slashing","RNDC"
"174406","08/29/2022 01:41:00 PM","Stabbing","GRVC"
"178175","11/10/2022 07:40:00 AM","Slashing","RNDC"
"178208","11/10/2022 05:25:00 PM","Stabbing","GRVC"
"178253","11/11/2022 10:30:00 PM","Stabbing","AMKC"
"178267","11/12/2022 03:12:00 PM","Stabbing","GRVC"
"178290","11/13/2022 02:35:00 AM","Slashing","EMTC"
"178495","11/17/2022 07:33:00 AM","Stabbing","GRVC"
"173503","08/11/2022 11:20:00 AM","Stabbing","VCBC"
"173626","08/13/2022 12:30:00 AM","Stabbing","AMKC"
"173776","08/16/2022 04:48:00 PM","Stabbing","AMKC"
"173800","08/17/2022 12:40:00 AM","Stabbing","TD"
"173865","08/18/2022 10:19:00 AM","Slashing","GRVC"
"174196","08/25/2022 11:45:00 AM","Stabbing","RNDC"
"174293","08/26/2022 07:57:00 PM","Slashing","GRVC"
"174315","08/27/2022 10:25:00 AM","Slashing","EMTC"
"174345","08/27/2022 10:50:00 PM","Slashing","RNDC"
"174351","08/27/2022 09:56:00 PM","Stabbing","EMTC"
"174438","08/30/2022 08:14:00 AM","Slashing","GRVC"
"174465","08/30/2022 06:01:00 PM","Slashing","GRVC"
"174655","09/02/2022 11:00:00 PM","Stabbing","AMKC"
"174760","09/06/2022 03:39:00 AM","Stabbing","RNDC"
"175346","09/17/2022 02:46:00 AM","Slashing","AMKC"
"175390","09/18/2022 04:36:00 AM","Slashing","EMTC"
"175480","09/20/2022 11:28:00 AM","Slashing","GRVC"
"175695","09/23/2022 06:08:00 PM","Slashing","AMKC"
"176167","10/03/2022 05:30:00 PM","Stabbing","AMKC"
"176256","10/05/2022 01:29:00 PM","Slashing","GRVC"
"176461","10/07/2022 06:07:00 PM","Slashing","GRVC"
"176516","10/08/2022 04:41:00 PM","Slashing","GRVC"
"176525","10/08/2022 10:58:00 PM","Slashing","GRVC"
"176599","10/10/2022 01:10:00 PM","Slashing","GRVC"
"176817","10/13/2022 11:33:00 AM","Slashing","GRVC"
"176819","10/13/2022 10:24:00 AM","Slashing","GRVC"
"177029","10/18/2022 02:07:00 PM","Slashing","RNDC"
"177605","10/29/2022 03:41:00 PM","Slashing","AMKC"
"177647","10/30/2022 09:14:00 PM","Slashing","EMTC"
"178613","11/19/2022 02:19:00 PM","Stabbing","GRVC"
"178628","11/19/2022 10:31:00 PM","Slashing","AMKC"
"178639","11/20/2022 11:53:00 AM","Slashing","AMKC"
"178664","11/21/2022 02:56:00 AM","Slashing","AMKC"
"178734","11/22/2022 11:32:00 PM","Stabbing","AMKC"
"178793","11/23/2022 08:07:00 PM","Slashing","GRVC"
"178796","11/23/2022 08:39:00 PM","Slashing","GRVC"
"183180","02/20/2023 12:46:00 PM","Stabbing","AMKC"
"178897","11/26/2022 10:38:00 AM","Slashing","GRVC"
"178899","11/26/2022 12:05:00 PM","Slashing","GRVC"
"178902","11/26/2022 12:59:00 PM","Slashing","AMKC"
"178906","11/26/2022 07:00:00 PM","Slashing","AMKC"
"179025","11/29/2022 07:32:00 AM","Slashing","GRVC"
"178527","11/17/2022 08:36:00 PM","Stabbing","GRVC"
"162870","01/03/2022 12:31:00 PM","Stabbing","RNDC"
"162890","01/03/2022 04:35:00 PM","Slashing","GRVC"
"162893","01/03/2022 04:40:00 PM","Slashing","GRVC"
"162977","01/05/2022 12:40:00 PM","Stabbing","AMKC"
"163025","01/06/2022 09:45:00 AM","Slashing","RNDC"
"163068","01/07/2022 11:33:00 AM","Stabbing","GRVC"
"163112","01/08/2022 06:03:00 PM","Slashing","RNDC"
"163660","01/21/2022 03:18:00 AM","Slashing","AMKC"
"163896","01/26/2022 11:11:00 PM","Slashing","AMKC"
"164172","02/02/2022 11:18:00 PM","Slashing","GRVC"
"164312","02/04/2022 09:55:00 PM","Stabbing","GRVC"
"164909","02/18/2022 02:21:00 PM","Stabbing","RNDC"
"164920","02/18/2022 11:20:00 PM","Stabbing","GRVC"
"164952","02/19/2022 09:55:00 PM","Slashing","GRVC"
"165395","03/02/2022 10:50:00 AM","Stabbing","RNDC"
"165574","03/04/2022 11:25:00 PM","Stabbing","GRVC"
"166076","03/15/2022 01:02:00 PM","Slashing","RNDC"
"166130","03/16/2022 12:20:00 PM","Stabbing","RNDC"
"166208","03/17/2022 11:54:00 PM","Slashing","AMKC"
"166323","03/20/2022 06:21:00 PM","Slashing","RNDC"
"166336","03/21/2022 12:39:00 AM","Slashing","RNDC"
"166400","03/22/2022 05:31:00 AM","Stabbing","GRVC"
"166568","03/25/2022 02:10:00 AM","Slashing","EMTC"
"166723","03/28/2022 09:53:00 PM","Slashing","RNDC"
"167187","04/07/2022 01:24:00 PM","Slashing","GRVC"
"175684","09/23/2022 01:51:00 PM","Slashing","GRVC"
"183183","02/20/2023 02:05:00 PM","Stabbing","AMKC"
"183239","02/21/2023 04:12:00 PM","Stabbing","AMKC"
"185122","04/03/2023 07:43:00 PM","Slashing","AMKC"
"182724","02/09/2023 06:22:00 PM","Stabbing","GRVC"
"190198","08/04/2023 10:50:00 AM","Stabbing","OBCC"
"183535","02/27/2023 08:11:00 PM","Slashing","VCBC"
"169728","06/01/2022 08:36:00 PM","Stabbing","GRVC"
"169813","06/03/2022 11:45:00 AM","Stabbing","GRVC"
"170098","06/09/2022 01:45:00 PM","Slashing","GRVC"
"170112","06/09/2022 07:57:00 PM","Stabbing","GRVC"
"170318","06/13/2022 01:19:00 PM","Stabbing","AMKC"
"170408","06/15/2022 07:40:00 AM","Slashing","GRVC"
"170593","06/17/2022 06:17:00 PM","Slashing","AMKC"
"170673","06/19/2022 03:51:00 PM","Slashing","EMTC"
"170837","06/22/2022 01:39:00 PM","Stabbing","AMKC"
"174634","09/02/2022 01:33:00 PM","Slashing","GRVC"
"178860","11/25/2022 03:50:00 PM","Slashing","GRVC"
"179073","11/30/2022 08:14:00 AM","Slashing","GRVC"
"179079","11/30/2022 10:41:00 AM","Stabbing","AMKC"
"179124","11/30/2022 09:38:00 PM","Slashing","AMKC"
"179153","12/01/2022 07:13:00 AM","Stabbing","AMKC"
"179201","12/01/2022 10:29:00 AM","Slashing","GRVC"
"178925","11/26/2022 11:01:00 PM","Stabbing","AMKC"
"179256","12/02/2022 05:51:00 AM","Slashing","AMKC"
"179283","12/02/2022 05:35:00 PM","Slashing","EMTC"
"179408","12/05/2022 09:53:00 PM","Slashing","GRVC"
"179478","12/07/2022 01:47:00 PM","Stabbing","RNDC"
"179622","12/09/2022 11:20:00 PM","Slashing","AMKC"
"179630","12/10/2022 09:25:00 AM","Slashing","RNDC"
"179639","12/10/2022 01:10:00 PM","Slashing","AMKC"
"179695","12/11/2022 11:17:00 PM","Stabbing","RNDC"
"179775","12/13/2022 03:12:00 PM","Slashing","AMKC"
"179894","12/15/2022 05:51:00 PM","Slashing","GRVC"
"179926","12/16/2022 01:18:00 AM","Slashing","AMKC"
"179956","12/16/2022 03:18:00 PM","Slashing","AMKC"
"179964","12/16/2022 07:54:00 PM","Stabbing","GRVC"
"180042","12/18/2022 09:21:00 PM","Slashing","RNDC"
"180068","12/19/2022 04:13:00 PM","Stabbing","RNDC"
"180082","12/19/2022 08:54:00 PM","Stabbing","GRVC"
"180172","12/21/2022 02:41:00 PM","Slashing","GRVC"
"180235","12/22/2022 11:35:00 AM","Stabbing","GRVC"
"180246","12/22/2022 02:12:00 PM","Stabbing","RNDC"
"179223","12/01/2022 08:32:00 PM","Stabbing","RNDC"
"180279","12/23/2022 03:38:00 AM","Stabbing","RNDC"
"180289","12/23/2022 09:08:00 AM","Slashing","RNDC"
"180342","12/24/2022 11:08:00 AM","Slashing","RNDC"
"180364","12/25/2022 02:32:00 AM","Slashing","AMKC"
"180374","12/25/2022 11:02:00 AM","Slashing","GRVC"
"180491","12/27/2022 09:59:00 PM","Slashing","RNDC"
"180515","12/28/2022 12:35:00 PM","Stabbing","GRVC"
"180644","12/30/2022 06:43:00 AM","Stabbing","GRVC"
"180650","12/30/2022 06:57:00 AM","Slashing","RNDC"
"180275","12/22/2022 11:21:00 PM","Stabbing","RNDC"
"183543","02/28/2023 12:43:00 AM","Stabbing","AMKC"
"183391","02/23/2023 11:24:00 PM","Stabbing","EMTC"
"184431","03/19/2023 03:29:00 PM","Stabbing","AMKC"
"184529","03/22/2023 12:48:00 AM","Slashing","AMKC"
"184548","03/22/2023 07:13:00 AM","Slashing","EMTC"
"184588","03/23/2023 01:36:00 AM","Slashing","AMKC"
"184594","03/23/2023 04:54:00 AM","Slashing","AMKC"
"184613","03/23/2023 04:00:00 PM","Slashing","AMKC"
"184615","03/23/2023 04:17:00 PM","Slashing","RNDC"
"184619","03/23/2023 06:00:00 PM","Stabbing","RNDC"
"184643","03/24/2023 02:50:00 AM","Slashing","AMKC"
"184771","03/27/2023 10:00:00 AM","Slashing","QNCTS"
"184805","03/28/2023 04:35:00 AM","Stabbing","AMKC"
"184845","03/29/2023 12:02:00 AM","Slashing","AMKC"
"184895","03/29/2023 10:18:00 PM","Slashing","RNDC"
"184919","03/30/2023 09:07:00 AM","Slashing","GRVC"
"184940","03/30/2023 02:04:00 PM","Stabbing","GRVC"
"185237","04/06/2023 07:24:00 AM","Slashing","GRVC"
"185342","04/07/2023 05:29:00 PM","Slashing","GRVC"
"185398","04/09/2023 10:17:00 PM","Slashing","AMKC"
"185436","04/10/2023 10:54:00 PM","Slashing","EMTC"
"190253","08/06/2023 12:06:00 AM","Stabbing","VCBC"
"185691","04/16/2023 05:24:00 AM","Slashing","EMTC"
"185693","04/16/2023 07:30:00 AM","Stabbing","GRVC"
"185911","04/21/2023 12:23:00 AM","Slashing","VCBC"
"185912","04/21/2023 12:26:00 AM","Stabbing","AMKC"
"186076","04/25/2023 06:35:00 PM","Slashing","RNDC"
"186077","04/25/2023 07:25:00 PM","Slashing","GRVC"
"186150","04/27/2023 12:55:00 PM","Stabbing","AMKC"
"186215","04/29/2023 02:33:00 AM","Slashing","AMKC"
"186015","04/24/2023 09:05:00 AM","Stabbing","EMTC"
"185135","04/04/2023 06:48:00 AM","Stabbing","GRVC"
"185378","04/09/2023 02:56:00 AM","Stabbing","AMKC"
"190274","08/06/2023 02:55:00 PM","Slashing","RNDC"
"180867","01/04/2023 05:48:00 AM","Slashing","RNDC"
"181216","01/11/2023 12:14:00 AM","Stabbing","AMKC"
"181240","01/11/2023 09:37:00 AM","Slashing","GRVC"
"181299","01/12/2023 11:04:00 AM","Slashing","AMKC"
"186255","04/30/2023 10:28:00 AM","Stabbing","GRVC"
"186271","04/30/2023 11:02:00 PM","Stabbing","RNDC"
"181841","01/25/2023 07:56:00 AM","Stabbing","AMKC"
"181956","01/26/2023 07:52:00 PM","Slashing","RNDC"
"182020","01/27/2023 09:33:00 PM","Slashing","GRVC"
"182414","02/03/2023 09:29:00 PM","Slashing","RNDC"
"185595","04/14/2023 08:17:00 AM","Slashing","GRVC"
"186400","05/03/2023 12:30:00 PM","Slashing","AMKC"
"186434","05/04/2023 07:11:00 AM","Stabbing","EMTC"
"186508","05/06/2023 09:58:00 AM","Slashing","GRVC"
"186533","05/06/2023 09:40:00 PM","Slashing","RNDC"
"186295","05/01/2023 03:00:00 PM","Stabbing","GRVC"
"186584","05/08/2023 10:58:00 AM","Slashing","AMKC"
"186594","05/08/2023 03:58:00 PM","Slashing","RNDC"
"186667","05/10/2023 01:56:00 AM","Stabbing","EMTC"
"186562","05/07/2023 10:30:00 PM","Stabbing","RNDC"
"186786","05/12/2023 09:48:00 PM","Slashing","GRVC"
"186810","05/13/2023 02:48:00 PM","Slashing","VCBC"
"186860","05/14/2023 10:05:00 PM","Stabbing","RNDC"
"186707","05/10/2023 10:02:00 PM","Stabbing","AMKC"
"186900","05/15/2023 08:30:00 PM","Stabbing","AMKC"
"186949","05/16/2023 09:17:00 PM","Slashing","AMKC"
"187023","05/18/2023 03:38:00 PM","Slashing","RNDC"
"187073","05/19/2023 06:38:00 PM","Stabbing","AMKC"
"187077","05/19/2023 07:49:00 PM","Slashing","AMKC"
"187081","05/19/2023 09:20:00 PM","Stabbing","AMKC"
"187163","05/22/2023 12:21:00 PM","Stabbing","GRVC"
"187190","05/23/2023 06:45:00 AM","Slashing","EMTC"
"187281","05/24/2023 08:23:00 PM","Slashing","GRVC"
"187285","05/24/2023 10:35:00 PM","Slashing","EMTC"
"187347","05/26/2023 03:46:00 PM","Slashing","GRVC"
"186869","05/15/2023 03:44:00 AM","Stabbing","GRVC"
"187530","05/31/2023 11:38:00 PM","Slashing","GRVC"
"187673","06/04/2023 06:08:00 PM","Slashing","GRVC"
"187678","06/05/2023 01:26:00 AM","Slashing","EMTC"
"187712","06/05/2023 06:59:00 PM","Slashing","RNDC"
"187729","06/06/2023 06:58:00 AM","Slashing","GRVC"
"187731","06/06/2023 09:05:00 AM","Stabbing","EMTC"
"187842","06/07/2023 09:22:00 PM","Slashing","EMTC"
"187989","06/12/2023 10:23:00 PM","Slashing","RNDC"
"188028","06/13/2023 06:33:00 PM","Slashing","RNDC"
"186259","04/30/2023 02:28:00 PM","Slashing","VCBC"
"188068","06/14/2023 04:40:00 PM","Slashing","GRVC"
"188191","06/18/2023 02:00:00 AM","Slashing","AMKC"
"188209","06/18/2023 05:43:00 PM","Slashing","RNDC"
"188312","06/20/2023 09:38:00 PM","Slashing","RNDC"
"188398","06/22/2023 07:28:00 PM","Slashing","AMKC"
"188551","06/27/2023 01:47:00 PM","Stabbing","VCBC"
"188631","06/29/2023 03:23:00 PM","Slashing","RNDC"
"188639","06/29/2023 04:54:00 PM","Slashing","AMKC"
"188038","06/13/2023 10:15:00 PM","Stabbing","RNDC"
"188680","06/30/2023 04:30:00 PM","Slashing","GRVC"
"188696","06/30/2023 10:51:00 PM","Stabbing","AMKC"
"188732","07/01/2023 07:44:00 PM","Slashing","EMTC"
"188830","07/04/2023 06:55:00 PM","Slashing","RESH"
"188831","07/04/2023 07:00:00 PM","Slashing","RESH"
"188848","07/05/2023 12:39:00 PM","Slashing","VCBC"
"188948","07/06/2023 09:18:00 PM","Slashing","RESH"
"189004","07/08/2023 11:45:00 AM","Stabbing","RNDC"
"189067","07/10/2023 01:00:00 PM","Slashing","RESH"
"189088","07/10/2023 09:41:00 PM","Stabbing","RNDC"
"189116","07/11/2023 06:04:00 PM","Slashing","GRVC"
"189175","07/13/2023 12:05:00 AM","Slashing","GRVC"
"189220","07/13/2023 08:40:00 AM","Stabbing","RESH"
"189256","07/14/2023 11:50:00 AM","Stabbing","RNDC"
"189325","07/16/2023 02:33:00 PM","Slashing","RESH"
"183433","02/24/2023 09:26:00 PM","Slashing","RNDC"
"188589","06/28/2023 03:37:00 PM","Stabbing","AMKC"
"189442","07/19/2023 12:03:00 AM","Slashing","RNDC"
"190319","08/07/2023 10:32:00 PM","Slashing","OBCC"
"189422","07/18/2023 05:49:00 PM","Stabbing","RESH"
"189685","07/25/2023 01:36:00 PM","Slashing","AMKC"
"189707","07/25/2023 08:15:00 PM","Stabbing","RNDC"
"189753","07/26/2023 04:50:00 PM","Stabbing","GRVC"
"189801","07/27/2023 01:21:00 PM","Slashing","RESH"
"190358","08/08/2023 05:16:00 PM","Slashing","OBCC"
"190371","08/08/2023 08:07:00 PM","Stabbing","RESH"
"189872","07/28/2023 10:21:00 PM","Stabbing","GRVC"
"189883","07/29/2023 11:00:00 AM","Stabbing","AMKC"
"189910","07/29/2023 10:30:00 PM","Slashing","EMTC"
"189932","07/30/2023 12:09:00 PM","Slashing","EMTC"
"189581","07/21/2023 10:06:00 PM","Stabbing","GRVC"
"190384","08/08/2023 11:30:00 PM","Stabbing","RNDC"
"190409","08/09/2023 08:56:00 AM","Slashing","GRVC"
"190413","08/09/2023 11:27:00 AM","Stabbing","OBCC"
"190436","08/09/2023 07:37:00 PM","Stabbing","RESH"
"190457","08/08/2023 04:43:00 PM","Slashing","GRVC"
"190527","08/11/2023 07:50:00 PM","Slashing","RNDC"
"190544","08/12/2023 06:23:00 AM","Slashing","OBCC"
"190546","08/12/2023 07:38:00 AM","Slashing","OBCC"
"190577","08/12/2023 11:51:00 PM","Slashing","GRVC"
"190606","08/14/2023 12:26:00 AM","Stabbing","OBCC"
"190636","08/14/2023 10:12:00 PM","Stabbing","RNDC"
"190638","08/14/2023 11:07:00 PM","Stabbing","RNDC"
"190710","08/16/2023 07:40:00 PM","Slashing","GRVC"
"190730","08/17/2023 08:12:00 AM","Slashing","RESH"
"190743","08/17/2023 02:53:00 PM","Slashing","RESH"
"190779","08/18/2023 01:18:00 PM","Stabbing","GRVC"
"190783","08/18/2023 03:46:00 PM","Slashing","RNDC"
"190785","08/18/2023 04:33:00 PM","Slashing","RESH"
"190812","08/19/2023 06:32:00 PM","Slashing","EMTC"
"190848","08/20/2023 07:33:00 PM","Slashing","RESH"
"190881","08/21/2023 07:10:00 PM","Stabbing","RNDC"
"190893","08/22/2023 08:33:00 AM","Stabbing","OBCC"
"190999","08/25/2023 09:35:00 AM","Slashing","RESH"
"191017","08/25/2023 09:21:00 PM","Slashing","RNDC"
"191022","08/25/2023 09:55:00 PM","Stabbing","OBCC"
"191064","08/27/2023 12:21:00 PM","Slashing","RESH"
"191095","08/28/2023 12:20:00 AM","Slashing","GRVC"
"191122","08/28/2023 06:34:00 PM","Stabbing","OBCC"
"191157","08/29/2023 04:06:00 PM","Slashing","OBCC"
"191161","08/29/2023 06:02:00 PM","Slashing","RESH"
"191205","08/30/2023 12:29:00 PM","Slashing","OBCC"
"191210","08/30/2023 01:18:00 PM","Stabbing","RNDC"
"191217","08/30/2023 06:30:00 PM","Slashing","EMTC"
"190057","08/01/2023 08:49:00 PM","Stabbing","RESH"
"191261","08/31/2023 06:00:00 PM","Stabbing","RNDC"
"191294","09/01/2023 04:42:00 PM","Stabbing","RESH"
"191319","09/02/2023 09:36:00 AM","Stabbing","GRVC"
"191332","09/02/2023 02:10:00 PM","Slashing","RESH"
"191333","09/02/2023 03:18:00 PM","Slashing","EMTC"
"191359","09/03/2023 12:20:00 AM","Slashing","GRVC"
"191366","09/03/2023 09:00:00 AM","Slashing","GRVC"
"191369","09/03/2023 12:55:00 PM","Slashing","RNDC"
"191385","09/03/2023 07:48:00 PM","Slashing","GRVC"
"191422","09/04/2023 09:47:00 PM","Slashing","OBCC"
"191266","08/31/2023 05:42:00 PM","Stabbing","GRVC"
"191541","09/07/2023 07:35:00 PM","Stabbing","RNDC"
"191642","09/10/2023 01:41:00 AM","Slashing","EMTC"
"191651","09/10/2023 07:53:00 AM","Stabbing","RESH"
"191663","09/10/2023 04:44:00 PM","Stabbing","EMTC"
"191668","09/10/2023 08:46:00 PM","Stabbing","RNDC"
"191691","09/11/2023 10:20:00 AM","Slashing","RESH"
"191719","09/11/2023 11:12:00 PM","Stabbing","RNDC"
"191774","09/13/2023 12:46:00 PM","Slashing","GRVC"
"191776","09/13/2023 01:16:00 PM","Stabbing","GRVC"
"191779","09/13/2023 03:00:00 PM","Stabbing","GRVC"
"191788","09/13/2023 03:24:00 PM","Stabbing","OBCC"
"191819","09/14/2023 01:19:00 AM","Slashing","EMTC"
"191851","09/14/2023 06:55:00 PM","Stabbing","EMTC"
"191863","09/14/2023 08:16:00 PM","Stabbing","RNDC"
"191874","09/15/2023 01:29:00 AM","Stabbing","GRVC"
"191956","09/16/2023 07:08:00 PM","Slashing","EMTC"
"191972","09/17/2023 08:03:00 AM","Slashing","RESH"
"191990","09/17/2023 07:17:00 PM","Stabbing","EMTC"
"192058","09/19/2023 12:42:00 PM","Slashing","RNDC"
"192059","09/19/2023 02:03:00 PM","Slashing","OBCC"
"192064","09/19/2023 04:00:00 PM","Stabbing","RNDC"
"192070","09/19/2023 01:54:00 PM","Slashing","RESH"
"193923","10/31/2023 02:06:00 PM","Stabbing","OBCC"
"192156","09/21/2023 10:04:00 AM","Slashing","RESH"
"192206","09/22/2023 02:54:00 PM","Stabbing","RESH"
"192237","09/23/2023 04:30:00 PM","Slashing","OBCC"
"191542","09/07/2023 07:30:00 PM","Stabbing","RNDC"
"193921","10/31/2023 01:11:00 PM","Stabbing","OBCC"
"194060","11/03/2023 07:53:00 AM","Slashing","OBCC"
"192245","09/24/2023 10:40:00 AM","Stabbing","RNDC"
"192249","09/24/2023 11:47:00 AM","Slashing","EMTC"
"192288","09/25/2023 01:04:00 PM","Slashing","GRVC"
"192308","09/25/2023 09:29:00 PM","Stabbing","RNDC"
"192325","09/26/2023 03:05:00 PM","Slashing","RNDC"
"192367","09/27/2023 11:57:00 AM","Stabbing","RNDC"
"192369","09/27/2023 11:51:00 AM","Stabbing","RNDC"
"192385","09/27/2023 05:39:00 PM","Slashing","RNDC"
"192441","09/28/2023 10:30:00 PM","Slashing","RNDC"
"192079","09/19/2023 04:39:00 PM","Stabbing","RNDC"
"187884","06/08/2023 08:42:00 PM","Slashing","RNDC"
"192496","09/30/2023 12:41:00 PM","Stabbing","GRVC"
"192535","10/01/2023 08:37:00 PM","Slashing","RNDC"
"192537","10/01/2023 09:01:00 PM","Slashing","RNDC"
"192585","10/02/2023 08:00:00 PM","Slashing","RNDC"
"192616","10/03/2023 03:55:00 PM","Stabbing","RESH"
"192692","10/05/2023 09:00:00 AM","Slashing","OBCC"
"192693","10/05/2023 07:52:00 AM","Slashing","OBCC"
"192710","10/05/2023 01:04:00 PM","Stabbing","GRVC"
"192716","10/05/2023 03:10:00 PM","Stabbing","RESH"
"192777","10/06/2023 01:05:00 PM","Slashing","GRVC"
"192782","10/06/2023 08:50:00 PM","Slashing","EMTC"
"192807","10/07/2023 08:20:00 AM","Slashing","OBCC"
"192811","10/07/2023 11:29:00 AM","Stabbing","RESH"
"192821","10/07/2023 07:38:00 PM","Slashing","RNDC"
"192829","10/07/2023 09:13:00 PM","Stabbing","RNDC"
"192882","10/09/2023 12:22:00 AM","Slashing","RNDC"
"192884","10/09/2023 12:48:00 AM","Stabbing","GRVC"
"192951","10/10/2023 12:35:00 PM","Slashing","RESH"
"193044","10/12/2023 12:52:00 PM","Slashing","OBCC"
"193070","10/12/2023 07:06:00 PM","Stabbing","GRVC"
"193162","10/14/2023 04:05:00 PM","Slashing","RNDC"
"193341","10/18/2023 05:58:00 PM","Stabbing","OBCC"
"193358","10/18/2023 10:57:00 PM","Stabbing","RNDC"
"193368","10/19/2023 06:37:00 AM","Slashing","OBCC"
"193373","10/19/2023 08:27:00 AM","Slashing","RNDC"
"193378","10/19/2023 11:47:00 AM","Stabbing","GRVC"
"193435","10/20/2023 11:53:00 AM","Slashing","RESH"
"193455","10/20/2023 06:51:00 PM","Slashing","RNDC"
"193463","10/20/2023 11:32:00 PM","Stabbing","OBCC"
"193644","10/25/2023 12:12:00 AM","Slashing","GRVC"
"193714","10/26/2023 11:06:00 AM","Slashing","RNDC"
"193722","10/26/2023 02:02:00 PM","Stabbing","OBCC"
"193764","10/27/2023 08:19:00 AM","Stabbing","GRVC"
"193783","10/27/2023 07:58:00 PM","Slashing","RESH"
"193832","10/29/2023 06:07:00 AM","Stabbing","EMTC"
"192865","10/08/2023 03:57:00 PM","Stabbing","RNDC"
"194076","11/03/2023 02:20:00 PM","Stabbing","BKCTS"
"194220","11/07/2023 03:43:00 AM","Stabbing","GRVC"
"194240","11/07/2023 02:34:00 PM","Slashing","GRVC"
"194312","11/09/2023 11:09:00 AM","Stabbing","OBCC"
"194439","11/12/2023 07:42:00 AM","Stabbing","GRVC"
"194481","11/13/2023 03:56:00 PM","Slashing","OBCC"
"194521","11/14/2023 07:04:00 PM","Slashing","OBCC"
"194644","11/17/2023 08:55:00 PM","Stabbing","OBCC"
"194721","11/20/2023 12:53:00 PM","Slashing","RNDC"
"194755","11/21/2023 11:38:00 AM","Slashing","EMTC"
"194770","11/21/2023 04:13:00 PM","Slashing","OBCC"
"194815","11/22/2023 01:39:00 PM","Stabbing","GRVC"
"194833","11/22/2023 07:51:00 PM","Stabbing","RNDC"
"194881","11/24/2023 12:49:00 PM","Stabbing","RNDC"
"194931","11/25/2023 10:10:00 PM","Slashing","OBCC"
"194934","11/25/2023 11:14:00 PM","Slashing","EMTC"
"194979","11/27/2023 12:53:00 PM","Slashing","QNCTS"
"195044","11/28/2023 08:57:00 PM","Stabbing","RNDC"
"195063","11/29/2023 01:32:00 PM","Slashing","RNDC"
"195078","11/29/2023 08:15:00 PM","Slashing","GRVC"
"195082","11/29/2023 10:58:00 PM","Slashing","RNDC"
"193957","11/01/2023 01:41:00 AM","Stabbing","EMTC"
"195115","11/30/2023 12:18:00 PM","Slashing","RNDC"
"195140","11/30/2023 09:22:00 PM","Slashing","OBCC"
"195142","12/01/2023 12:35:00 AM","Slashing","EMTC"
"195169","12/01/2023 10:43:00 AM","Stabbing","OBCC"
"195199","12/01/2023 10:30:00 PM","Slashing","RNDC"
"195224","12/02/2023 12:04:00 PM","Slashing","OBCC"
"195407","12/06/2023 10:36:00 AM","Slashing","RNDC"
"195417","12/06/2023 01:18:00 PM","Stabbing","RNDC"
"195445","12/06/2023 09:30:00 PM","Slashing","OBCC"
"195522","12/08/2023 03:18:00 PM","Stabbing","OBCC"
"195537","12/08/2023 09:50:00 PM","Slashing","OBCC"
"195605","12/10/2023 11:20:00 PM","Stabbing","OBCC"
"192363","09/27/2023 08:19:00 AM","Stabbing","RESH"
"192659","10/04/2023 02:57:00 PM","Stabbing","RESH"
"193226","10/16/2023 04:44:00 PM","Stabbing","OBCC"
"193790","10/28/2023 12:15:00 AM","Slashing","EMTC"
"195701","12/12/2023 07:31:00 PM","Slashing","RNDC"
"195704","12/12/2023 09:24:00 PM","Slashing","RNDC"
"195734","12/13/2023 02:33:00 PM","Stabbing","OBCC"
"195882","12/16/2023 10:24:00 PM","Slashing","OBCC"
"195886","12/16/2023 09:45:00 PM","Stabbing","RNDC"
"195905","12/17/2023 03:24:00 PM","Slashing","RESH"
"195910","12/17/2023 05:49:00 PM","Stabbing","RESH"
"195922","12/17/2023 10:50:00 PM","Stabbing","RNDC"
"195926","12/17/2023 11:50:00 PM","Slashing","RNDC"
"196050","12/20/2023 09:55:00 PM","Slashing","GRVC"
"196094","12/21/2023 08:05:00 PM","Slashing","GRVC"
"196181","12/24/2023 11:50:00 PM","Slashing","GRVC"
"196219","12/26/2023 01:19:00 AM","Slashing","GRVC"
"196220","12/26/2023 02:36:00 AM","Stabbing","GRVC"
"196221","12/26/2023 03:32:00 AM","Stabbing","GRVC"
"196261","12/27/2023 04:07:00 PM","Stabbing","OBCC"
"196264","12/27/2023 07:55:00 PM","Slashing","OBCC"
"196281","12/28/2023 08:52:00 AM","Slashing","EMTC"
"196352","12/29/2023 07:44:00 PM","Slashing","OBCC"
"195635","12/11/2023 05:57:00 PM","Stabbing","RNDC"
"196412","12/31/2023 09:40:00 PM","Stabbing","RNDC"
"196438","01/02/2024 07:14:00 AM","Stabbing","RNDC"
"196468","01/02/2024 05:11:00 PM","Slashing","RNDC"
"196537","01/04/2024 11:01:00 AM","Slashing","RNDC"
"196546","01/04/2024 02:43:00 PM","Slashing","RNDC"
"196562","01/04/2024 11:00:00 PM","Slashing","GRVC"
"196622","01/06/2024 11:51:00 AM","Slashing","RESH"
"196640","01/06/2024 04:37:00 PM","Stabbing","GRVC"
"196747","01/09/2024 08:36:00 PM","Stabbing","RNDC"
"196772","01/10/2024 01:04:00 PM","Stabbing","OBCC"
"196787","01/10/2024 06:00:00 PM","Stabbing","GRVC"
"196800","01/10/2024 09:25:00 PM","Stabbing","OBCC"
"196867","01/12/2024 12:03:00 PM","Stabbing","RNDC"
"196876","01/12/2024 06:51:00 PM","Slashing","GRVC"
"196883","01/12/2024 09:44:00 PM","Slashing","OBCC"
"196987","01/15/2024 08:08:00 PM","Slashing","OBCC"
"196998","01/16/2024 08:19:00 AM","Slashing","RNDC"
"197026","01/16/2024 07:04:00 PM","Slashing","OBCC"
"197035","01/16/2024 08:35:00 PM","Slashing","OBCC"
"197125","01/18/2024 10:26:00 PM","Slashing","RNDC"
"197135","01/19/2024 10:08:00 AM","Stabbing","RESH"
"197151","01/19/2024 06:10:00 PM","Stabbing","GRVC"
"197290","01/23/2024 11:42:00 AM","Stabbing","QNCTS"
"197311","01/23/2024 11:16:00 PM","Stabbing","OBCC"
"197427","01/26/2024 08:03:00 AM","Stabbing","RESH"
"197451","01/27/2024 09:41:00 AM","Slashing","EMTC"
"197503","01/28/2024 06:20:00 PM","Stabbing","EMTC"
"197518","01/28/2024 10:23:00 PM","Slashing","RNDC"
"197596","01/30/2024 06:11:00 PM","Slashing","OBCC"
"197671","02/01/2024 10:29:00 AM","Slashing","RNDC"
"197722","02/02/2024 05:30:00 PM","Slashing","RNDC"
"197727","02/02/2024 01:20:00 PM","Stabbing","RNDC"
"197754","02/03/2024 02:28:00 PM","Slashing","GRVC"
"197759","02/03/2024 06:05:00 PM","Slashing","RESH"
"197762","02/03/2024 09:06:00 PM","Slashing","OBCC"
"197865","02/06/2024 12:09:00 PM","Stabbing","GRVC"
"197886","02/06/2024 09:18:00 PM","Slashing","OBCC"
"197911","02/07/2024 02:55:00 PM","Slashing","OBCC"
"197925","02/07/2024 09:04:00 PM","Slashing","GRVC"
"198082","02/12/2024 01:40:00 PM","Slashing","OBCC"
"198087","02/12/2024 04:27:00 PM","Stabbing","GRVC"
"198104","02/13/2024 09:34:00 AM","Stabbing","GRVC"
"198110","02/13/2024 01:00:00 PM","Slashing","GRVC"
"198114","02/13/2024 03:00:00 PM","Slashing","GRVC"
"198136","02/13/2024 08:02:00 PM","Slashing","AMKC"
"198137","02/13/2024 07:51:00 PM","Slashing","AMKC"
"198158","02/14/2024 01:24:00 PM","Slashing","GRVC"
"198181","02/15/2024 09:31:00 AM","Stabbing","RESH"
"198210","02/15/2024 04:22:00 PM","Slashing","OBCC"
"198252","02/16/2024 04:17:00 PM","Slashing","RNDC"
"198291","02/17/2024 12:20:00 PM","Slashing","RNDC"
"198352","02/19/2024 03:28:00 PM","Stabbing","GRVC"
"198363","02/19/2024 09:00:00 PM","Stabbing","RESH"
"198524","02/23/2024 12:00:00 PM","Slashing","RESH"
"198560","02/24/2024 09:17:00 AM","Slashing","EMTC"
"198603","02/26/2024 08:09:00 AM","Slashing","GRVC"
"197252","01/22/2024 02:42:00 PM","Slashing","RNDC"
"198815","03/01/2024 08:23:00 AM","Slashing","GRVC"
"198817","03/01/2024 11:48:00 AM","Slashing","RNDC"
"198881","03/03/2024 04:11:00 PM","Slashing","RESH"
"198859","03/02/2024 10:39:00 PM","Stabbing","EMTC"
"202263","05/31/2024 11:57:00 AM","Slashing","RNDC"
"198890","03/03/2024 07:56:00 PM","Slashing","RNDC"
"199082","03/07/2024 10:07:00 PM","Stabbing","RNDC"
"199126","03/09/2024 10:11:00 AM","Slashing","OBCC"
"199147","03/10/2024 12:50:00 AM","Slashing","EMTC"
"199175","03/10/2024 08:39:00 PM","Slashing","RNDC"
"199205","03/11/2024 09:00:00 PM","Stabbing","GRVC"
"199218","03/12/2024 01:59:00 AM","Stabbing","EMTC"
"199279","03/13/2024 10:54:00 AM","Slashing","RESH"
"199421","03/16/2024 11:34:00 AM","Slashing","RESH"
"199456","03/17/2024 12:10:00 PM","Slashing","RNDC"
"199465","03/17/2024 03:02:00 PM","Stabbing","RESH"
"199486","03/18/2024 01:12:00 PM","Stabbing","EMTC"
"199614","03/21/2024 06:46:00 AM","Slashing","EMTC"
"199652","03/22/2024 06:41:00 AM","Slashing","OBCC"
"199749","03/24/2024 05:57:00 PM","Stabbing","RESH"
"199757","03/24/2024 07:35:00 PM","Slashing","RESH"
"199825","03/27/2024 07:17:00 AM","Stabbing","OBCC"
"199829","03/27/2024 08:32:00 AM","Stabbing","RESH"
"199847","03/27/2024 12:25:00 PM","Slashing","RESH"
"199851","03/27/2024 06:20:00 PM","Slashing","RESH"
"199917","03/29/2024 07:04:00 PM","Stabbing","OBCC"
"199944","03/30/2024 09:49:00 PM","Slashing","GRVC"
"199954","03/31/2024 01:40:00 PM","Slashing","OBCC"
"199961","03/31/2024 03:41:00 PM","Stabbing","GRVC"
"199967","03/31/2024 05:35:00 PM","Slashing","GRVC"
"200077","04/03/2024 12:23:00 PM","Stabbing","OBCC"
"200158","04/05/2024 12:21:00 PM","Stabbing","RNDC"
"200174","04/05/2024 07:43:00 PM","Stabbing","GRVC"
"200179","04/05/2024 08:12:00 PM","Stabbing","RNDC"
"200200","04/06/2024 08:37:00 AM","Stabbing","RNDC"
"200204","04/06/2024 11:44:00 AM","Slashing","OBCC"
"200307","04/08/2024 10:05:00 PM","Stabbing","OBCC"
"200358","04/10/2024 04:19:00 AM","Slashing","OBCC"
"200531","04/13/2024 09:16:00 PM","Slashing","GRVC"
"200588","04/15/2024 04:33:00 PM","Stabbing","RESH"
"200672","04/17/2024 04:26:00 AM","Slashing","EMTC"
"200694","04/17/2024 07:44:00 AM","Slashing","GRVC"
"200709","04/17/2024 10:05:00 PM","Slashing","EMTC"
"200721","04/18/2024 02:21:00 AM","Stabbing","RNDC"
"200754","04/18/2024 09:28:00 PM","Slashing","GRVC"
"200821","04/20/2024 11:35:00 PM","Slashing","GRVC"
"200824","04/21/2024 12:38:00 AM","Slashing","GRVC"
"200883","04/22/2024 05:36:00 PM","Slashing","OBCC"
"200893","04/22/2024 10:47:00 PM","Slashing","GRVC"
"200995","04/25/2024 08:07:00 PM","Slashing","RESH"
"201060","04/28/2024 06:49:00 AM","Stabbing","OBCC"
"201079","04/28/2024 05:55:00 PM","Slashing","RESH"
"199497","03/18/2024 04:10:00 PM","Slashing","RESH"
"201135","04/30/2024 02:33:00 PM","Stabbing","RESH"
"201173","05/01/2024 10:39:00 AM","Slashing","OBCC"
"201279","05/03/2024 04:44:00 PM","Slashing","RESH"
"201325","05/04/2024 05:40:00 PM","Stabbing","OBCC"
"201367","05/06/2024 09:43:00 AM","Slashing","RESH"
"201382","05/06/2024 03:52:00 PM","Slashing","RESH"
"201388","05/06/2024 02:56:00 PM","Stabbing","OBCC"
"201670","05/14/2024 01:18:00 PM","Slashing","OBCC"
"201679","05/14/2024 06:09:00 PM","Stabbing","GRVC"
"201683","05/14/2024 07:42:00 PM","Stabbing","RNDC"
"201789","05/17/2024 12:37:00 PM","Stabbing","EMTC"
"201895","05/20/2024 06:37:00 PM","Stabbing","RESH"
"201932","05/21/2024 04:28:00 PM","Slashing","RESH"
"201933","05/21/2024 06:50:00 PM","Slashing","GRVC"
"201996","05/23/2024 01:10:00 PM","Slashing","RESH"
"202020","05/23/2024 04:33:00 PM","Slashing","RNDC"
"202021","05/24/2024 06:53:00 AM","Slashing","OBCC"
"202126","05/27/2024 10:57:00 AM","Slashing","GRVC"
"200372","04/10/2024 01:11:00 PM","Stabbing","RNDC"
"202292","06/01/2024 02:19:00 PM","Slashing","GRVC"
"202297","06/01/2024 05:38:00 PM","Stabbing","RNDC"
"202313","06/01/2024 11:49:00 PM","Slashing","OBCC"
"202385","06/04/2024 01:35:00 AM","Slashing","EMTC"
"202446","06/05/2024 02:10:00 PM","Stabbing","GRVC"
"202482","06/06/2024 04:37:00 PM","Stabbing","OBCC"
"202493","06/06/2024 10:38:00 PM","Stabbing","OBCC"
"202529","06/08/2024 07:50:00 AM","Stabbing","RNDC"
"202572","06/10/2024 12:44:00 AM","Slashing","EMTC"
"202591","06/10/2024 02:12:00 PM","Stabbing","OBCC"
"202600","06/10/2024 06:52:00 PM","Slashing","RESH"
"202678","06/12/2024 09:05:00 PM","Slashing","RNDC"
"202715","06/13/2024 06:48:00 PM","Stabbing","RNDC"
"202720","06/13/2024 10:40:00 PM","Slashing","RNDC"
"202759","06/15/2024 03:41:00 PM","Stabbing","GRVC"
"202800","06/16/2024 09:53:00 PM","Stabbing","RNDC"
"202883","06/19/2024 02:58:00 AM","Stabbing","WF"
"202888","06/19/2024 08:38:00 AM","Stabbing","OBCC"
"202913","06/19/2024 08:13:00 PM","Slashing","RNDC"
"202940","06/20/2024 02:51:00 PM","Slashing","RNDC"
"202941","06/20/2024 02:53:00 PM","Stabbing","EMTC"
"203199","06/27/2024 09:52:00 PM","Slashing","EMTC"
"203200","06/27/2024 10:30:00 PM","Slashing","OBCC"
"203271","06/30/2024 09:26:00 AM","Slashing","RESH"
"203293","06/30/2024 10:58:00 PM","Slashing","GRVC"
"203298","06/30/2024 11:58:00 PM","Slashing","GRVC"
"203301","07/01/2024 06:41:00 AM","Slashing","GRVC"
"203514","07/07/2024 11:32:00 PM","Slashing","GRVC"
"203702","07/11/2024 12:20:00 PM","Slashing","RNDC"
"203894","07/16/2024 10:10:00 PM","Stabbing","RNDC"
"203900","07/16/2024 10:10:00 PM","Stabbing","RNDC"
"203971","07/18/2024 07:36:00 PM","Slashing","OBCC"
"203998","07/19/2024 07:22:00 PM","Slashing","RNDC"
"204004","07/19/2024 09:42:00 PM","Stabbing","OBCC"
"204023","07/21/2024 03:00:00 PM","Slashing","RESH"
"204131","07/24/2024 02:05:00 PM","Slashing","RNDC"
"204161","07/25/2024 07:47:00 AM","Slashing","GRVC"
"204240","07/28/2024 01:19:00 AM","Stabbing","EMTC"
"204254","07/28/2024 03:04:00 PM","Stabbing","RESH"
"204270","07/29/2024 09:50:00 AM","Stabbing","EMTC"
"204337","07/30/2024 10:27:00 PM","Stabbing","RNDC"
"202835","06/17/2024 10:06:00 PM","Slashing","OBCC"
"204189","07/26/2024 04:57:00 AM","Stabbing","RNDC"
"204454","08/02/2024 10:46:00 PM","Stabbing","OBCC"
"204466","08/03/2024 04:54:00 PM","Slashing","OBCC"
"204492","08/04/2024 02:18:00 PM","Slashing","OBCC"
"204520","08/05/2024 10:12:00 AM","Stabbing","WF"
"204529","08/05/2024 12:40:00 PM","Slashing","NIC"
"204549","08/05/2024 11:41:00 PM","Stabbing","OBCC"
"204596","08/07/2024 10:03:00 AM","Slashing","EMTC"
"204606","08/07/2024 02:25:00 PM","Slashing","RESH"
"204694","08/09/2024 02:09:00 PM","Stabbing","RNDC"
"204701","08/09/2024 03:40:00 PM","Stabbing","RESH"
"204969","08/16/2024 09:15:00 AM","Slashing","OBCC"
"205054","08/19/2024 10:10:00 AM","Stabbing","RNDC"
"205079","08/20/2024 07:05:00 AM","Slashing","OBCC"
"205183","08/23/2024 02:31:00 PM","Slashing","OBCC"
"205202","08/23/2024 08:36:00 PM","Slashing","GRVC"
"205278","08/26/2024 08:43:00 PM","Slashing","EMTC"
"205301","08/27/2024 05:09:00 PM","Stabbing","RESH"
"205420","08/30/2024 03:48:00 PM","Slashing","OBCC"
"205381","08/29/2024 12:16:00 PM","Slashing","GRVC"
"205476","09/01/2024 10:26:00 PM","Slashing","GRVC"
"205528","09/03/2024 10:09:00 PM","Stabbing","RNDC"
"205619","09/06/2024 12:33:00 PM","Slashing","GRVC"
"205628","09/06/2024 05:35:00 PM","Stabbing","EMTC"
"205640","09/06/2024 09:08:00 PM","Stabbing","OBCC"
"205641","09/06/2024 10:01:00 PM","Slashing","OBCC"
"205643","09/06/2024 10:01:00 PM","Slashing","OBCC"
"205658","09/07/2024 07:39:00 AM","Slashing","OBCC"
"205674","09/07/2024 09:41:00 PM","Slashing","RNDC"
"205730","09/09/2024 06:08:00 PM","Slashing","OBCC"
"205738","09/09/2024 10:05:00 PM","Slashing","RNDC"
"205753","09/10/2024 01:24:00 PM","Stabbing","RNDC"
"205896","09/13/2024 07:31:00 PM","Stabbing","GRVC"
"205902","09/13/2024 09:35:00 PM","Slashing","RNDC"
"205913","09/14/2024 06:29:00 AM","Slashing","OBCC"
"205927","09/14/2024 12:45:00 PM","Stabbing","OBCC"
"205929","09/14/2024 03:49:00 PM","Stabbing","RMSC"
"205935","09/14/2024 06:41:00 PM","Slashing","WF"
"205970","09/15/2024 03:16:00 PM","Stabbing","RNDC"
"205972","09/15/2024 03:52:00 PM","Stabbing","OBCC"
"205975","09/15/2024 05:28:00 PM","Slashing","RESH"
"205994","09/16/2024 01:58:00 AM","Stabbing","EMTC"
"206036","09/17/2024 10:05:00 AM","Stabbing","GRVC"
"206176","09/19/2024 11:47:00 PM","Slashing","OBCC"
"206223","09/21/2024 08:14:00 AM","Slashing","OBCC"
"206255","09/22/2024 01:10:00 PM","Slashing","EMTC"
"206343","09/24/2024 07:30:00 PM","Stabbing","OBCC"
"206374","09/25/2024 02:14:00 PM","Slashing","RNDC"
"206506","09/28/2024 05:52:00 PM","Slashing","GRVC"
"206550","09/30/2024 08:51:00 AM","Stabbing","OBCC"
"205428","08/30/2024 09:30:00 PM","Stabbing","OBCC"
"206551","09/30/2024 08:03:00 AM","Stabbing","RNDC"
"206566","09/30/2024 02:02:00 PM","Slashing","GRVC"
"206882","10/08/2024 06:59:00 AM","Slashing","RNDC"
"206898","10/08/2024 02:28:00 PM","Slashing","RNDC"
"207027","10/11/2024 01:24:00 PM","Slashing","GRVC"
"207075","10/13/2024 11:13:00 AM","Slashing","GRVC"
"207084","10/13/2024 04:29:00 PM","Slashing","OBCC"
"207131","10/14/2024 10:23:00 PM","Slashing","RNDC"
"207545","10/25/2024 01:24:00 PM","Stabbing","OBCC"
"207814","10/31/2024 11:56:00 PM","Stabbing","OBCC"
"207824","11/01/2024 11:10:00 AM","Stabbing","GRVC"
"207832","11/01/2024 04:19:00 PM","Stabbing","RNDC"
"207857","11/02/2024 11:32:00 AM","Slashing","RESH"
"207874","11/02/2024 09:26:00 PM","Slashing","RNDC"
"207878","11/02/2024 11:49:00 PM","Stabbing","GRVC"
"207913","11/03/2024 09:48:00 PM","Stabbing","OBCC"
"207933","11/04/2024 01:03:00 PM","Stabbing","GRVC"
"208004","11/06/2024 02:36:00 AM","Slashing","OBCC"
"208015","11/06/2024 10:38:00 AM","Slashing","RESH"
"208200","11/10/2024 08:39:00 PM","Slashing","GRVC"
"208353","11/14/2024 05:06:00 PM","Slashing","GRVC"
"208455","11/16/2024 06:14:00 PM","Slashing","RNDC"
"208496","11/18/2024 06:24:00 AM","Stabbing","OBCC"
"208531","11/18/2024 06:55:00 PM","Slashing","EMTC"
"208544","11/19/2024 03:53:00 AM","Stabbing","GRVC"
"208704","11/22/2024 09:45:00 PM","Slashing","TD"
"207141","10/15/2024 02:20:00 AM","Stabbing","RNDC"
"207213","10/16/2024 06:33:00 PM","Stabbing","RNDC"
"207226","10/16/2024 11:45:00 PM","Stabbing","RNDC"
"207239","10/17/2024 09:09:00 AM","Slashing","MNCT"
"207356","10/20/2024 10:00:00 PM","Slashing","OBCC"
"207375","10/21/2024 01:59:00 PM","Slashing","RESH"
"207396","10/21/2024 10:28:00 PM","Slashing","OBCC"
"207446","10/22/2024 07:32:00 PM","Stabbing","GRVC"
"207559","10/25/2024 06:58:00 PM","Stabbing","OBCC"
"207666","10/28/2024 03:35:00 PM","Slashing","RNDC"
"207669","10/28/2024 05:09:00 PM","Slashing","RNDC"
"207736","10/30/2024 07:05:00 AM","Stabbing","GRVC"
"208966","11/30/2024 11:32:00 AM","Slashing","OBCC"
"209027","12/01/2024 07:40:00 PM","Slashing","RESH"
"209046","12/02/2024 09:56:00 AM","Slashing","OBCC"
"209120","12/03/2024 04:28:00 PM","Slashing","RESH"
"209337","12/07/2024 07:16:00 AM","Stabbing","GRVC"
"209663","12/14/2024 10:50:00 AM","Slashing","RESH"
"208060","11/07/2024 11:50:00 AM","Slashing","RNDC"
"208084","11/07/2024 09:59:00 PM","Slashing","OBCC"
"208180","11/10/2024 12:57:00 PM","Slashing","RNDC"
"208203","11/10/2024 10:30:00 PM","Slashing","RNDC"
"208435","11/16/2024 11:20:00 AM","Slashing","OBCC"
"208503","11/18/2024 10:10:00 AM","Stabbing","RNDC"
"208689","11/22/2024 04:01:00 PM","Slashing","WF"
"208861","11/26/2024 06:04:00 PM","Stabbing","OBCC"
"209854","12/19/2024 09:03:00 AM","Slashing","OBCC"
"209900","12/20/2024 12:40:00 PM","Stabbing","GRVC"
"209946","12/21/2024 03:35:00 PM","Stabbing","OBCC"
"210029","12/23/2024 08:00:00 PM","Stabbing","GRVC"
"210176","12/27/2024 05:26:00 PM","Slashing","OBCC"
"210193","12/28/2024 12:28:00 AM","Slashing","RNDC"
"210267","12/30/2024 01:33:00 PM","Stabbing","OBCC"
"210280","12/30/2024 04:08:00 PM","Slashing","OBCC"
"207882","11/03/2024 01:08:00 AM","Slashing","EMTC"
"207974","11/05/2024 11:38:00 AM","Stabbing","RMSC"
"208204","11/10/2024 11:13:00 PM","Stabbing","WF"
"209035","12/02/2024 02:49:00 AM","Slashing","RMSC"
"209493","12/10/2024 08:04:00 PM","Slashing","EMTC"
"209997","12/23/2024 02:17:00 AM","Slashing","EMTC"
"210359","01/01/2025 07:35:00 AM","Slashing","OBCC"
"210450","01/03/2025 06:49:00 AM","Slashing","GRVC"
"210495","01/04/2025 10:55:00 AM","Stabbing","GRVC"
"210513","01/04/2025 07:18:00 PM","Slashing","OBCC"
"210546","01/05/2025 09:38:00 PM","Slashing","OBCC"
"210685","01/09/2025 06:07:00 AM","Stabbing","EMTC"
"210888","01/14/2025 11:56:00 AM","Stabbing","GRVC"
"210935","01/15/2025 05:13:00 AM","Slashing","RNDC"
"211090","01/17/2025 11:32:00 PM","Slashing","OBCC"
"211118","01/18/2025 06:19:00 PM","Slashing","RESH"
"211206","01/20/2025 07:13:00 PM","Stabbing","GRVC"
"211372","01/24/2025 04:58:00 PM","Stabbing","GRVC"
"211413","01/25/2025 03:11:00 PM","Slashing","RNDC"
"211446","01/26/2025 11:57:00 AM","Slashing","RESH"
"211454","01/26/2025 04:20:00 PM","Stabbing","GRVC"
"211536","01/28/2025 12:22:00 PM","Slashing","BXCT"
"211589","01/29/2025 12:41:00 PM","Slashing","RESH"
"207305","10/19/2024 09:24:00 AM","Stabbing","OBCC"
"207763","10/30/2024 02:56:00 PM","Slashing","RESH"
"208109","11/08/2024 05:19:00 PM","Slashing","OBCC"
"208514","11/18/2024 12:05:00 PM","Stabbing","OBCC"
"208879","11/27/2024 08:20:00 AM","Stabbing","OBCC"
"209085","12/03/2024 01:12:00 AM","Stabbing","RNDC"
"209131","12/03/2024 09:05:00 PM","Slashing","RNDC"
"209264","12/05/2024 10:30:00 PM","Slashing","OBCC"
"209634","12/13/2024 08:41:00 PM","Slashing","RNDC"
"209705","12/15/2024 05:29:00 PM","Slashing","OBCC"
"209750","12/16/2024 07:43:00 PM","Slashing","RNDC"
"209801","12/17/2024 09:47:00 PM","Stabbing","OBCC"
"210008","12/23/2024 11:28:00 AM","Slashing","GRVC"
"210162","12/27/2024 03:29:00 AM","Slashing","OBCC"
"210292","12/30/2024 08:05:00 PM","Slashing","RNDC"
"211830","02/05/2025 12:15:00 PM","Stabbing","GRVC"
"211862","02/06/2025 07:26:00 AM","Slashing","GRVC"
"211913","02/07/2025 11:16:00 AM","Slashing","GRVC"
"211934","02/07/2025 08:53:00 PM","Stabbing","RNDC"
"212052","02/11/2025 02:49:00 PM","Stabbing","EMTC"
"212237","02/16/2025 09:35:00 PM","Stabbing","GRVC"
"212271","02/17/2025 08:06:00 PM","Slashing","EMTC"
"212540","02/23/2025 05:56:00 PM","Stabbing","GRVC"
"212542","02/23/2025 06:14:00 PM","Slashing","EMTC"
"212707","02/26/2025 06:00:00 PM","Slashing","OBCC"
"209303","12/06/2024 02:45:00 PM","Slashing","RMSC"
"212805","02/28/2025 08:23:00 PM","Slashing","GRVC"
"212883","03/03/2025 10:05:00 AM","Stabbing","RNDC"
"213012","03/05/2025 10:29:00 PM","Stabbing","GRVC"
"213051","03/06/2025 07:56:00 PM","Stabbing","RNDC"
"213085","03/07/2025 01:50:00 PM","Slashing","GRVC"
"213151","03/09/2025 08:35:00 AM","Slashing","RESH"
"213157","03/09/2025 05:43:00 PM","Slashing","RNDC"
"213307","03/13/2025 02:00:00 AM","Stabbing","OBCC"
"213383","03/14/2025 01:55:00 PM","Stabbing","RNDC"
"213434","03/15/2025 10:36:00 PM","Slashing","RNDC"
"213438","03/16/2025 02:19:00 AM","Slashing","EMTC"
"213446","03/16/2025 01:57:00 PM","Slashing","OBCC"
"213743","03/23/2025 10:13:00 PM","Slashing","RNDC"
"213758","03/24/2025 12:08:00 PM","Slashing","EMTC"
"211073","01/17/2025 11:03:00 AM","Stabbing","OBCC"
"212505","02/23/2025 12:41:00 AM","Stabbing","OBCC"
"212624","02/25/2025 02:15:00 PM","Stabbing","OBCC"
"212657","02/25/2025 09:39:00 PM","Slashing","OBCC"
"214116","04/01/2025 03:39:00 PM","Slashing","OBCC"
"214172","04/02/2025 03:36:00 PM","Slashing","RMSC"
"214173","04/02/2025 08:15:00 PM","Slashing","OBCC"
"214276","04/04/2025 01:20:00 PM","Slashing","RNDC"
"214297","04/04/2025 08:43:00 PM","Stabbing","RESH"
"214340","04/05/2025 10:21:00 AM","Stabbing","RNDC"
"214390","04/06/2025 09:24:00 PM","Slashing","RNDC"
"214400","04/06/2025 11:49:00 PM","Slashing","OBCC"
"214517","04/09/2025 03:38:00 PM","Stabbing","GRVC"
"214864","04/17/2025 01:50:00 PM","Slashing","GRVC"
"214879","04/17/2025 01:00:00 PM","Slashing","OBCC"
"214037","03/30/2025 04:26:00 PM","Slashing","EMTC"
"214897","04/17/2025 10:19:00 PM","Slashing","GRVC"
"214930","04/18/2025 11:30:00 AM","Slashing","RESH"
"215000","04/20/2025 10:50:00 AM","Slashing","OBCC"
"215042","04/21/2025 01:38:00 PM","Slashing","OBCC"
"215058","04/22/2025 06:46:00 AM","Slashing","EMTC"
"215114","04/23/2025 08:36:00 AM","Slashing","RESH"
"215233","04/25/2025 02:39:00 PM","Stabbing","GRVC"
"215234","04/25/2025 05:46:00 PM","Slashing","GRVC"
"215293","04/26/2025 07:54:00 PM","Stabbing","OBCC"
"215343","04/27/2025 10:05:00 PM","Stabbing","RNDC"
"209961","12/22/2024 08:55:00 AM","Stabbing","RNDC"
"210837","01/13/2025 01:19:00 PM","Slashing","RNDC"
"210859","01/13/2025 09:57:00 PM","Stabbing","RNDC"
"211142","01/19/2025 07:46:00 AM","Stabbing","RNDC"
"211775","02/03/2025 08:07:00 PM","Stabbing","OBCC"
"212261","02/17/2025 04:08:00 PM","Slashing","OBCC"
"213294","03/12/2025 10:10:00 PM","Stabbing","RNDC"
"213498","03/17/2025 08:36:00 PM","Slashing","EMTC"
"215450","04/30/2025 05:54:00 AM","Slashing","EMTC"
"215500","04/30/2025 07:27:00 PM","Stabbing","OBCC"
"215561","05/01/2025 10:11:00 PM","Stabbing","OBCC"
"215628","05/03/2025 02:27:00 PM","Slashing","RMSC"
"215630","05/03/2025 02:01:00 PM","Stabbing","RNDC"
"215674","05/04/2025 07:28:00 PM","Stabbing","RESH"
"215754","05/06/2025 04:49:00 PM","Slashing","EMTC"
"215807","05/07/2025 02:33:00 PM","Slashing","RNDC"
"215906","05/09/2025 12:50:00 PM","Slashing","OBCC"
"215967","05/10/2025 09:47:00 PM","Slashing","RNDC"
"215973","05/10/2025 10:36:00 PM","Slashing","RNDC"
"215994","05/11/2025 02:53:00 PM","Slashing","RNDC"
"216046","05/12/2025 10:28:00 PM","Slashing","OBCC"
"216210","05/16/2025 10:30:00 PM","Slashing","RNDC"
"216254","05/18/2025 06:45:00 AM","Stabbing","OBCC"
"216264","05/18/2025 12:02:00 PM","Stabbing","EMTC"
"216285","05/18/2025 09:36:00 PM","Slashing","RNDC"
"216352","05/20/2025 01:00:00 PM","Stabbing","GRVC"
"216458","05/23/2025 03:27:00 PM","Stabbing","RNDC"
"216473","05/23/2025 06:49:00 PM","Stabbing","OBCC"
"216507","05/24/2025 07:43:00 PM","Slashing","OBCC"
"216520","05/25/2025 12:02:00 AM","Stabbing","EMTC"
"216568","05/25/2025 10:10:00 PM","Stabbing","OBCC"
"216608","05/26/2025 10:23:00 PM","Stabbing","RNDC"
"216705","05/28/2025 02:43:00 PM","Slashing","RNDC"
"216756","05/29/2025 06:18:00 PM","Slashing","OBCC"
"215193","04/24/2025 07:30:00 PM","Stabbing","GRVC"
"215207","04/24/2025 10:15:00 PM","Slashing","GRVC"
"215331","04/27/2025 02:25:00 PM","Slashing","OBCC"
"215418","04/29/2025 11:20:00 AM","Slashing","OBCC"
"216910","06/02/2025 04:08:00 PM","Slashing","OBCC"
"216923","06/03/2025 12:20:00 AM","Stabbing","OBCC"
"217008","06/04/2025 06:09:00 PM","Stabbing","RESH"
"217101","06/06/2025 07:00:00 PM","Slashing","GRVC"
"217179","06/08/2025 10:57:00 PM","Stabbing","RNDC"
"217202","06/09/2025 03:04:00 PM","Slashing","EMTC"
"217216","06/09/2025 07:07:00 PM","Stabbing","RNDC"
"217261","06/10/2025 07:55:00 PM","Slashing","OBCC"
"217269","06/10/2025 08:48:00 PM","Stabbing","OBCC"
"217409","06/13/2025 03:18:00 PM","Slashing","RESH"
"217485","06/15/2025 06:39:00 PM","Stabbing","RESH"
"217488","06/15/2025 06:44:00 PM","Slashing","RESH"
"217502","06/15/2025 11:11:00 PM","Slashing","GRVC"
"217572","06/17/2025 03:28:00 PM","Slashing","OBCC"
"217648","06/19/2025 06:25:00 AM","Slashing","GRVC"
"217681","06/20/2025 09:51:00 AM","Slashing","RNDC"
"217744","06/21/2025 11:53:00 AM","Stabbing","GRVC"
"217758","06/21/2025 06:44:00 PM","Stabbing","OBCC"
"217765","06/21/2025 09:35:00 PM","Slashing","GRVC"
"217819","06/23/2025 12:22:00 PM","Stabbing","RESH"
"217830","06/23/2025 06:43:00 PM","Slashing","OBCC"
"217872","06/24/2025 12:03:00 PM","Stabbing","OBCC"
"217877","06/24/2025 04:42:00 PM","Slashing","RESH"
"218014","06/26/2025 10:25:00 PM","Slashing","RNDC"
"216488","05/24/2025 08:34:00 AM","Slashing","GRVC"
"216931","06/03/2025 07:24:00 AM","Slashing","RNDC"
"217583","06/17/2025 09:22:00 PM","Slashing","OBCC"
"215856","05/08/2025 03:39:00 PM","Stabbing","RNDC"
"217754","06/21/2025 03:40:00 PM","Slashing","RNDC"
"218058","06/27/2025 11:25:00 PM","Slashing","OBCC"
"218097","06/28/2025 06:49:00 PM","Slashing","EMTC"
"218128","06/29/2025 03:30:00 PM","Stabbing","RNDC"
"218138","06/29/2025 07:01:00 PM","Slashing","OBCC"
"218191","06/30/2025 09:47:00 PM","Stabbing","OBCC"
"218279","07/02/2025 07:12:00 PM","Slashing","EMTC"
"218336","07/03/2025 10:32:00 PM","Slashing","GRVC"
"218432","07/07/2025 01:42:00 AM","Slashing","EMTC"
"218460","07/07/2025 03:53:00 PM","Stabbing","RNDC"
"218555","07/09/2025 09:28:00 PM","Slashing","RNDC"
"218610","07/10/2025 04:36:00 PM","Stabbing","OBCC"
"218706","07/13/2025 04:27:00 PM","Slashing","RNDC"
"218723","07/14/2025 12:24:00 AM","Slashing","EMTC"
"218763","07/14/2025 10:56:00 PM","Stabbing","EMTC"
"218782","07/15/2025 03:16:00 PM","Stabbing","GRVC"
"218806","07/15/2025 11:44:00 PM","Slashing","RNDC"
"218890","07/17/2025 10:34:00 PM","Slashing","RMSC"
"218942","07/19/2025 02:02:00 PM","Stabbing","GRVC"
"218944","07/19/2025 03:56:00 PM","Slashing","RNDC"
"218976","07/20/2025 01:41:00 PM","Slashing","OBCC"
"219146","07/23/2025 09:08:00 PM","Stabbing","RNDC"
"219335","07/28/2025 04:44:00 PM","Stabbing","OBCC"
"219432","07/30/2025 09:36:00 PM","Stabbing","GRVC"
"218031","06/27/2025 09:24:00 AM","Slashing","RESH"
"218096","06/28/2025 05:00:00 PM","Stabbing","EMTC"
"218912","07/18/2025 02:15:00 PM","Slashing","OBCC"
"219614","08/04/2025 07:47:00 AM","Stabbing","OBCC"
"219633","08/04/2025 04:10:00 PM","Slashing","RNDC"
"219701","08/06/2025 07:48:00 AM","Slashing","GRVC"
"219716","08/06/2025 04:42:00 PM","Slashing","RNDC"
"219779","08/07/2025 09:13:00 PM","Slashing","RNDC"
"219820","08/08/2025 10:38:00 PM","Slashing","OBCC"
"219842","08/09/2025 10:37:00 AM","Slashing","OBCC"
"219860","08/09/2025 06:13:00 PM","Slashing","EMTC"
"219872","08/09/2025 08:40:00 PM","Stabbing","OBCC"
"219903","08/10/2025 01:38:00 PM","Slashing","RNDC"
"220083","08/14/2025 05:09:00 PM","Slashing","OBCC"
"220095","08/14/2025 09:00:00 PM","Slashing","RNDC"
"220130","08/15/2025 06:26:00 PM","Stabbing","GRVC"
"220152","08/16/2025 02:13:00 PM","Stabbing","OBCC"
"220201","08/17/2025 09:20:00 PM","Stabbing","RNDC"
"220260","08/19/2025 10:52:00 AM","Stabbing","RNDC"
"220277","08/19/2025 09:54:00 PM","Stabbing","GRVC"
"220279","08/19/2025 10:54:00 PM","Stabbing","RNDC"
"220282","08/19/2025 11:19:00 PM","Stabbing","OBCC"
"220370","08/21/2025 09:27:00 PM","Slashing","GRVC"
"220504","08/26/2025 07:19:00 AM","Stabbing","OBCC"
"220640","08/29/2025 06:30:00 PM","Slashing","RESH"
"218062","06/28/2025 01:37:00 AM","Stabbing","EMTC"
"218905","07/18/2025 01:43:00 PM","Stabbing","GRVC"
"219111","07/23/2025 10:51:00 AM","Stabbing","GRVC"
"219387","07/29/2025 07:32:00 PM","Stabbing","OBCC"
"219400","07/29/2025 09:38:00 PM","Stabbing","RNDC"
"219410","07/30/2025 12:23:00 PM","Stabbing","GRVC"
"220726","09/01/2025 12:49:00 PM","Stabbing","RNDC"
"220752","09/01/2025 10:28:00 PM","Slashing","GRVC"
"220953","09/06/2025 12:25:00 PM","Slashing","OBCC"
"220982","09/06/2025 11:37:00 PM","Stabbing","OBCC"
"221034","09/08/2025 08:28:00 AM","Stabbing","RNDC"
"221054","09/08/2025 04:51:00 PM","Slashing","GRVC"
"221083","09/09/2025 12:37:00 PM","Slashing","RNDC"
"221180","09/11/2025 09:53:00 AM","Stabbing","RESH"
"221191","09/11/2025 12:41:00 PM","Stabbing","RNDC"
"221221","09/11/2025 10:42:00 PM","Slashing","OBCC"
"221238","09/12/2025 12:10:00 PM","Stabbing","OBCC"
"221242","09/12/2025 03:04:00 PM","Slashing","GRVC"
"221260","09/12/2025 09:43:00 PM","Stabbing","OBCC"
"221344","09/15/2025 07:08:00 AM","Stabbing","RNDC"
"221467","09/18/2025 02:11:00 PM","Stabbing","GRVC"
"221477","09/18/2025 06:28:00 PM","Slashing","GRVC"
"221480","09/18/2025 07:16:00 PM","Slashing","GRVC"
"221541","09/20/2025 05:07:00 PM","Stabbing","RESH"
"221662","09/23/2025 12:25:00 PM","Slashing","RESH"
"221762","09/25/2025 04:20:00 PM","Slashing","OBCC"
"221804","09/26/2025 06:50:00 PM","Slashing","OBCC"
"221865","09/28/2025 01:35:00 PM","Stabbing","OBCC"
"221883","09/29/2025 10:49:00 AM","Slashing","GRVC"
"221916","09/29/2025 11:04:00 PM","Stabbing","OBCC"
"221543","09/20/2025 06:30:00 PM","Slashing","RNDC"
"221900","09/29/2025 07:43:00 PM","Slashing","OBCC"
"221927","09/30/2025 11:41:00 AM","Slashing","MNCT"
"221948","09/30/2025 08:00:00 PM","Slashing","OBCC"
"222163","10/05/2025 05:30:00 PM","Slashing","OBCC"
"222176","10/05/2025 10:20:00 PM","Slashing","OBCC"
"222210","10/06/2025 10:26:00 PM","Stabbing","RNDC"
"222277","10/08/2025 08:19:00 AM","Stabbing","GRVC"
"222383","10/09/2025 12:10:00 PM","Slashing","GRVC"
"222440","10/10/2025 08:17:00 PM","Slashing","RNDC"
"222441","10/10/2025 08:17:00 PM","Slashing","RNDC"
"222492","10/11/2025 11:35:00 PM","Slashing","RNDC"
"222521","10/12/2025 09:15:00 PM","Slashing","RNDC"
"222526","10/12/2025 10:26:00 PM","Stabbing","RNDC"
"222601","10/14/2025 09:27:00 PM","Slashing","OBCC"
"222627","10/15/2025 07:34:00 AM","Stabbing","GRVC"
"222632","10/15/2025 08:25:00 AM","Stabbing","GRVC"
"222837","10/19/2025 10:04:00 AM","Slashing","OBCC"
"223006","10/23/2025 08:08:00 AM","Stabbing","OBCC"
"223069","10/24/2025 12:11:00 PM","Stabbing","RNDC"
"223129","10/25/2025 07:59:00 PM","Stabbing","GRVC"
"223192","10/27/2025 08:40:00 PM","Stabbing","RNDC"
"223313","10/30/2025 01:06:00 AM","Slashing","OBCC"
"223002","10/23/2025 07:03:00 AM","Slashing","GRVC"
"223393","10/31/2025 02:15:00 PM","Slashing","RESH"
"223411","11/01/2025 08:30:00 AM","Stabbing","GRVC"
"223617","11/06/2025 12:33:00 AM","Stabbing","OBCC"
"223661","11/06/2025 10:05:00 PM","Slashing","RNDC"
"223662","11/06/2025 10:05:00 PM","Slashing","RNDC"
"223746","11/08/2025 04:24:00 PM","Stabbing","OBCC"
"223768","11/09/2025 08:06:00 AM","Slashing","OBCC"
"223775","11/09/2025 04:53:00 PM","Slashing","OBCC"
"223866","11/11/2025 03:39:00 PM","Stabbing","RNDC"
"223960","11/13/2025 09:35:00 AM","Stabbing","OBCC"
"223994","11/13/2025 06:57:00 PM","Slashing","RESH"
"224063","11/15/2025 09:50:00 AM","Slashing","RESH"
"224241","11/18/2025 10:53:00 PM","Slashing","OBCC"
"224370","11/21/2025 09:42:00 AM","Slashing","RESH"
"224372","11/21/2025 07:38:00 AM","Stabbing","OBCC"
"224525","11/24/2025 08:54:00 PM","Stabbing","RNDC"
"224678","11/28/2025 10:55:00 AM","Slashing","RESH"
"224732","11/29/2025 12:38:00 PM","Slashing","RNDC"
"224761","11/30/2025 10:50:00 AM","Stabbing","RNDC"
"224874","12/02/2025 09:10:00 PM","Stabbing","RNDC"
"224939","12/03/2025 06:57:00 PM","Slashing","RESH"
"225016","12/04/2025 11:22:00 PM","Slashing","GRVC"
"225017","12/04/2025 11:22:00 PM","Stabbing","GRVC"
"225020","12/05/2025 12:43:00 AM","Stabbing","GRVC"
"225059","12/05/2025 10:00:00 PM","Stabbing","RNDC"
"225120","12/07/2025 07:58:00 AM","Stabbing","GRVC"
"225242","12/09/2025 09:49:00 PM","Slashing","RNDC"
"225349","12/11/2025 03:04:00 PM","Stabbing","EMTC"
"225370","12/11/2025 11:19:00 PM","Slashing","OBCC"
"225422","12/12/2025 10:09:00 PM","Slashing","RNDC"
"225423","12/12/2025 10:09:00 PM","Stabbing","RNDC"
"225485","12/14/2025 07:36:00 PM","Stabbing","OBCC"
"225492","12/15/2025 01:13:00 AM","Stabbing","RNDC"
"225570","12/16/2025 11:24:00 PM","Slashing","EMTC"
"225716","12/19/2025 09:00:00 PM","Slashing","RNDC"
"225730","12/20/2025 01:29:00 PM","Slashing","RNDC"
"225763","12/21/2025 09:58:00 AM","Slashing","RNDC"
"225794","12/22/2025 09:46:00 AM","Stabbing","RNDC"
"225861","12/24/2025 01:08:00 AM","Stabbing","OBCC"
"225904","12/25/2025 12:32:00 PM","Stabbing","OBCC"
"225933","12/26/2025 06:46:00 PM","Stabbing","OBCC"
"225935","12/26/2025 05:43:00 PM","Stabbing","RNDC"
"225936","12/26/2025 05:43:00 PM","Stabbing","RNDC"
"225938","12/26/2025 08:33:00 PM","Stabbing","OBCC"
"226002","12/28/2025 12:52:00 PM","Slashing","RESH"
"226070","12/29/2025 04:52:00 PM","Slashing","OBCC"
"226110","12/30/2025 01:21:00 PM","Stabbing","EMTC"
"226206","01/01/2026 11:14:00 AM","Stabbing","OBCC"
"226271","01/03/2026 01:02:00 PM","Slashing","GRVC"
"226398","01/06/2026 07:34:00 PM","Stabbing","GRVC"
"226408","01/06/2026 11:25:00 PM","Stabbing","RMSC"
"226465","01/08/2026 07:09:00 AM","Stabbing","RNDC"
"226480","01/08/2026 03:38:00 PM","Slashing","OBCC"
"226700","01/13/2026 03:10:00 PM","Stabbing","GRVC"
"226791","01/15/2026 10:01:00 AM","Slashing","RNDC"
"226877","01/16/2026 05:51:00 PM","Stabbing","NIC"
"226920","01/17/2026 04:50:00 PM","Slashing","RESH"
"226926","01/17/2026 07:58:00 PM","Stabbing","OBCC"
"226959","01/18/2026 08:44:00 PM","Slashing","RNDC"
"226962","01/18/2026 10:58:00 PM","Slashing","RNDC"
"227009","01/19/2026 09:19:00 PM","Slashing","RNDC"
"227094","01/21/2026 11:14:00 AM","Slashing","RNDC"
"227395","01/28/2026 08:42:00 AM","Slashing","RESH"
"227440","01/28/2026 11:10:00 PM","Slashing","RNDC"
"227467","01/29/2026 02:57:00 PM","Slashing","RNDC"
"227477","01/29/2026 05:27:00 PM","Slashing","RNDC"
"227509","01/30/2026 06:27:00 AM","Slashing","RNDC"
"227613","02/01/2026 11:06:00 PM","Slashing","OBCC"
"227687","02/03/2026 06:28:00 PM","Slashing","RNDC"
"227736","02/04/2026 07:44:00 PM","Stabbing","GRVC"
"227844","02/06/2026 07:41:00 PM","Slashing","OBCC"
"227882","02/08/2026 12:53:00 PM","Stabbing","GRVC"
"227892","02/08/2026 06:49:00 PM","Slashing","RNDC"
"227901","02/08/2026 10:55:00 PM","Stabbing","RNDC"
"227936","02/09/2026 04:55:00 PM","Stabbing","RNDC"
"228140","02/13/2026 11:30:00 PM","Slashing","OBCC"
"228291","02/18/2026 08:21:00 AM","Slashing","OBCC"
"228380","02/20/2026 10:08:00 AM","Slashing","RNDC"
"228432","02/21/2026 10:26:00 PM","Slashing","OBCC"
"228468","02/23/2026 09:05:00 AM","Stabbing","RNDC"
"228533","02/25/2026 08:47:00 AM","Slashing","RMSC"
"228557","02/25/2026 03:43:00 PM","Stabbing","OBCC"
"228558","02/25/2026 03:43:00 PM","Stabbing","OBCC"
"228684","02/27/2026 10:05:00 PM","Stabbing","RNDC"
"227264","01/24/2026 09:10:00 PM","Stabbing","GRVC"
"228395","02/20/2026 04:51:00 PM","Stabbing","OBCC"
"228400","02/20/2026 04:51:00 PM","Stabbing","OBCC"
"228809","03/03/2026 01:59:00 PM","Slashing","GRVC"
"228810","03/03/2026 01:14:00 PM","Stabbing","OBCC"
"228998","03/07/2026 10:11:00 AM","Stabbing","RNDC"
"229002","03/07/2026 11:14:00 AM","Slashing","RNDC"
"229032","03/08/2026 06:20:00 AM","Stabbing","RNDC"
"229044","03/08/2026 07:19:00 PM","Slashing","OBCC"
"229149","03/11/2026 10:44:00 AM","Stabbing","RNDC"
"229169","03/11/2026 09:23:00 PM","Stabbing","GRVC"
"229170","03/11/2026 09:23:00 PM","Stabbing","GRVC"
"229233","03/13/2026 09:18:00 AM","Slashing","RNDC"
"229274","03/13/2026 09:17:00 PM","Slashing","GRVC"
"229320","03/15/2026 01:05:00 PM","Stabbing","WF"
"229339","03/15/2026 09:45:00 PM","Stabbing","GRVC"
"229340","03/15/2026 10:20:00 PM","Slashing","RNDC"
"229582","03/20/2026 02:51:00 PM","Stabbing","NIC"
"229593","03/20/2026 08:29:00 PM","Slashing","RNDC"
"229607","03/21/2026 06:36:00 AM","Stabbing","OBCC"
"229619","03/21/2026 04:06:00 PM","Slashing","GRVC"
"229649","03/22/2026 09:06:00 PM","Slashing","EMTC"
"229656","03/23/2026 08:20:00 AM","Stabbing","OBCC"
"229895","03/28/2026 08:03:00 PM","Stabbing","OBCC"
"229933","03/29/2026 11:05:00 PM","Slashing","RNDC"
"230128","04/02/2026 10:35:00 PM","Slashing","RNDC"
"230255","04/06/2026 12:14:00 PM","Stabbing","RNDC"
"230467","04/11/2026 05:49:00 PM","Slashing","OBCC"
"230472","04/11/2026 09:01:00 PM","Slashing","GRVC"
"230550","04/13/2026 10:50:00 PM","Slashing","OBCC"
"230582","04/14/2026 03:50:00 PM","Slashing","RNDC"
"230592","04/14/2026 06:06:00 PM","Stabbing","GRVC"
"230594","04/14/2026 06:06:00 PM","Stabbing","GRVC"
"230656","04/15/2026 09:11:00 PM","Stabbing","RNDC"
"230657","04/15/2026 09:11:00 PM","Stabbing","RNDC"
"230670","04/16/2026 08:08:00 AM","Stabbing","GRVC"
"230729","04/17/2026 09:14:00 AM","Stabbing","OBCC"
"230775","04/18/2026 06:34:00 PM","Slashing","RNDC"
"230777","04/18/2026 08:02:00 PM","Slashing","GRVC"
"230810","04/20/2026 12:08:00 AM","Slashing","OBCC"
"230848","04/20/2026 07:18:00 PM","Stabbing","RNDC"
"231028","04/23/2026 08:48:00 PM","Stabbing","GRVC"
"231098","04/25/2026 05:40:00 PM","Slashing","OBCC"
"228936","03/05/2026 09:25:00 PM","Slashing","RMSC"
"230271","04/06/2026 11:33:00 PM","Slashing","NIC"
"231088","04/25/2026 10:14:00 AM","Slashing","OBCC"
"231102","04/25/2026 07:13:00 PM","Stabbing","GRVC"
"231120","04/26/2026 08:10:00 AM","Stabbing","EMTC"
"231132","04/26/2026 01:08:00 PM","Slashing","RNDC"
"231210","04/28/2026 05:30:00 PM","Slashing","NIC"
"231216","04/28/2026 04:40:00 PM","Stabbing","RNDC"
"229881","03/28/2026 10:58:00 AM","Slashing","RNDC"
"229889","03/28/2026 03:45:00 PM","Slashing","OBCC"
"231298","04/30/2026 06:45:00 AM","Stabbing","RNDC"
"231377","05/01/2026 02:23:00 PM","Stabbing","RNDC"
"231378","05/01/2026 02:23:00 PM","Stabbing","RNDC"
"231682","05/08/2026 03:42:00 PM","Stabbing","RNDC"
"231683","05/08/2026 03:42:00 PM","Stabbing","RNDC"
"231694","05/08/2026 05:30:00 PM","Stabbing","WF"
"231768","05/10/2026 07:56:00 PM","Stabbing","RNDC"
"231769","05/10/2026 07:56:00 PM","Stabbing","RNDC"
"231772","05/10/2026 10:40:00 PM","Stabbing","GRVC"
"231855","05/12/2026 02:03:00 PM","Slashing","RNDC"
"231880","05/12/2026 11:33:00 PM","Slashing","GRVC"
"231913","05/13/2026 12:40:00 PM","Slashing","GRVC"
"231979","05/14/2026 06:26:00 PM","Stabbing","GRVC"
"232078","05/16/2026 09:00:00 PM","Slashing","RNDC"
"232123","05/18/2026 12:06:00 AM","Slashing","OBCC"
"232214","05/20/2026 04:13:00 AM","Stabbing","OBCC"
"232259","05/20/2026 11:16:00 PM","Stabbing","RNDC"
"232275","05/21/2026 07:30:00 AM","Stabbing","OBCC"
"232372","05/22/2026 10:40:00 PM","Stabbing","OBCC"
"232408","05/23/2026 07:50:00 PM","Stabbing","GRVC"
"232492","05/26/2026 01:30:00 PM","Stabbing","RNDC"
"232511","05/26/2026 06:48:00 PM","Slashing","GRVC"
"232523","05/26/2026 11:10:00 PM","Slashing","OBCC"
"232665","05/29/2026 07:15:00 PM","Stabbing","OBCC"
"232666","05/29/2026 07:15:00 PM","Stabbing","OBCC"
"232696","05/31/2026 07:21:00 AM","Slashing","OBCC"
"232726","05/31/2026 09:54:00 PM","Slashing","RNDC"
"232843","06/03/2026 10:02:00 AM","Slashing","RESH"
"232872","06/03/2026 07:14:00 PM","Stabbing","OBCC"
"232873","06/03/2026 07:14:00 PM","Stabbing","OBCC"
"232894","06/04/2026 09:37:00 AM","Stabbing","OBCC"
"232921","06/04/2026 05:34:00 PM","Slashing","RESH"
"232923","06/04/2026 05:34:00 PM","Slashing","RESH"
"233012","06/06/2026 07:05:00 PM","Slashing","OBCC"
"233036","06/07/2026 02:41:00 PM","Slashing","OBCC"
"233039","06/07/2026 05:59:00 PM","Slashing","GRVC"
"233046","06/07/2026 09:29:00 PM","Slashing","RNDC"
"233063","06/08/2026 12:37:00 PM","Slashing","GRVC"
"233138","06/09/2026 07:43:00 PM","Slashing","RESH"
"233164","06/10/2026 09:40:00 AM","Stabbing","EMTC"
"233178","06/10/2026 04:41:00 PM","Slashing","RMSC"
"233277","06/13/2026 12:15:00 AM","Slashing","RNDC"
"233281","06/13/2026 12:47:00 AM","Slashing","GRVC"
"233297","06/13/2026 12:25:00 PM","Slashing","EMTC"
"233341","06/14/2026 10:29:00 PM","Stabbing","RNDC"
"233342","06/14/2026 10:29:00 PM","Stabbing","RNDC"
"233356","06/15/2026 10:10:00 AM","Stabbing","RNDC"
"233378","06/15/2026 08:50:00 PM","Stabbing","GRVC"
"233381","06/15/2026 10:38:00 PM","Stabbing","OBCC"
"233453","06/17/2026 12:40:00 AM","Stabbing","GRVC"
"233458","06/17/2026 02:45:00 AM","Stabbing","GRVC"
"233489","06/17/2026 05:32:00 PM","Slashing","OBCC"
"233491","06/17/2026 05:32:00 PM","Stabbing","OBCC"
"233515","06/18/2026 07:05:00 AM","Stabbing","RNDC"
"233537","06/18/2026 02:00:00 PM","Stabbing","RESH"
"233539","06/18/2026 03:54:00 PM","Stabbing","OBCC"
"233614","06/20/2026 02:26:00 PM","Slashing","GRVC"
"233640","06/21/2026 11:10:00 AM","Stabbing","RNDC"
"233645","06/21/2026 03:05:00 PM","Stabbing","OBCC"
"233676","06/22/2026 03:09:00 PM","Stabbing","OBCC"
"233706","06/23/2026 07:54:00 AM","Slashing","OBCC"
"233711","06/23/2026 08:56:00 AM","Stabbing","GRVC"
"233754","06/24/2026 06:32:00 AM","Slashing","OBCC"
"233775","06/24/2026 05:03:00 PM","Stabbing","RNDC"
"233776","06/24/2026 05:03:00 PM","Stabbing","RNDC"
"233782","06/24/2026 09:52:00 PM","Slashing","OBCC"
"233867","06/26/2026 11:00:00 AM","Slashing","GRVC"
"233879","06/26/2026 02:32:00 PM","Stabbing","OBCC"
"233924","06/27/2026 07:20:00 PM","Slashing","OBCC"
"233941","06/28/2026 08:58:00 AM","Stabbing","OBCC"
"233958","06/28/2026 03:19:00 PM","Slashing","OBCC"
"231207","04/28/2026 03:40:00 PM","Slashing","RNDC"
"231691","05/08/2026 07:32:00 PM","Slashing","GRVC"
"231720","05/09/2026 12:30:00 PM","Slashing","OBCC"
"232491","05/26/2026 01:30:00 PM","Stabbing","RNDC"
